-- phpMyAdmin SQL Dump
-- version 4.1.14
-- http://www.phpmyadmin.net
--
-- Host: 127.0.0.1
-- Generation Time: 2014-07-02 12:02:11
-- 服务器版本： 5.6.17
-- PHP Version: 5.5.12

SET SQL_MODE = "NO_AUTO_VALUE_ON_ZERO";
SET time_zone = "+00:00";


/*!40101 SET @OLD_CHARACTER_SET_CLIENT=@@CHARACTER_SET_CLIENT */;
/*!40101 SET @OLD_CHARACTER_SET_RESULTS=@@CHARACTER_SET_RESULTS */;
/*!40101 SET @OLD_COLLATION_CONNECTION=@@COLLATION_CONNECTION */;
/*!40101 SET NAMES utf8 */;

--
-- Database: `cms`
--

-- --------------------------------------------------------

--
-- 表的结构 `v9_admin`
--

CREATE TABLE IF NOT EXISTS `v9_admin` (
  `userid` mediumint(6) unsigned NOT NULL AUTO_INCREMENT,
  `username` varchar(20) DEFAULT NULL,
  `password` varchar(32) DEFAULT NULL,
  `roleid` smallint(5) DEFAULT '0',
  `encrypt` varchar(6) DEFAULT NULL,
  `lastloginip` varchar(15) DEFAULT NULL,
  `lastlogintime` int(10) unsigned DEFAULT '0',
  `email` varchar(40) DEFAULT NULL,
  `realname` varchar(50) NOT NULL DEFAULT '',
  `card` varchar(255) NOT NULL,
  `lang` varchar(6) NOT NULL,
  PRIMARY KEY (`userid`),
  KEY `username` (`username`)
) ENGINE=MyISAM  DEFAULT CHARSET=utf8 AUTO_INCREMENT=13 ;

--
-- 转存表中的数据 `v9_admin`
--

INSERT INTO `v9_admin` (`userid`, `username`, `password`, `roleid`, `encrypt`, `lastloginip`, `lastlogintime`, `email`, `realname`, `card`, `lang`) VALUES
(1, 'phpcms', '1101e03f3048045aa1054df9e4090243', 1, '1kTXFH', '59.78.196.47', 1403910097, 'admin@admin.com', 'administrator', '', 'zh-cn'),
(2, 'admin', '1a751aad34dfab7196061816dd83bf6f', 4, '8GkDbe', '222.129.233.133', 1392896727, 'admin@qq.com', 'admin1', '', ''),
(3, 'operator', '1aa251b7bcb9f46b41ab3f1f0bc07510', 3, 'V3ZNCe', '222.129.233.133', 1392896425, 'operator@qq.com', '张三', '', ''),
(4, 'editor', '3edfa3239fdf22fc54339b6a5f6aed9f', 5, '7i6DLm', '114.252.57.228', 1392192923, 'editor@qq.com', '李四', '', ''),
(5, 'doraprince', '26e5d78ba5329c51ecfdc9ffeeb76fd7', 1, 'Q5vNar', '', 1404294966, 'doraprince@sina.com', 'dora', '', ''),
(7, 'master', '1c1627627cf3ba45b04fc0e790e38f0b', 1, '6ClvGh', '219.228.134.199', 1404182010, '775335976@qq.com', 'master', '', ''),
(8, 'yangli', 'cdd88aebce67e3061ca0b1657fdd1440', 2, 'tp4VVx', NULL, 0, 'yangli@qq.com', '杨丽', '', ''),
(9, 'hafo', '3c60707bbf6c693b08143055fd1565c2', 8, 'pxgPQP', '123.123.111.175', 1402123331, 'hafo@qq.com', '哈佛管理员', '', ''),
(11, 'qhfz', '3fcbf39717de5e8bf5a6eec1c9e6b67f', 10, '12PlQp', '219.228.134.199', 1403596978, 'qhfz@qq.com', '清华附中', '', ''),
(12, 'liufeihong', '8e42a79ec9d75f5c6f570c80eaee226f', 1, 'rfms6z', '172.28.67.155', 1403600497, 'liufeihong@qq.com', '刘飞宏', '', '');

-- --------------------------------------------------------

--
-- 表的结构 `v9_admin_panel`
--

CREATE TABLE IF NOT EXISTS `v9_admin_panel` (
  `menuid` mediumint(8) unsigned NOT NULL,
  `userid` mediumint(8) unsigned NOT NULL DEFAULT '0',
  `name` char(32) DEFAULT NULL,
  `url` char(255) DEFAULT NULL,
  `datetime` int(10) unsigned DEFAULT '0',
  UNIQUE KEY `userid` (`menuid`,`userid`)
) ENGINE=MyISAM DEFAULT CHARSET=utf8;

--
-- 转存表中的数据 `v9_admin_panel`
--

INSERT INTO `v9_admin_panel` (`menuid`, `userid`, `name`, `url`, `datetime`) VALUES
(4, 1, 'content', '?m=content&c=content&a=init&', 1386080066),
(839, 7, 'member_setting', '?m=member&c=member_setting&a=manage&', 1400738024);

-- --------------------------------------------------------

--
-- 表的结构 `v9_admin_role`
--

CREATE TABLE IF NOT EXISTS `v9_admin_role` (
  `roleid` tinyint(3) unsigned NOT NULL AUTO_INCREMENT,
  `rolename` varchar(50) NOT NULL,
  `description` text NOT NULL,
  `listorder` smallint(5) unsigned NOT NULL DEFAULT '0',
  `disabled` tinyint(1) unsigned NOT NULL DEFAULT '0',
  PRIMARY KEY (`roleid`),
  KEY `listorder` (`listorder`),
  KEY `disabled` (`disabled`)
) ENGINE=MyISAM  DEFAULT CHARSET=utf8 AUTO_INCREMENT=11 ;

--
-- 转存表中的数据 `v9_admin_role`
--

INSERT INTO `v9_admin_role` (`roleid`, `rolename`, `description`, `listorder`, `disabled`) VALUES
(1, '超级管理员', '超级管理员', 0, 0),
(2, '站点管理员', '站点管理员', 0, 0),
(3, '运营总监', '运营总监', 1, 0),
(4, '总编', '总编', 5, 0),
(5, '编辑', '编辑', 1, 0),
(7, '发布人员', '发布人员', 0, 0),
(8, '哈佛大学', '哈佛大学', 1, 0),
(9, '香港大学', '香港大学', 2, 0),
(10, '清华附中管理员', '清华附中管理员', 6, 0);

-- --------------------------------------------------------

--
-- 表的结构 `v9_admin_role_priv`
--

CREATE TABLE IF NOT EXISTS `v9_admin_role_priv` (
  `roleid` tinyint(3) unsigned NOT NULL DEFAULT '0',
  `m` char(20) NOT NULL,
  `c` char(20) NOT NULL,
  `a` char(20) NOT NULL,
  `data` char(30) NOT NULL DEFAULT '',
  `siteid` smallint(5) unsigned NOT NULL DEFAULT '0',
  KEY `roleid` (`roleid`,`m`,`c`,`a`,`siteid`)
) ENGINE=MyISAM DEFAULT CHARSET=utf8;

--
-- 转存表中的数据 `v9_admin_role_priv`
--

INSERT INTO `v9_admin_role_priv` (`roleid`, `m`, `c`, `a`, `data`, `siteid`) VALUES
(4, 'collection', 'node', 'col_url_list', '', 1),
(4, 'collection', 'node', 'del', '', 1),
(4, 'collection', 'node', 'edit', '', 1),
(4, 'collection', 'node', 'import', '', 1),
(4, 'block', 'block_admin', 'history_del', '', 1),
(4, 'collection', 'node', 'publist', '', 1),
(4, 'special', 'special', 'create_special_list', '', 1),
(4, 'collection', 'node', 'manage', '', 1),
(4, 'collection', 'node', 'col_content', '', 1),
(4, 'collection', 'node', 'node_import', '', 1),
(4, 'block', 'block_admin', 'block_update', '', 1),
(4, 'collection', 'node', 'add', '', 1),
(4, 'admin', 'category', 'count_items', '', 1),
(4, 'admin', 'category', 'batch_edit', '', 1),
(4, 'admin', 'category', 'add', 's=2', 1),
(4, 'content', 'sitemodel', 'add', '', 1),
(4, 'content', 'sitemodel', 'init', '', 1),
(4, 'content', 'content', 'init', '', 1),
(4, 'content', 'content', 'delete', '', 1),
(4, 'content', 'push', 'init', '', 1),
(4, 'content', 'content', 'init', '', 1),
(4, 'content', 'content', 'edit', '', 1),
(4, 'content', 'content', 'move', '', 1),
(4, 'content', 'content', 'init', '', 1),
(4, 'attachment', 'manage', 'init', '', 1),
(4, 'attachment', 'address', 'init', '', 1),
(4, 'content', 'content', 'listorder', '', 1),
(4, 'attachment', 'manage', 'dir', '', 1),
(4, 'attachment', 'manage', 'init', '', 1),
(4, 'content', 'create_html', 'batch_show', '', 1),
(4, 'content', 'content', 'add', '', 1),
(4, 'attachment', 'address', 'update', '', 1),
(4, 'content', 'content', 'pass', '', 1),
(4, 'content', 'content', 'add_othors', '', 1),
(4, 'admin', 'position', 'add', '', 1),
(4, 'admin', 'category', 'add', 's=1', 1),
(4, 'admin', 'category', 'add', 's=0', 1),
(4, 'admin', 'category', 'edit', '', 1),
(4, 'admin', 'category', 'public_cache', 'module=admin', 1),
(4, 'admin', 'position', 'edit', '', 1),
(4, 'admin', 'category', 'init', 'module=admin', 1),
(4, 'collection', 'node', 'import_content', '', 1),
(4, 'admin', 'position', 'init', '', 1),
(4, 'release', 'index', 'del', '', 1),
(4, 'content', 'create_html', 'show', '', 1),
(4, 'content', 'create_html', 'public_index', '', 1),
(4, 'collection', 'node', 'import_program_add', '', 1),
(4, 'collection', 'node', 'import_program_del', '', 1),
(4, 'release', 'index', 'failed', '', 1),
(4, 'content', 'content_settings', 'init', '', 1),
(4, 'release', 'index', 'init', '', 1),
(4, 'content', 'create_html', 'update_urls', '', 1),
(4, 'content', 'create_html', 'category', '', 1),
(4, 'comment', 'check', 'checks', '', 1),
(4, 'comment', 'comment_admin', 'listinfo', '', 1),
(4, 'release', 'html', 'init', '', 1),
(4, 'collection', 'node', 'copy', '', 1),
(4, 'collection', 'node', 'content_del', '', 1),
(4, 'special', 'special', 'init', '', 1),
(4, 'special', 'special', 'init', '', 1),
(4, 'special', 'special', 'add', '', 1),
(4, 'special', 'special', 'edit', '', 1),
(4, 'block', 'block_admin', 'add', '', 1),
(4, 'block', 'block_admin', 'init', '', 1),
(4, 'block', 'block_admin', 'del', '', 1),
(4, 'block', 'block_admin', 'edit', '', 1),
(4, 'collection', 'node', 'export', '', 1),
(4, 'block', 'block_admin', 'history_restore', '', 1),
(4, 'content', 'sitemodel', 'import', '', 1),
(4, 'content', 'sitemodel', 'edit', '', 1),
(4, 'content', 'sitemodel_field', 'init', '', 1),
(4, 'content', 'sitemodel', 'delete', '', 1),
(4, 'content', 'create_html', 'public_index', '', 1),
(4, 'content', 'sitemodel', 'export', '', 1),
(4, 'content', 'sitemodel', 'disabled', '', 1),
(4, 'content', 'type_manage', 'edit', '', 1),
(4, 'content', 'type_manage', 'delete', '', 1),
(4, 'content', 'type_manage', 'init', '', 1),
(4, 'content', 'type_manage', 'add', '', 1),
(4, 'special', 'content', 'init', '', 1),
(4, 'special', 'special', 'html', '', 1),
(4, 'special', 'content', 'edit', '', 1),
(4, 'special', 'content', 'add', '', 1),
(4, 'special', 'content', 'listorder', '', 1),
(4, 'special', 'special', 'import', '', 1),
(4, 'special', 'album', 'import', '', 1),
(4, 'special', 'content', 'delete', '', 1),
(4, 'special', 'special', 'elite', '', 1),
(4, 'special', 'content', 'init', '', 1),
(4, 'special', 'special', 'listorder', '', 1),
(4, 'special', 'special', 'delete', '', 1),
(5, 'content', 'type_manage', 'edit', '', 1),
(5, 'content', 'type_manage', 'delete', '', 1),
(5, 'content', 'type_manage', 'add', '', 1),
(5, 'content', 'type_manage', 'init', '', 1),
(5, 'content', 'sitemodel', 'export', '', 1),
(5, 'content', 'sitemodel', 'delete', '', 1),
(5, 'content', 'sitemodel', 'disabled', '', 1),
(5, 'content', 'sitemodel', 'edit', '', 1),
(5, 'content', 'sitemodel_field', 'init', '', 1),
(5, 'content', 'sitemodel', 'import', '', 1),
(5, 'content', 'sitemodel', 'add', '', 1),
(5, 'content', 'sitemodel', 'init', '', 1),
(5, 'admin', 'category', 'batch_edit', '', 1),
(5, 'admin', 'category', 'count_items', '', 1),
(5, 'admin', 'category', 'add', 's=2', 1),
(5, 'admin', 'category', 'add', 's=1', 1),
(5, 'admin', 'category', 'public_cache', 'module=admin', 1),
(5, 'admin', 'category', 'edit', '', 1),
(5, 'admin', 'category', 'add', 's=0', 1),
(5, 'admin', 'category', 'init', 'module=admin', 1),
(5, 'admin', 'position', 'edit', '', 1),
(5, 'admin', 'position', 'add', '', 1),
(5, 'admin', 'position', 'init', '', 1),
(5, 'content', 'content_settings', 'init', '', 1),
(5, 'content', 'content', 'clear_data', '', 1),
(5, 'content', 'create_html', 'public_index', '', 1),
(5, 'content', 'create_html', 'category', '', 1),
(5, 'content', 'create_html', 'update_urls', '', 1),
(5, 'content', 'create_html', 'show', '', 1),
(5, 'release', 'index', 'del', '', 1),
(5, 'release', 'index', 'failed', '', 1),
(5, 'release', 'index', 'init', '', 1),
(5, 'release', 'html', 'init', '', 1),
(5, 'comment', 'check', 'checks', '', 1),
(5, 'comment', 'comment_admin', 'listinfo', '', 1),
(5, 'collection', 'node', 'import_content', '', 1),
(5, 'collection', 'node', 'import_program_del', '', 1),
(5, 'collection', 'node', 'import_program_add', '', 1),
(5, 'collection', 'node', 'content_del', '', 1),
(5, 'collection', 'node', 'copy', '', 1),
(5, 'collection', 'node', 'import', '', 1),
(5, 'collection', 'node', 'col_content', '', 1),
(5, 'collection', 'node', 'export', '', 1),
(5, 'collection', 'node', 'node_import', '', 1),
(5, 'collection', 'node', 'publist', '', 1),
(5, 'collection', 'node', 'col_url_list', '', 1),
(5, 'collection', 'node', 'del', '', 1),
(5, 'collection', 'node', 'edit', '', 1),
(5, 'collection', 'node', 'add', '', 1),
(5, 'collection', 'node', 'manage', '', 1),
(5, 'block', 'block_admin', 'history_del', '', 1),
(5, 'block', 'block_admin', 'history_restore', '', 1),
(5, 'block', 'block_admin', 'block_update', '', 1),
(5, 'block', 'block_admin', 'del', '', 1),
(5, 'block', 'block_admin', 'edit', '', 1),
(5, 'block', 'block_admin', 'add', '', 1),
(5, 'block', 'block_admin', 'init', '', 1),
(5, 'special', 'special', 'create_special_list', '', 1),
(5, 'special', 'special', 'html', '', 1),
(5, 'special', 'album', 'import', '', 1),
(5, 'special', 'special', 'import', '', 1),
(5, 'special', 'content', 'listorder', '', 1),
(5, 'special', 'content', 'delete', '', 1),
(5, 'special', 'content', 'edit', '', 1),
(5, 'special', 'content', 'init', '', 1),
(5, 'special', 'content', 'add', '', 1),
(5, 'special', 'content', 'init', '', 1),
(5, 'special', 'special', 'listorder', '', 1),
(5, 'special', 'special', 'delete', '', 1),
(5, 'special', 'special', 'elite', '', 1),
(5, 'special', 'special', 'init', '', 1),
(5, 'special', 'special', 'edit', '', 1),
(5, 'special', 'special', 'add', '', 1),
(5, 'special', 'special', 'init', '', 1),
(5, 'attachment', 'address', 'update', '', 1),
(5, 'attachment', 'address', 'init', '', 1),
(5, 'attachment', 'manage', 'init', '', 1),
(5, 'attachment', 'manage', 'dir', '', 1),
(5, 'attachment', 'manage', 'init', '', 1),
(5, 'content', 'content', 'listorder', '', 1),
(5, 'content', 'create_html', 'batch_show', '', 1),
(5, 'content', 'content', 'delete', '', 1),
(5, 'content', 'content', 'add_othors', '', 1),
(5, 'content', 'content', 'move', '', 1),
(5, 'content', 'push', 'init', '', 1),
(5, 'content', 'content', 'edit', '', 1),
(5, 'content', 'content', 'pass', '', 1),
(5, 'content', 'content', 'add', '', 1),
(5, 'content', 'content', 'init', '', 1),
(5, 'content', 'content', 'init', '', 1),
(5, 'content', 'content', 'init', '', 1),
(5, 'content', 'create_html', 'public_index', '', 1),
(7, 'content', 'content', 'add', '', 1),
(7, 'content', 'create_html', 'batch_show', '', 1),
(7, 'attachment', 'manage', 'init', '', 1),
(7, 'attachment', 'manage', 'dir', '', 1),
(7, 'attachment', 'manage', 'init', '', 1),
(7, 'attachment', 'address', 'init', '', 1),
(7, 'content', 'content', 'listorder', '', 1),
(7, 'content', 'content', 'init', '', 1),
(7, 'content', 'content', 'move', '', 1),
(7, 'content', 'content', 'edit', '', 1),
(7, 'content', 'content', 'init', '', 1),
(7, 'content', 'push', 'init', '', 1),
(7, 'content', 'content', 'delete', '', 1),
(7, 'content', 'content', 'init', '', 1),
(7, 'content', 'type_manage', 'init', '', 1),
(7, 'content', 'type_manage', 'add', '', 1),
(7, 'content', 'sitemodel', 'delete', '', 1),
(7, 'content', 'sitemodel', 'export', '', 1),
(7, 'content', 'sitemodel', 'disabled', '', 1),
(7, 'collection', 'node', 'add', '', 1),
(7, 'block', 'block_admin', 'block_update', '', 1),
(7, 'collection', 'node', 'node_import', '', 1),
(7, 'collection', 'node', 'col_content', '', 1),
(7, 'collection', 'node', 'manage', '', 1),
(7, 'special', 'special', 'create_special_list', '', 1),
(7, 'collection', 'node', 'publist', '', 1),
(7, 'block', 'block_admin', 'history_del', '', 1),
(7, 'collection', 'node', 'import', '', 1),
(7, 'collection', 'node', 'col_url_list', '', 1),
(7, 'collection', 'node', 'del', '', 1),
(7, 'collection', 'node', 'edit', '', 1),
(2, 'video', 'batch_upload', 'init', '', 1),
(2, 'video', 'video', 'init', '', 1),
(2, 'admin', 'phpsso', 'menu', '', 1),
(2, 'admin', 'info', 'init', '', 1),
(2, 'upgrade', 'index', 'checkfile', '', 1),
(2, 'upgrade', 'index', 'init', '', 1),
(2, 'member', 'member_menu', 'delete', '', 1),
(2, 'member', 'member_menu', 'edit', '', 1),
(2, 'member', 'member_menu', 'add', '', 1),
(2, 'member', 'member_menu', 'manage', '', 1),
(2, 'admin', 'copyfrom', 'init', '', 1),
(2, 'scan', 'index', 'md5_creat', '', 1),
(2, 'scan', 'index', 'scan_report', '', 1),
(2, 'scan', 'index', 'init', '', 1),
(2, 'admin', 'cache_all', 'init', '', 1),
(2, 'admin', 'log', 'delete', '', 1),
(2, 'admin', 'log', 'init', '', 1),
(2, 'admin', 'downservers', 'init', '', 1),
(2, 'admin', 'ipbanned', 'delete', '', 1),
(2, 'admin', 'ipbanned', 'add', '', 1),
(2, 'admin', 'ipbanned', 'init', '', 1),
(2, 'admin', 'keylink', 'edit', '', 1),
(2, 'admin', 'keylink', 'delete', '', 1),
(2, 'admin', 'keylink', 'add', '', 1),
(2, 'admin', 'keylink', 'init', '', 1),
(2, 'admin', 'googlesitemap', 'set', '', 1),
(2, 'admin', 'urlrule', 'delete', '', 1),
(2, 'admin', 'urlrule', 'edit', '', 1),
(2, 'admin', 'urlrule', 'add', '', 1),
(2, 'admin', 'urlrule', 'init', '', 1),
(2, 'admin', 'database', 'import', '', 1),
(2, 'admin', 'database', 'export', '', 1),
(2, 'admin', 'database', 'export', '', 1),
(2, 'content', 'workflow', 'delete', '', 1),
(2, 'content', 'workflow', 'edit', '', 1),
(2, 'content', 'workflow', 'add', '', 1),
(2, 'content', 'workflow', 'init', '', 1),
(2, 'admin', 'linkage', 'add', '', 1),
(2, 'admin', 'linkage', 'init', '', 1),
(2, 'admin', 'badword', 'delete', '', 1),
(2, 'admin', 'badword', 'edit', '', 1),
(2, 'admin', 'badword', 'add', '', 1),
(2, 'admin', 'badword', 'import', '', 1),
(2, 'admin', 'badword', 'export', '', 1),
(2, 'admin', 'badword', 'init', '', 1),
(2, 'admin', 'menu', 'delete', '', 1),
(2, 'admin', 'menu', 'edit', '', 1),
(2, 'admin', 'menu', 'add', '', 1),
(2, 'admin', 'menu', 'init', '', 1),
(2, 'admin', 'extend_all', 'init', '', 1),
(2, 'admin', 'extend', 'init_extend', '', 1),
(2, 'content', 'create_html', 'public_index', '', 1),
(2, 'content', 'create_html_opt', 'index', '', 1),
(2, 'admin', 'admin_manage', 'public_edit_info', '', 1),
(2, 'admin', 'admin_manage', 'public_edit_pwd', '', 1),
(2, 'admin', 'admin_manage', 'init', '', 1),
(2, 'admin', 'index', 'public_main', '', 1),
(2, 'tag', 'tag', 'lists', '', 1),
(2, 'tag', 'tag', 'del', '', 1),
(2, 'tag', 'tag', 'edit', '', 1),
(2, 'tag', 'tag', 'add', '', 1),
(2, 'tag', 'tag', 'init', '', 1),
(2, 'template', 'template_bak', 'del', '', 1),
(2, 'template', 'template_bak', 'restore', '', 1),
(2, 'template', 'template_bak', 'init', '', 1),
(2, 'template', 'file', 'edit_pc_tag', '', 1),
(2, 'template', 'file', 'visualization', '', 1),
(2, 'template', 'file', 'edit_file', '', 1),
(2, 'template', 'file', 'add_file', '', 1),
(2, 'template', 'file', 'edit_file', '', 1),
(2, 'template', 'file', 'init', '', 1),
(2, 'template', 'style', 'updatename', '', 1),
(2, 'template', 'style', 'disable', '', 1),
(2, 'template', 'file', 'init', '', 1),
(2, 'template', 'style', 'export', '', 1),
(2, 'template', 'style', 'import', '', 1),
(2, 'template', 'style', 'init', '', 1),
(2, 'template', 'style', 'init', '', 1),
(2, 'member', 'member_model', 'move', '', 1),
(2, 'member', 'member_model', 'sort', '', 1),
(2, 'member', 'member_model', 'export', '', 1),
(2, 'member', 'member_modelfield', 'manage', '', 1),
(2, 'member', 'member_modelfield', 'delete', '', 1),
(2, 'member', 'member_modelfield', 'edit', '', 1),
(2, 'member', 'member_modelfield', 'add', '', 1),
(2, 'member', 'member_model', 'edit', '', 1),
(2, 'member', 'member_model', 'delete', '', 1),
(2, 'member', 'member_model', 'add', '', 1),
(2, 'member', 'member_model', 'manage', '', 1),
(2, 'member', 'member_model', 'import', '', 1),
(2, 'member', 'member_model', 'manage', '', 1),
(2, 'member', 'member_group', 'sort', '', 1),
(2, 'member', 'member_group', 'delete', '', 1),
(2, 'member', 'member_group', 'edit', '', 1),
(2, 'member', 'member_group', 'add', '', 1),
(2, 'member', 'member_group', 'manage', '', 1),
(2, 'member', 'member_group', 'manage', '', 1),
(2, 'member', 'member_setting', 'manage', '', 1),
(2, 'member', 'member', 'memberinfo', '', 1),
(2, 'member', 'member', 'edit', '', 1),
(2, 'member', 'member', 'search', '', 1),
(2, 'member', 'member', 'delete', '', 1),
(2, 'member', 'member', 'move', '', 1),
(2, 'member', 'member', 'unlock', '', 1),
(2, 'member', 'member', 'lock', '', 1),
(2, 'member', 'member', 'add', '', 1),
(2, 'member', 'member', 'manage', '', 1),
(2, 'member', 'member_verify', 'modelinfo', '', 1),
(2, 'member', 'member_verify', 'reject', '', 1),
(2, 'member', 'member_verify', 'ignore', '', 1),
(2, 'member', 'member_verify', 'delete', '', 1),
(2, 'member', 'member_verify', 'pass', '', 1),
(2, 'member', 'member_verify', 'manage', 's=5', 1),
(2, 'member', 'member_verify', 'manage', 's=4', 1),
(2, 'member', 'member_verify', 'manage', 's=3', 1),
(2, 'member', 'member_verify', 'manage', 's=1', 1),
(2, 'member', 'member_verify', 'manage', 's=2', 1),
(2, 'member', 'member_verify', 'manage', 's=0', 1),
(2, 'member', 'member', 'manage', '', 1),
(2, 'member', 'member', 'init', '', 1),
(2, 'content', 'type_manage', 'edit', '', 1),
(2, 'content', 'type_manage', 'delete', '', 1),
(2, 'content', 'type_manage', 'add', '', 1),
(2, 'content', 'type_manage', 'init', '', 1),
(2, 'content', 'sitemodel', 'export', '', 1),
(2, 'content', 'sitemodel', 'delete', '', 1),
(2, 'content', 'sitemodel', 'disabled', '', 1),
(2, 'content', 'sitemodel', 'edit', '', 1),
(2, 'content', 'sitemodel_field', 'init', '', 1),
(2, 'content', 'sitemodel', 'import', '', 1),
(2, 'content', 'sitemodel', 'add', '', 1),
(2, 'content', 'sitemodel', 'init', '', 1),
(2, 'admin', 'category', 'batch_edit', '', 1),
(8, 'collection', 'node', 'export', '', 1),
(8, 'collection', 'node', 'node_import', '', 1),
(8, 'collection', 'node', 'publist', '', 1),
(8, 'collection', 'node', 'import_program_add', '', 1),
(8, 'collection', 'node', 'edit', '', 1),
(8, 'collection', 'node', 'col_content', '', 1),
(8, 'block', 'block_admin', 'edit', '', 1),
(8, 'collection', 'node', 'del', '', 1),
(8, 'collection', 'node', 'content_del', '', 1),
(8, 'collection', 'node', 'import', '', 1),
(8, 'collection', 'node', 'manage', '', 1),
(8, 'collection', 'node', 'col_url_list', '', 1),
(8, 'content', 'type_manage', 'add', '', 1),
(8, 'content', 'type_manage', 'delete', '', 1),
(8, 'content', 'type_manage', 'init', '', 1),
(8, 'content', 'create_html', 'public_index', '', 1),
(8, 'content', 'type_manage', 'edit', '', 1),
(8, 'content', 'content', 'edit', '', 1),
(8, 'attachment', 'manage', 'init', '', 1),
(8, 'content', 'content', 'delete', '', 1),
(8, 'content', 'content', 'pass', '', 1),
(8, 'content', 'content', 'add_othors', '', 1),
(8, 'content', 'create_html', 'batch_show', '', 1),
(8, 'content', 'content', 'add', '', 1),
(8, 'attachment', 'address', 'init', '', 1),
(8, 'special', 'special', 'add', '', 1),
(8, 'attachment', 'manage', 'init', '', 1),
(8, 'attachment', 'address', 'update', '', 1),
(8, 'special', 'special', 'init', '', 1),
(8, 'attachment', 'manage', 'dir', '', 1),
(8, 'content', 'push', 'init', '', 1),
(8, 'special', 'special', 'edit', '', 1),
(8, 'content', 'content', 'move', '', 1),
(8, 'content', 'content', 'listorder', '', 1),
(8, 'content', 'sitemodel', 'add', '', 1),
(8, 'content', 'sitemodel', 'export', '', 1),
(8, 'content', 'sitemodel', 'edit', '', 1),
(8, 'content', 'sitemodel', 'disabled', '', 1),
(8, 'content', 'sitemodel', 'delete', '', 1),
(8, 'content', 'sitemodel', 'import', '', 1),
(8, 'content', 'sitemodel_field', 'init', '', 1),
(8, 'release', 'html', 'init', '', 1),
(8, 'content', 'sitemodel', 'init', '', 1),
(8, 'content', 'create_html', 'category', '', 1),
(8, 'content', 'create_html', 'public_index', '', 1),
(8, 'admin', 'position', 'add', '', 1),
(8, 'comment', 'comment_admin', 'listinfo', '', 1),
(8, 'comment', 'check', 'checks', '', 1),
(8, 'content', 'create_html', 'update_urls', '', 1),
(8, 'admin', 'position', 'edit', '', 1),
(8, 'content', 'create_html', 'show', '', 1),
(8, 'content', 'content_settings', 'init', '', 1),
(8, 'admin', 'position', 'init', '', 1),
(8, 'release', 'index', 'failed', '', 1),
(8, 'release', 'index', 'init', '', 1),
(8, 'release', 'index', 'del', '', 1),
(8, 'collection', 'node', 'import_program_del', '', 1),
(8, 'collection', 'node', 'import_content', '', 1),
(8, 'special', 'special', 'listorder', '', 1),
(8, 'special', 'special', 'init', '', 1),
(8, 'special', 'special', 'elite', '', 1),
(8, 'special', 'special', 'delete', '', 1),
(8, 'block', 'block_admin', 'block_update', '', 1),
(8, 'block', 'block_admin', 'del', '', 1),
(8, 'block', 'block_admin', 'history_del', '', 1),
(8, 'block', 'block_admin', 'history_restore', '', 1),
(8, 'collection', 'node', 'copy', '', 1),
(8, 'collection', 'node', 'add', '', 1),
(8, 'video', 'video', 'init', '', 1),
(8, 'video', 'batch_upload', 'init', '', 1),
(8, 'video', 'batch_upload', 'init', '', 1),
(10, 'content', 'content', 'add', '', 1),
(10, 'attachment', 'manage', 'dir', '', 1),
(10, 'attachment', 'address', 'init', '', 1),
(10, 'content', 'content', 'init', '', 1),
(10, 'content', 'content', 'pass', '', 1),
(10, 'content', 'content', 'move', '', 1),
(10, 'release', 'html', 'init', '', 1),
(10, 'attachment', 'manage', 'init', '', 1),
(8, 'special', 'content', 'listorder', '', 1),
(8, 'block', 'block_admin', 'add', '', 1),
(8, 'special', 'special', 'import', '', 1),
(8, 'special', 'content', 'delete', '', 1),
(8, 'special', 'special', 'html', '', 1),
(8, 'special', 'special', 'create_special_list', '', 1),
(8, 'block', 'block_admin', 'init', '', 1),
(8, 'special', 'album', 'import', '', 1),
(8, 'special', 'content', 'init', '', 1),
(8, 'special', 'content', 'edit', '', 1),
(8, 'special', 'content', 'init', '', 1),
(8, 'special', 'content', 'add', '', 1),
(8, 'content', 'content', 'init', '', 1),
(8, 'content', 'content', 'init', '', 1),
(8, 'content', 'content', 'init', '', 1),
(2, 'admin', 'category', 'count_items', '', 1),
(2, 'admin', 'category', 'add', 's=2', 1),
(2, 'admin', 'category', 'add', 's=1', 1),
(2, 'admin', 'category', 'public_cache', 'module=admin', 1),
(2, 'admin', 'category', 'edit', '', 1),
(2, 'admin', 'category', 'add', 's=0', 1),
(2, 'admin', 'category', 'init', 'module=admin', 1),
(2, 'admin', 'position', 'edit', '', 1),
(2, 'admin', 'position', 'add', '', 1),
(2, 'admin', 'position', 'init', '', 1),
(2, 'content', 'content_settings', 'init', '', 1),
(2, 'content', 'create_html', 'public_index', '', 1),
(2, 'content', 'create_html', 'category', '', 1),
(2, 'content', 'create_html', 'update_urls', '', 1),
(2, 'content', 'create_html', 'show', '', 1),
(2, 'release', 'index', 'del', '', 1),
(2, 'release', 'index', 'failed', '', 1),
(2, 'release', 'index', 'init', '', 1),
(2, 'release', 'html', 'init', '', 1),
(2, 'comment', 'check', 'checks', '', 1),
(2, 'comment', 'comment_admin', 'listinfo', '', 1),
(2, 'collection', 'node', 'import_content', '', 1),
(2, 'collection', 'node', 'import_program_del', '', 1),
(2, 'collection', 'node', 'import_program_add', '', 1),
(2, 'collection', 'node', 'content_del', '', 1),
(2, 'collection', 'node', 'copy', '', 1),
(2, 'collection', 'node', 'import', '', 1),
(2, 'collection', 'node', 'col_content', '', 1),
(2, 'collection', 'node', 'export', '', 1),
(2, 'collection', 'node', 'node_import', '', 1),
(2, 'collection', 'node', 'publist', '', 1),
(2, 'collection', 'node', 'col_url_list', '', 1),
(2, 'collection', 'node', 'del', '', 1),
(2, 'collection', 'node', 'edit', '', 1),
(2, 'collection', 'node', 'add', '', 1),
(2, 'collection', 'node', 'manage', '', 1),
(2, 'block', 'block_admin', 'history_del', '', 1),
(2, 'block', 'block_admin', 'history_restore', '', 1),
(2, 'block', 'block_admin', 'block_update', '', 1),
(2, 'block', 'block_admin', 'del', '', 1),
(2, 'block', 'block_admin', 'edit', '', 1),
(2, 'block', 'block_admin', 'add', '', 1),
(2, 'block', 'block_admin', 'init', '', 1),
(2, 'special', 'special', 'create_special_list', '', 1),
(2, 'special', 'special', 'html', '', 1),
(2, 'special', 'album', 'import', '', 1),
(2, 'special', 'special', 'import', '', 1),
(2, 'special', 'content', 'listorder', '', 1),
(2, 'special', 'content', 'delete', '', 1),
(2, 'special', 'content', 'edit', '', 1),
(2, 'special', 'content', 'init', '', 1),
(2, 'special', 'content', 'add', '', 1),
(2, 'special', 'content', 'init', '', 1),
(2, 'special', 'special', 'listorder', '', 1),
(2, 'special', 'special', 'delete', '', 1),
(2, 'special', 'special', 'elite', '', 1),
(2, 'special', 'special', 'init', '', 1),
(2, 'special', 'special', 'edit', '', 1),
(2, 'special', 'special', 'add', '', 1),
(2, 'special', 'special', 'init', '', 1),
(2, 'attachment', 'address', 'update', '', 1),
(2, 'attachment', 'address', 'init', '', 1),
(2, 'attachment', 'manage', 'init', '', 1),
(2, 'attachment', 'manage', 'dir', '', 1),
(2, 'attachment', 'manage', 'init', '', 1),
(2, 'content', 'content', 'listorder', '', 1),
(2, 'content', 'create_html', 'batch_show', '', 1),
(2, 'content', 'content', 'delete', '', 1),
(2, 'content', 'content', 'add_othors', '', 1),
(2, 'content', 'content', 'move', '', 1),
(2, 'content', 'push', 'init', '', 1),
(2, 'content', 'content', 'edit', '', 1),
(2, 'content', 'content', 'pass', '', 1),
(2, 'content', 'content', 'add', '', 1),
(2, 'content', 'content', 'init', '', 1),
(2, 'content', 'content', 'init', '', 1),
(2, 'content', 'content', 'init', '', 1),
(2, 'comment', 'comment_admin', 'lists', '', 1),
(2, 'comment', 'comment_admin', 'init', '', 1),
(2, 'wap', 'wap_admin', 'type_delete', '', 1),
(2, 'wap', 'wap_admin', 'type_edit', '', 1),
(2, 'wap', 'wap_admin', 'type_manage', '', 1),
(2, 'wap', 'wap_admin', 'delete', '', 1),
(2, 'wap', 'wap_admin', 'edit', '', 1),
(2, 'wap', 'wap_admin', 'add', '', 1),
(2, 'wap', 'wap_admin', 'init', '', 1),
(2, 'formguide', 'formguide', 'setting', '', 1),
(2, 'formguide', 'formguide_field', 'init', '', 1),
(2, 'formguide', 'formguide_field', 'add', '', 1),
(2, 'formguide', 'formguide', 'stat', '', 1),
(2, 'formguide', 'formguide', 'delete', '', 1),
(2, 'formguide', 'formguide', 'disabled', '', 1),
(2, 'formguide', 'formguide_info', 'init', '', 1),
(2, 'formguide', 'formguide', 'edit', '', 1),
(2, 'formguide', 'formguide', 'add', '', 1),
(2, 'formguide', 'formguide', 'init', '', 1),
(2, 'poster', 'space', 'poster_template', '', 1),
(2, 'poster', 'space', 'create_js', '', 1),
(2, 'poster', 'space', 'setting', '', 1),
(2, 'poster', 'poster', 'stat', '', 1),
(2, 'poster', 'poster', 'delete', '', 1),
(2, 'poster', 'poster', 'edit', '', 1),
(2, 'poster', 'poster', 'add', '', 1),
(2, 'poster', 'poster', 'init', '', 1),
(2, 'poster', 'space', 'delete', '', 1),
(2, 'poster', 'space', 'edit', '', 1),
(2, 'poster', 'space', 'add', '', 1),
(2, 'poster', 'space', 'init', '', 1),
(2, 'mood', 'mood_admin', 'setting', '', 1),
(2, 'mood', 'mood_admin', 'init', '', 1),
(2, 'message', 'message', 'message_group_manage', '', 1),
(2, 'message', 'message', 'message_send', '', 1),
(2, 'message', 'message', 'delete', '', 1),
(2, 'message', 'message', 'send_one', '', 1),
(2, 'message', 'message', 'init', '', 1),
(2, 'vote', 'vote', 'create_js', '', 1),
(2, 'vote', 'vote', 'statistics_userlist', '', 1),
(2, 'vote', 'vote', 'statistics', '', 1),
(2, 'vote', 'vote', 'setting', '', 1),
(2, 'vote', 'vote', 'delete', '', 1),
(2, 'vote', 'vote', 'edit', '', 1),
(2, 'vote', 'vote', 'add', '', 1),
(2, 'vote', 'vote', 'init', '', 1),
(2, 'link', 'link', 'check_register', '', 1),
(2, 'link', 'link', 'list_type', '', 1),
(2, 'link', 'link', 'add_type', '', 1),
(2, 'link', 'link', 'setting', '', 1),
(2, 'link', 'link', 'delete', '', 1),
(2, 'link', 'link', 'edit', '', 1),
(2, 'link', 'link', 'add', '', 1),
(2, 'link', 'link', 'init', '', 1),
(2, 'announce', 'admin_announce', 'delete', '', 1),
(2, 'announce', 'admin_announce', 'init', 's=3', 1),
(2, 'announce', 'admin_announce', 'init', 's=2', 1),
(2, 'announce', 'admin_announce', 'edit', 's=1', 1),
(2, 'announce', 'admin_announce', 'add', '', 1),
(2, 'announce', 'admin_announce', 'init', 's=1', 1),
(2, 'admin', 'module', 'init', '', 1),
(2, 'search', 'search_type', 'add', '', 1),
(2, 'search', 'search_admin', 'createindex', '', 1),
(2, 'search', 'search_admin', 'setting', '', 1),
(2, 'search', 'search_type', 'init', '', 1),
(2, 'search', 'search_type', 'init', '', 1),
(2, 'dbsource', 'data', 'del', '', 1),
(2, 'dbsource', 'data', 'edit', '', 1),
(2, 'dbsource', 'data', 'add', '', 1),
(2, 'dbsource', 'dbsource_admin', 'del', '', 1),
(2, 'dbsource', 'dbsource_admin', 'edit', '', 1),
(2, 'dbsource', 'dbsource_admin', 'add', '', 1),
(2, 'dbsource', 'dbsource_admin', 'init', '', 1),
(2, 'dbsource', 'data', 'init', '', 1),
(2, 'pay', 'payment', 'pay_stat', '', 1),
(2, 'pay', 'spend', 'init', '', 1),
(2, 'pay', 'payment', 'modify_deposit', 's=1', 1),
(2, 'pay', 'payment', 'discount', '', 1),
(2, 'pay', 'payment', 'pay_cancel', '', 1),
(2, 'pay', 'payment', 'pay_del', '', 1),
(2, 'pay', 'payment', 'pay_list', '', 1),
(2, 'pay', 'payment', 'edit', '', 1),
(2, 'pay', 'payment', 'delete', '', 1),
(2, 'pay', 'payment', 'add', '', 1),
(2, 'pay', 'payment', 'init', '', 1),
(2, 'pay', 'payment', 'pay_list', 's=3', 1),
(2, 'admin', 'module', '', '', 1),
(2, 'admin', 'module', 'init', '', 1),
(2, 'admin', 'admin_manage', 'init', '', 1),
(7, 'attachment', 'address', 'update', '', 1),
(7, 'content', 'content', 'pass', '', 1),
(7, 'content', 'content', 'add_othors', '', 1),
(7, 'admin', 'position', 'add', '', 1),
(7, 'content', 'sitemodel', 'edit', '', 1),
(7, 'content', 'sitemodel', 'add', '', 1),
(7, 'content', 'sitemodel', 'import', '', 1),
(7, 'content', 'sitemodel_field', 'init', '', 1),
(7, 'admin', 'position', 'edit', '', 1),
(7, 'content', 'sitemodel', 'init', '', 1),
(7, 'collection', 'node', 'import_content', '', 1),
(7, 'admin', 'position', 'init', '', 1),
(7, 'release', 'index', 'del', '', 1),
(7, 'content', 'create_html', 'show', '', 1),
(7, 'content', 'create_html', 'public_index', '', 1),
(7, 'collection', 'node', 'import_program_add', '', 1),
(7, 'collection', 'node', 'import_program_del', '', 1),
(7, 'release', 'index', 'failed', '', 1),
(7, 'content', 'content_settings', 'init', '', 1),
(7, 'release', 'index', 'init', '', 1),
(7, 'content', 'create_html', 'update_urls', '', 1),
(7, 'content', 'create_html', 'category', '', 1),
(7, 'comment', 'check', 'checks', '', 1),
(7, 'comment', 'comment_admin', 'listinfo', '', 1),
(7, 'release', 'html', 'init', '', 1),
(7, 'collection', 'node', 'copy', '', 1),
(7, 'collection', 'node', 'content_del', '', 1),
(7, 'special', 'special', 'init', '', 1),
(7, 'special', 'special', 'init', '', 1),
(7, 'special', 'special', 'add', '', 1),
(7, 'special', 'special', 'edit', '', 1),
(7, 'block', 'block_admin', 'add', '', 1),
(7, 'block', 'block_admin', 'init', '', 1),
(7, 'block', 'block_admin', 'del', '', 1),
(7, 'block', 'block_admin', 'edit', '', 1),
(7, 'collection', 'node', 'export', '', 1),
(7, 'block', 'block_admin', 'history_restore', '', 1),
(7, 'content', 'type_manage', 'delete', '', 1),
(7, 'admin', 'index', 'public_main', '', 1),
(7, 'content', 'type_manage', 'edit', '', 1),
(7, 'admin', 'admin_manage', 'public_edit_pwd', '', 1),
(10, 'content', 'content', 'listorder', '', 1),
(7, 'admin', 'admin_manage', 'public_edit_info', '', 1),
(7, 'admin', 'admin_manage', 'init', '', 1),
(10, 'collection', 'node', 'import_content', '', 1),
(10, 'release', 'index', 'del', '', 1),
(7, 'content', 'create_html_opt', 'index', '', 1),
(7, 'content', 'create_html', 'public_index', '', 1),
(7, 'special', 'content', 'init', '', 1),
(7, 'special', 'special', 'html', '', 1),
(7, 'special', 'content', 'edit', '', 1),
(7, 'special', 'content', 'add', '', 1),
(7, 'special', 'content', 'listorder', '', 1),
(7, 'special', 'special', 'import', '', 1),
(7, 'special', 'album', 'import', '', 1),
(7, 'special', 'content', 'delete', '', 1),
(7, 'special', 'special', 'elite', '', 1),
(7, 'special', 'content', 'init', '', 1),
(7, 'special', 'special', 'listorder', '', 1),
(7, 'special', 'special', 'delete', '', 1),
(10, 'content', 'content', 'delete', '', 1),
(10, 'special', 'special', 'listorder', '', 1),
(10, 'special', 'special', 'delete', '', 1),
(10, 'special', 'special', 'add', '', 1),
(10, 'special', 'content', 'add', '', 1),
(10, 'special', 'content', 'init', '', 1),
(10, 'special', 'special', 'create_special_list', '', 1),
(10, 'block', 'block_admin', 'add', '', 1),
(10, 'special', 'special', 'init', '', 1),
(10, 'special', 'special', 'html', '', 1),
(10, 'block', 'block_admin', 'init', '', 1),
(10, 'special', 'content', 'listorder', '', 1),
(10, 'special', 'album', 'import', '', 1),
(10, 'content', 'create_html', 'update_urls', '', 1),
(10, 'admin', 'index', 'public_main', '', 1),
(10, 'special', 'special', 'import', '', 1),
(10, 'content', 'create_html', 'category', '', 1),
(10, 'content', 'create_html', 'show', '', 1),
(10, 'special', 'content', 'edit', '', 1),
(10, 'block', 'block_admin', 'del', '', 1),
(10, 'content', 'create_html', 'public_index', '', 1),
(10, 'special', 'content', 'delete', '', 1),
(10, 'block', 'block_admin', 'edit', '', 1),
(10, 'collection', 'node', 'edit', '', 1),
(10, 'special', 'special', 'init', '', 1),
(10, 'block', 'block_admin', 'history_restore', '', 1),
(10, 'special', 'special', 'edit', '', 1),
(10, 'attachment', 'address', 'update', '', 1),
(10, 'collection', 'node', 'col_url_list', '', 1),
(10, 'block', 'block_admin', 'block_update', '', 1),
(10, 'collection', 'node', 'add', '', 1),
(10, 'collection', 'node', 'del', '', 1),
(10, 'collection', 'node', 'manage', '', 1),
(10, 'collection', 'node', 'node_import', '', 1),
(10, 'collection', 'node', 'import', '', 1),
(10, 'comment', 'comment_admin', 'listinfo', '', 1),
(10, 'comment', 'check', 'checks', '', 1),
(10, 'block', 'block_admin', 'history_del', '', 1),
(10, 'collection', 'node', 'copy', '', 1),
(10, 'collection', 'node', 'content_del', '', 1),
(10, 'collection', 'node', 'import_program_add', '', 1),
(10, 'collection', 'node', 'publist', '', 1),
(10, 'collection', 'node', 'export', '', 1),
(10, 'collection', 'node', 'import_program_del', '', 1),
(10, 'collection', 'node', 'col_content', '', 1),
(10, 'release', 'index', 'init', '', 1),
(10, 'release', 'index', 'failed', '', 1),
(10, 'content', 'content', 'init', '', 1),
(10, 'content', 'content', 'init', '', 1),
(10, 'content', 'content', 'add_othors', '', 1),
(10, 'content', 'content', 'edit', '', 1),
(10, 'admin', 'admin_manage', 'init', '', 1),
(10, 'content', 'push', 'init', '', 1),
(10, 'attachment', 'manage', 'init', '', 1),
(10, 'content', 'create_html', 'batch_show', '', 1),
(10, 'admin', 'admin_manage', 'init', '', 1),
(10, 'content', 'create_html_opt', 'index', '', 1),
(10, 'admin', 'admin_manage', 'public_edit_pwd', '', 1),
(10, 'admin', 'admin_manage', 'public_edit_info', '', 1),
(10, 'special', 'special', 'elite', '', 1),
(10, 'special', 'content', 'init', '', 1),
(10, 'content', 'create_html', 'public_index', '', 1),
(2, 'video', 'batch_upload', 'init', '', 1);

-- --------------------------------------------------------

--
-- 表的结构 `v9_announce`
--

CREATE TABLE IF NOT EXISTS `v9_announce` (
  `aid` smallint(4) unsigned NOT NULL AUTO_INCREMENT,
  `siteid` smallint(5) unsigned NOT NULL DEFAULT '0',
  `title` char(80) NOT NULL,
  `content` text NOT NULL,
  `starttime` date NOT NULL DEFAULT '0000-00-00',
  `endtime` date NOT NULL DEFAULT '0000-00-00',
  `username` varchar(40) NOT NULL,
  `addtime` int(10) unsigned NOT NULL DEFAULT '0',
  `hits` smallint(5) unsigned NOT NULL DEFAULT '0',
  `passed` tinyint(1) unsigned NOT NULL DEFAULT '0',
  `style` char(15) NOT NULL,
  `show_template` char(30) NOT NULL,
  PRIMARY KEY (`aid`),
  KEY `siteid` (`siteid`,`passed`,`endtime`)
) ENGINE=MyISAM DEFAULT CHARSET=utf8 AUTO_INCREMENT=1 ;

-- --------------------------------------------------------

--
-- 表的结构 `v9_attachment`
--

CREATE TABLE IF NOT EXISTS `v9_attachment` (
  `aid` int(10) unsigned NOT NULL AUTO_INCREMENT,
  `module` char(15) NOT NULL,
  `catid` smallint(5) unsigned NOT NULL DEFAULT '0',
  `filename` char(50) NOT NULL,
  `filepath` char(200) NOT NULL,
  `filesize` int(10) unsigned NOT NULL DEFAULT '0',
  `fileext` char(10) NOT NULL,
  `isimage` tinyint(1) unsigned NOT NULL DEFAULT '0',
  `isthumb` tinyint(1) unsigned NOT NULL DEFAULT '0',
  `downloads` mediumint(8) unsigned NOT NULL DEFAULT '0',
  `userid` mediumint(8) unsigned NOT NULL DEFAULT '0',
  `uploadtime` int(10) unsigned NOT NULL DEFAULT '0',
  `uploadip` char(15) NOT NULL,
  `status` tinyint(1) NOT NULL DEFAULT '0',
  `authcode` char(32) NOT NULL,
  `siteid` smallint(5) unsigned NOT NULL DEFAULT '0',
  PRIMARY KEY (`aid`),
  KEY `authcode` (`authcode`)
) ENGINE=MyISAM  DEFAULT CHARSET=utf8 AUTO_INCREMENT=176 ;

--
-- 转存表中的数据 `v9_attachment`
--

INSERT INTO `v9_attachment` (`aid`, `module`, `catid`, `filename`, `filepath`, `filesize`, `fileext`, `isimage`, `isthumb`, `downloads`, `userid`, `uploadtime`, `uploadip`, `status`, `authcode`, `siteid`) VALUES
(1, 'content', 0, 'U9479P352T187D106F6177DT20130401153034.jpg', '2013/1207/20131207120831742.jpg', 23663, 'jpg', 1, 0, 0, 1, 1386389311, '127.0.0.1', 1, 'ba23a54c1d33bf2892717702a24d7700', 1),
(3, 'content', 52, '112938736_0.jpg', '2013/1210/20131210101421695.jpg', 3214, 'jpg', 1, 0, 0, 1, 1386641661, '127.0.0.1', 1, '7c1bb0ff212ea846c03067bcc42c098b', 1),
(6, 'content', 50, '112936339_0.jpg', '2013/1210/20131210012519999.jpg', 3142, 'jpg', 1, 0, 0, 1, 1386653119, '127.0.0.1', 1, '93310c8b558d3c0cd9ec1aa19de032ed', 1),
(7, 'content', 13, 'Penguins.jpg', '2013/1211/20131211073110382.jpg', 777835, 'jpg', 1, 0, 0, 1, 1386761470, '127.0.0.1', 1, '85ce0e2119c4f91054390346114c13bb', 1),
(14, 'content', 13, 'Kalimba.mp3', '2014/0114/20140114091535934.mp3', 8414449, 'mp3', 0, 0, 0, 1, 1389662135, '58.254.4.82', 0, '6b9038663020919a30e21b1a6cd8953d', 1),
(15, 'content', 13, 'Sleep Away.mp3', '2014/0114/20140114091701195.mp3', 4842585, 'mp3', 0, 0, 0, 1, 1389662221, '58.254.4.82', 0, '18abc109c61886ef30ba6cd8e1186ff7', 1),
(16, 'content', 13, '爸爸去哪儿.mp3', '2014/0114/20140114091913466.mp3', 4427185, 'mp3', 0, 0, 0, 1, 1389662353, '58.254.4.82', 0, '57c1ee7fe9af4a2626a15cdbfeb0406e', 1),
(19, 'content', 13, 'Chrysanthemum.jpg', '2014/0115/20140115035910102.jpg', 879394, 'jpg', 1, 0, 0, 1, 1389729550, '58.254.4.82', 0, 'e288f5036e0b3d40d996586d52dcc2e8', 1),
(20, 'content', 13, 'Desert.jpg', '2014/0115/20140115035924768.jpg', 845941, 'jpg', 1, 0, 0, 1, 1389729564, '58.254.4.82', 0, 'abf9065144ef7bf21acf4be7ba311626', 1),
(21, 'content', 13, 'Koala.jpg', '2014/0115/20140115035937348.jpg', 780831, 'jpg', 1, 0, 0, 1, 1389729577, '58.254.4.82', 0, '60286ecd10d725adebbee1ca566c04f8', 1),
(22, 'content', 13, 'Lighthouse.jpg', '2014/0115/20140115035946720.jpg', 561276, 'jpg', 1, 0, 0, 1, 1389729586, '58.254.4.82', 0, '403a61ccf99e1a7af9edc10630fdc4a7', 1),
(77, 'content', 14, '900x600_9INE6BV94T8E0001.jpg', '2014/0117/20140117082607231.jpg', 110539, 'jpg', 1, 0, 0, 1, 1389918367, '123.116.61.163', 0, '3241fd6351d85bc28b3f470692536241', 1),
(76, 'content', 14, '9INE6GBM4T8E0001.jpg', '2014/0117/20140117082607567.jpg', 73919, 'jpg', 1, 0, 0, 1, 1389918367, '123.116.61.163', 0, '08122545dfba935ae84cb23a241cf8ce', 1),
(75, 'content', 14, '900x600_9INE67714T8E0001.jpg', '2014/0117/20140117082607193.jpg', 93321, 'jpg', 1, 0, 0, 1, 1389918367, '123.116.61.163', 0, '4ef527c01ecab972d2e010a4cdea5a53', 1),
(74, 'content', 14, '900x600_9INE6BV94T8E0001.jpg', '2014/0117/20140117082427302.jpg', 110539, 'jpg', 1, 0, 0, 1, 1389918267, '123.116.61.163', 0, '705cea4d146b80b171c3d15878713d78', 1),
(81, 'content', 14, '900x600_9INE6FPR4T8E0001.jpg', '2014/0117/20140117082608905.jpg', 65993, 'jpg', 1, 0, 0, 1, 1389918368, '123.116.61.163', 0, '2eedfd5f1bc88adb8d798491cd944f40', 1),
(80, 'content', 14, '900x600_9INE6ERQ4T8E0001.jpg', '2014/0117/20140117082608141.jpg', 90291, 'jpg', 1, 0, 0, 1, 1389918368, '123.116.61.163', 0, 'fc718741130f626f44a9f10e19467a97', 1),
(79, 'content', 14, '900x600_9INE6DEH4T8E0001.jpg', '2014/0117/20140117082608885.jpg', 111144, 'jpg', 1, 0, 0, 1, 1389918368, '123.116.61.163', 0, '9046a6d6ab45c8dcd2fe701f3aad9c83', 1),
(78, 'content', 14, '900x600_9INE6CSQ4T8E0001.jpg', '2014/0117/20140117082608126.jpg', 107366, 'jpg', 1, 0, 0, 1, 1389918367, '123.116.61.163', 0, 'd077dd532292108bf22d9cef4e9406eb', 1),
(85, 'content', 14, '征服天堂.mp3', '2014/0117/20140117084247351.mp3', 4558808, 'mp3', 0, 0, 0, 1, 1389919367, '123.116.61.163', 0, 'e0208995ccf505be9ed8c6578ff847c4', 1),
(84, 'content', 14, '900x600_9INE6JVC4T8E0001.jpg', '2014/0117/20140117082608415.jpg', 53169, 'jpg', 1, 0, 0, 1, 1389918368, '123.116.61.163', 0, 'b5d1f0b23d3a49fa3c0b920c8999d04b', 1),
(83, 'content', 14, '900x600_9INE6JE14T8E0001.jpg', '2014/0117/20140117082608154.jpg', 95819, 'jpg', 1, 0, 0, 1, 1389918368, '123.116.61.163', 0, '72d83c004108000439bcd978b6bbc0c2', 1),
(82, 'content', 14, '900x600_9INE6IPP4T8E0001.jpg', '2014/0117/20140117082608148.jpg', 111762, 'jpg', 1, 0, 0, 1, 1389918368, '123.116.61.163', 0, 'eb99e4ba8d60d701a5f8cf1ede4a2e63', 1),
(120, 'content', 13, '34-2-2-IMG_4711.png', '2014/0120/20140120085741670.png', 466233, 'png', 1, 0, 0, 1, 1390179461, '114.246.74.124', 0, 'c2f3437dfbd6b0fed485afae031b1e20', 1),
(121, 'content', 13, '循环34-2.mp3', '2014/0120/20140120085805215.mp3', 314238, 'mp3', 0, 0, 0, 1, 1390179485, '114.246.74.124', 0, 'c96f2d6d03bf93f49b40ebe850db395b', 1),
(167, 'content', 0, '清华附中.jpg', '2014/0620/20140620104335774.jpg', 24919, 'jpg', 1, 0, 0, 7, 1403275415, '49.52.1.205', 1, 'b2ad319348b6ba99613e0e69892072a0', 1),
(164, 'content', 13, 'QQ图片20140614192721.jpg', '2014/0614/20140614074333131.jpg', 70856, 'jpg', 1, 0, 0, 5, 1402746213, '127.0.0.1', 1, '19781512a3d8c82d044b06f73bd3f18e', 1),
(168, 'content', 0, 'majiuke.jpg', '2014/0627/20140627023108643.jpg', 25727, 'jpg', 1, 0, 0, 7, 1403850668, '219.228.134.199', 1, '7780e936fbecfe6eb5e69ece675fac13', 1),
(169, 'content', 0, '青岛二中.jpg', '2014/0627/20140627023546792.jpg', 5155, 'jpg', 1, 0, 0, 7, 1403850946, '219.228.134.199', 0, '1bb93a1b10d8d95f7ef68f39fdf35a8e', 1),
(170, 'content', 0, '山西大学附中.jpg', '2014/0627/20140627023900556.jpg', 20110, 'jpg', 1, 0, 0, 7, 1403851140, '219.228.134.199', 0, '0d30a821e3808d709b6c5208d149313d', 1),
(171, 'content', 0, '南山实验学校.jpg', '2014/0627/20140627024138542.jpg', 8955, 'jpg', 1, 0, 0, 7, 1403851298, '219.228.134.199', 0, '1e5b048f6299e1d1c7d8f2ae7351da4d', 1),
(172, 'content', 0, '南京市游府西街小学.png', '2014/0627/20140627024452631.png', 12180, 'png', 1, 0, 0, 7, 1403851492, '219.228.134.199', 1, '09e60263f6d214e2a0a3672196e04179', 1),
(173, 'content', 0, '金陵中学.jpg', '2014/0627/20140627024900840.jpg', 7534, 'jpg', 1, 0, 0, 7, 1403851740, '219.228.134.199', 0, 'cf46659bea40aac1a800f1d8776ebc4e', 1),
(174, 'content', 0, '二期课改公开课照2.jpg', '2014/0627/20140627032159950.jpg', 1092236, 'jpg', 1, 0, 0, 7, 1403853719, '219.228.134.199', 1, 'c3bb54c375328f3801e9abc3982594c7', 1),
(175, 'content', 0, '宋淑光照片.JPG', '2014/0627/20140627032501796.jpg', 220361, 'jpg', 1, 0, 0, 7, 1403853901, '219.228.134.199', 1, '9b5beee82c26c511e72cd4c6ebe7af36', 1);

-- --------------------------------------------------------

--
-- 表的结构 `v9_attachment_index`
--

CREATE TABLE IF NOT EXISTS `v9_attachment_index` (
  `keyid` char(30) NOT NULL,
  `aid` char(10) NOT NULL,
  KEY `keyid` (`keyid`),
  KEY `aid` (`aid`)
) ENGINE=MyISAM DEFAULT CHARSET=utf8;

--
-- 转存表中的数据 `v9_attachment_index`
--

INSERT INTO `v9_attachment_index` (`keyid`, `aid`) VALUES
('c-52-2', '3'),
('special-1', '6'),
('special-2', '7'),
('catid-38', '167'),
('c-13-480', '164'),
('catid-186', '172'),
('catid-102', '6'),
('catid-181', '168'),
('catid-182', '175');

-- --------------------------------------------------------

--
-- 表的结构 `v9_badword`
--

CREATE TABLE IF NOT EXISTS `v9_badword` (
  `badid` smallint(5) unsigned NOT NULL AUTO_INCREMENT,
  `badword` char(20) NOT NULL,
  `level` tinyint(5) NOT NULL DEFAULT '1',
  `replaceword` char(20) NOT NULL DEFAULT '0',
  `lastusetime` int(10) unsigned NOT NULL DEFAULT '0',
  `listorder` tinyint(3) unsigned NOT NULL DEFAULT '0',
  PRIMARY KEY (`badid`),
  UNIQUE KEY `badword` (`badword`),
  KEY `usetimes` (`replaceword`,`listorder`),
  KEY `hits` (`listorder`)
) ENGINE=MyISAM DEFAULT CHARSET=utf8 AUTO_INCREMENT=1 ;

-- --------------------------------------------------------

--
-- 表的结构 `v9_block`
--

CREATE TABLE IF NOT EXISTS `v9_block` (
  `id` int(10) NOT NULL AUTO_INCREMENT,
  `siteid` smallint(5) unsigned DEFAULT '0',
  `name` char(50) DEFAULT NULL,
  `pos` char(30) DEFAULT NULL,
  `type` tinyint(1) DEFAULT '0',
  `data` text,
  `template` text,
  PRIMARY KEY (`id`),
  KEY `pos` (`pos`),
  KEY `type` (`type`),
  KEY `siteid` (`siteid`)
) ENGINE=MyISAM DEFAULT CHARSET=utf8 AUTO_INCREMENT=1 ;

-- --------------------------------------------------------

--
-- 表的结构 `v9_block_history`
--

CREATE TABLE IF NOT EXISTS `v9_block_history` (
  `id` int(10) NOT NULL AUTO_INCREMENT,
  `blockid` int(10) unsigned DEFAULT '0',
  `data` text,
  `creat_at` int(10) unsigned DEFAULT '0',
  `userid` mediumint(8) unsigned DEFAULT '0',
  `username` char(20) DEFAULT NULL,
  PRIMARY KEY (`id`)
) ENGINE=MyISAM DEFAULT CHARSET=utf8 AUTO_INCREMENT=1 ;

-- --------------------------------------------------------

--
-- 表的结构 `v9_block_priv`
--

CREATE TABLE IF NOT EXISTS `v9_block_priv` (
  `id` int(10) unsigned NOT NULL AUTO_INCREMENT,
  `roleid` tinyint(3) unsigned DEFAULT '0',
  `siteid` smallint(5) unsigned DEFAULT '0',
  `blockid` int(10) unsigned DEFAULT '0',
  PRIMARY KEY (`id`),
  KEY `blockid` (`blockid`),
  KEY `roleid` (`roleid`,`siteid`)
) ENGINE=MyISAM DEFAULT CHARSET=utf8 AUTO_INCREMENT=1 ;

-- --------------------------------------------------------

--
-- 表的结构 `v9_cache`
--

CREATE TABLE IF NOT EXISTS `v9_cache` (
  `filename` char(50) NOT NULL,
  `path` char(50) NOT NULL,
  `data` mediumtext NOT NULL,
  PRIMARY KEY (`filename`,`path`)
) ENGINE=MyISAM DEFAULT CHARSET=utf8;

--
-- 转存表中的数据 `v9_cache`
--

INSERT INTO `v9_cache` (`filename`, `path`, `data`) VALUES
('mood_program.cache.php', 'caches_commons/caches_data/', '<?php\nreturn array (\n  1 => \n  array (\n    1 => \n    array (\n      ''use'' => ''1'',\n      ''name'' => ''震惊'',\n      ''pic'' => ''mood/a1.gif'',\n    ),\n    2 => \n    array (\n      ''use'' => ''1'',\n      ''name'' => ''不解'',\n      ''pic'' => ''mood/a2.gif'',\n    ),\n    3 => \n    array (\n      ''use'' => ''1'',\n      ''name'' => ''愤怒'',\n      ''pic'' => ''mood/a3.gif'',\n    ),\n    4 => \n    array (\n      ''use'' => ''1'',\n      ''name'' => ''杯具'',\n      ''pic'' => ''mood/a4.gif'',\n    ),\n    5 => \n    array (\n      ''use'' => ''1'',\n      ''name'' => ''无聊'',\n      ''pic'' => ''mood/a5.gif'',\n    ),\n    6 => \n    array (\n      ''use'' => ''1'',\n      ''name'' => ''高兴'',\n      ''pic'' => ''mood/a6.gif'',\n    ),\n    7 => \n    array (\n      ''use'' => ''1'',\n      ''name'' => ''支持'',\n      ''pic'' => ''mood/a7.gif'',\n    ),\n    8 => \n    array (\n      ''use'' => ''1'',\n      ''name'' => ''超赞'',\n      ''pic'' => ''mood/a8.gif'',\n    ),\n    9 => \n    array (\n      ''use'' => NULL,\n      ''name'' => '''',\n      ''pic'' => '''',\n    ),\n    10 => \n    array (\n      ''use'' => NULL,\n      ''name'' => '''',\n      ''pic'' => '''',\n    ),\n  ),\n);\n?>'),
('category_content.cache.php', 'caches_commons/caches_data/', '<?php\nreturn array (\n  2 => ''1'',\n  188 => ''1'',\n  189 => ''1'',\n  190 => ''1'',\n  191 => ''1'',\n);\n?>'),
('category_content_1.cache.php', 'caches_commons/caches_data/', '<?php\nreturn array (\n  2 => \n  array (\n    ''catid'' => ''2'',\n    ''siteid'' => ''1'',\n    ''type'' => ''1'',\n    ''modelid'' => ''0'',\n    ''parentid'' => ''0'',\n    ''arrparentid'' => ''0'',\n    ''child'' => ''0'',\n    ''arrchildid'' => ''2'',\n    ''catname'' => ''底页信息'',\n    ''style'' => '''',\n    ''image'' => '''',\n    ''description'' => '''',\n    ''parentdir'' => '''',\n    ''catdir'' => ''footer'',\n    ''url'' => ''http://localhost/bordon/index.php?m=content&c=index&a=lists&catid=2'',\n    ''items'' => ''0'',\n    ''hits'' => ''0'',\n    ''setting'' => ''array (\n  \\''ishtml\\'' => \\''0\\'',\n  \\''template_list\\'' => \\''\\'',\n  \\''meta_title\\'' => \\''\\'',\n  \\''meta_keywords\\'' => \\''\\'',\n  \\''meta_description\\'' => \\''\\'',\n  \\''category_ruleid\\'' => \\''6\\'',\n  \\''show_ruleid\\'' => \\''\\'',\n  \\''repeatchargedays\\'' => \\''1\\'',\n)'',\n    ''listorder'' => ''2'',\n    ''ismenu'' => ''1'',\n    ''sethtml'' => ''0'',\n    ''letter'' => ''diyexinxi'',\n    ''usable_type'' => '''',\n    ''create_to_html_root'' => NULL,\n    ''ishtml'' => ''0'',\n    ''content_ishtml'' => NULL,\n    ''category_ruleid'' => ''6'',\n    ''show_ruleid'' => '''',\n    ''workflowid'' => NULL,\n    ''isdomain'' => ''0'',\n  ),\n  188 => \n  array (\n    ''catid'' => ''188'',\n    ''siteid'' => ''1'',\n    ''type'' => ''0'',\n    ''modelid'' => ''11'',\n    ''parentid'' => ''0'',\n    ''arrparentid'' => ''0'',\n    ''child'' => ''1'',\n    ''arrchildid'' => ''188,189,190,191'',\n    ''catname'' => ''视频'',\n    ''style'' => '''',\n    ''image'' => '''',\n    ''description'' => '''',\n    ''parentdir'' => '''',\n    ''catdir'' => ''shipin'',\n    ''url'' => ''http://localhost/bordon/index.php?m=content&c=index&a=lists&catid=188'',\n    ''items'' => ''0'',\n    ''hits'' => ''0'',\n    ''setting'' => ''array (\n  \\''workflowid\\'' => \\''\\'',\n  \\''ishtml\\'' => \\''0\\'',\n  \\''content_ishtml\\'' => \\''0\\'',\n  \\''create_to_html_root\\'' => \\''0\\'',\n  \\''template_list\\'' => \\''mooc\\'',\n  \\''category_template\\'' => \\''category\\'',\n  \\''list_template\\'' => \\''list\\'',\n  \\''show_template\\'' => \\''show\\'',\n  \\''meta_title\\'' => \\''\\'',\n  \\''meta_keywords\\'' => \\''\\'',\n  \\''meta_description\\'' => \\''\\'',\n  \\''presentpoint\\'' => \\''1\\'',\n  \\''defaultchargepoint\\'' => \\''0\\'',\n  \\''paytype\\'' => \\''0\\'',\n  \\''repeatchargedays\\'' => \\''1\\'',\n  \\''category_ruleid\\'' => \\''6\\'',\n  \\''show_ruleid\\'' => \\''16\\'',\n)'',\n    ''listorder'' => ''188'',\n    ''ismenu'' => ''1'',\n    ''sethtml'' => ''0'',\n    ''letter'' => ''shipin'',\n    ''usable_type'' => '''',\n    ''create_to_html_root'' => ''0'',\n    ''ishtml'' => ''0'',\n    ''content_ishtml'' => ''0'',\n    ''category_ruleid'' => ''6'',\n    ''show_ruleid'' => ''16'',\n    ''workflowid'' => '''',\n    ''isdomain'' => ''0'',\n  ),\n  189 => \n  array (\n    ''catid'' => ''189'',\n    ''siteid'' => ''1'',\n    ''type'' => ''0'',\n    ''modelid'' => ''11'',\n    ''parentid'' => ''188'',\n    ''arrparentid'' => ''0,188'',\n    ''child'' => ''0'',\n    ''arrchildid'' => ''189'',\n    ''catname'' => ''翻转后课堂'',\n    ''style'' => '''',\n    ''image'' => '''',\n    ''description'' => '''',\n    ''parentdir'' => ''shipin/'',\n    ''catdir'' => ''flipped'',\n    ''url'' => ''http://localhost/bordon/index.php?m=content&c=index&a=lists&catid=189'',\n    ''items'' => ''0'',\n    ''hits'' => ''0'',\n    ''setting'' => ''array (\n  \\''workflowid\\'' => \\''\\'',\n  \\''ishtml\\'' => \\''0\\'',\n  \\''content_ishtml\\'' => \\''0\\'',\n  \\''create_to_html_root\\'' => \\''0\\'',\n  \\''template_list\\'' => \\''mooc\\'',\n  \\''category_template\\'' => \\''category\\'',\n  \\''list_template\\'' => \\''list\\'',\n  \\''show_template\\'' => \\''show\\'',\n  \\''meta_title\\'' => \\''\\'',\n  \\''meta_keywords\\'' => \\''\\'',\n  \\''meta_description\\'' => \\''\\'',\n  \\''presentpoint\\'' => \\''1\\'',\n  \\''defaultchargepoint\\'' => \\''0\\'',\n  \\''paytype\\'' => \\''0\\'',\n  \\''repeatchargedays\\'' => \\''1\\'',\n  \\''category_ruleid\\'' => \\''6\\'',\n  \\''show_ruleid\\'' => \\''16\\'',\n)'',\n    ''listorder'' => ''189'',\n    ''ismenu'' => ''1'',\n    ''sethtml'' => ''0'',\n    ''letter'' => ''fanzhuanhouketang'',\n    ''usable_type'' => '''',\n    ''create_to_html_root'' => ''0'',\n    ''ishtml'' => ''0'',\n    ''content_ishtml'' => ''0'',\n    ''category_ruleid'' => ''6'',\n    ''show_ruleid'' => ''16'',\n    ''workflowid'' => '''',\n    ''isdomain'' => ''0'',\n  ),\n  190 => \n  array (\n    ''catid'' => ''190'',\n    ''siteid'' => ''1'',\n    ''type'' => ''0'',\n    ''modelid'' => ''11'',\n    ''parentid'' => ''188'',\n    ''arrparentid'' => ''0,188'',\n    ''child'' => ''0'',\n    ''arrchildid'' => ''190'',\n    ''catname'' => ''微视频大赛'',\n    ''style'' => '''',\n    ''image'' => '''',\n    ''description'' => '''',\n    ''parentdir'' => ''shipin/'',\n    ''catdir'' => ''maward'',\n    ''url'' => ''http://localhost/bordon/index.php?m=content&c=index&a=lists&catid=190'',\n    ''items'' => ''0'',\n    ''hits'' => ''0'',\n    ''setting'' => ''array (\n  \\''workflowid\\'' => \\''\\'',\n  \\''ishtml\\'' => \\''0\\'',\n  \\''content_ishtml\\'' => \\''0\\'',\n  \\''create_to_html_root\\'' => \\''0\\'',\n  \\''template_list\\'' => \\''mooc\\'',\n  \\''category_template\\'' => \\''category\\'',\n  \\''list_template\\'' => \\''list\\'',\n  \\''show_template\\'' => \\''show\\'',\n  \\''meta_title\\'' => \\''\\'',\n  \\''meta_keywords\\'' => \\''\\'',\n  \\''meta_description\\'' => \\''\\'',\n  \\''presentpoint\\'' => \\''1\\'',\n  \\''defaultchargepoint\\'' => \\''0\\'',\n  \\''paytype\\'' => \\''0\\'',\n  \\''repeatchargedays\\'' => \\''1\\'',\n  \\''category_ruleid\\'' => \\''6\\'',\n  \\''show_ruleid\\'' => \\''16\\'',\n)'',\n    ''listorder'' => ''190'',\n    ''ismenu'' => ''1'',\n    ''sethtml'' => ''0'',\n    ''letter'' => ''weishipindasai'',\n    ''usable_type'' => '''',\n    ''create_to_html_root'' => ''0'',\n    ''ishtml'' => ''0'',\n    ''content_ishtml'' => ''0'',\n    ''category_ruleid'' => ''6'',\n    ''show_ruleid'' => ''16'',\n    ''workflowid'' => '''',\n    ''isdomain'' => ''0'',\n  ),\n  191 => \n  array (\n    ''catid'' => ''191'',\n    ''siteid'' => ''1'',\n    ''type'' => ''0'',\n    ''modelid'' => ''11'',\n    ''parentid'' => ''188'',\n    ''arrparentid'' => ''0,188'',\n    ''child'' => ''0'',\n    ''arrchildid'' => ''191'',\n    ''catname'' => ''微视频资源'',\n    ''style'' => '''',\n    ''image'' => '''',\n    ''description'' => '''',\n    ''parentdir'' => ''shipin/'',\n    ''catdir'' => ''video'',\n    ''url'' => ''http://localhost/bordon/index.php?m=content&c=index&a=lists&catid=191'',\n    ''items'' => ''0'',\n    ''hits'' => ''0'',\n    ''setting'' => ''array (\n  \\''workflowid\\'' => \\''\\'',\n  \\''ishtml\\'' => \\''0\\'',\n  \\''content_ishtml\\'' => \\''0\\'',\n  \\''create_to_html_root\\'' => \\''0\\'',\n  \\''template_list\\'' => \\''mooc\\'',\n  \\''category_template\\'' => \\''category\\'',\n  \\''list_template\\'' => \\''list\\'',\n  \\''show_template\\'' => \\''show\\'',\n  \\''meta_title\\'' => \\''\\'',\n  \\''meta_keywords\\'' => \\''\\'',\n  \\''meta_description\\'' => \\''\\'',\n  \\''presentpoint\\'' => \\''1\\'',\n  \\''defaultchargepoint\\'' => \\''0\\'',\n  \\''paytype\\'' => \\''0\\'',\n  \\''repeatchargedays\\'' => \\''1\\'',\n  \\''category_ruleid\\'' => \\''6\\'',\n  \\''show_ruleid\\'' => \\''16\\'',\n)'',\n    ''listorder'' => ''191'',\n    ''ismenu'' => ''1'',\n    ''sethtml'' => ''0'',\n    ''letter'' => ''weishipinziyuan'',\n    ''usable_type'' => '''',\n    ''create_to_html_root'' => ''0'',\n    ''ishtml'' => ''0'',\n    ''content_ishtml'' => ''0'',\n    ''category_ruleid'' => ''6'',\n    ''show_ruleid'' => ''16'',\n    ''workflowid'' => '''',\n    ''isdomain'' => ''0'',\n  ),\n);\n?>'),
('category_items_15.cache.php', 'caches_commons/caches_data/', '<?php\nreturn array (\n);\n?>'),
('sitelist.cache.php', 'caches_commons/caches_data/', '<?php\nreturn array (\n  1 => \n  array (\n    ''siteid'' => ''1'',\n    ''name'' => ''默认站点'',\n    ''dirname'' => '''',\n    ''domain'' => ''http://localhost/bordon/'',\n    ''site_title'' => ''医学资源站点'',\n    ''keywords'' => ''医学多媒体'',\n    ''description'' => ''医学多媒体资源网站'',\n    ''release_point'' => '''',\n    ''default_style'' => ''mooc'',\n    ''template'' => ''mooc'',\n    ''setting'' => ''array (\n  \\''upload_maxsize\\'' => \\''204800\\'',\n  \\''upload_allowext\\'' => \\''jpg|jpeg|gif|bmp|png|doc|docx|xls|xlsx|ppt|pptx|pdf|txt|rar|zip|swf|mp3|aac|wav\\'',\n  \\''watermark_enable\\'' => \\''0\\'',\n  \\''watermark_minwidth\\'' => \\''300\\'',\n  \\''watermark_minheight\\'' => \\''300\\'',\n  \\''watermark_img\\'' => \\''statics/images/water//mark.png\\'',\n  \\''watermark_pct\\'' => \\''85\\'',\n  \\''watermark_quality\\'' => \\''80\\'',\n  \\''watermark_pos\\'' => \\''9\\'',\n)'',\n    ''uuid'' => ''8261f520-aa47-1031-97af-ab0e46332e4e'',\n    ''url'' => ''http://localhost/bordon/'',\n  ),\n);\n?>'),
('downservers.cache.php', 'caches_commons/caches_data/', '<?php\nreturn NULL;\n?>'),
('badword.cache.php', 'caches_commons/caches_data/', '<?php\nreturn array (\n);\n?>'),
('ipbanned.cache.php', 'caches_commons/caches_data/', '<?php\nreturn array (\n  0 => \n  array (\n    ''ip'' => ''192.168.0.200'',\n    ''expires'' => ''1388332800'',\n  ),\n);\n?>'),
('keylink.cache.php', 'caches_commons/caches_data/', '<?php\nreturn array (\n);\n?>'),
('position.cache.php', 'caches_commons/caches_data/', '<?php\nreturn array (\n  2 => \n  array (\n    ''posid'' => ''2'',\n    ''modelid'' => ''0'',\n    ''catid'' => ''0'',\n    ''name'' => ''首页幻灯图推荐'',\n    ''maxnum'' => ''20'',\n    ''extention'' => '''',\n    ''listorder'' => ''4'',\n    ''siteid'' => ''0'',\n    ''thumb'' => '''',\n  ),\n  1 => \n  array (\n    ''posid'' => ''1'',\n    ''modelid'' => ''0'',\n    ''catid'' => ''0'',\n    ''name'' => ''首页最新课程推荐'',\n    ''maxnum'' => ''20'',\n    ''extention'' => '''',\n    ''listorder'' => ''1'',\n    ''siteid'' => ''0'',\n    ''thumb'' => '''',\n  ),\n  18 => \n  array (\n    ''posid'' => ''18'',\n    ''modelid'' => ''0'',\n    ''catid'' => ''0'',\n    ''name'' => ''最热课程推荐'',\n    ''maxnum'' => ''20'',\n    ''extention'' => '''',\n    ''listorder'' => ''0'',\n    ''siteid'' => ''0'',\n    ''thumb'' => '''',\n  ),\n  19 => \n  array (\n    ''posid'' => ''19'',\n    ''modelid'' => ''0'',\n    ''catid'' => ''0'',\n    ''name'' => ''频道页今日更新'',\n    ''maxnum'' => ''20'',\n    ''extention'' => '''',\n    ''listorder'' => ''0'',\n    ''siteid'' => ''0'',\n    ''thumb'' => '''',\n  ),\n  20 => \n  array (\n    ''posid'' => ''20'',\n    ''modelid'' => ''14'',\n    ''catid'' => ''0'',\n    ''name'' => ''城市置顶'',\n    ''maxnum'' => ''20'',\n    ''extention'' => ''get_linkage({zone},getinfocache(\\''info_linkageid\\''), \\''_\\'',4)'',\n    ''listorder'' => ''0'',\n    ''siteid'' => ''1'',\n    ''thumb'' => '''',\n  ),\n  21 => \n  array (\n    ''posid'' => ''21'',\n    ''modelid'' => ''14'',\n    ''catid'' => ''0'',\n    ''name'' => ''区域置顶'',\n    ''maxnum'' => ''20'',\n    ''extention'' => ''get_linkage({zone},getinfocache(\\''info_linkageid\\''), \\''_\\'',4)'',\n    ''listorder'' => ''0'',\n    ''siteid'' => ''1'',\n    ''thumb'' => '''',\n  ),\n  22 => \n  array (\n    ''posid'' => ''22'',\n    ''modelid'' => ''14'',\n    ''catid'' => ''0'',\n    ''name'' => ''商圈置顶'',\n    ''maxnum'' => ''20'',\n    ''extention'' => ''get_linkage({zone},getinfocache(\\''info_linkageid\\''), \\''_\\'',4)'',\n    ''listorder'' => ''0'',\n    ''siteid'' => ''1'',\n    ''thumb'' => '''',\n  ),\n);\n?>'),
('role_siteid.cache.php', 'caches_commons/caches_data/', '<?php\nreturn array (\n  2 => \n  array (\n    0 => 1,\n  ),\n  4 => \n  array (\n    0 => 1,\n  ),\n  5 => \n  array (\n    0 => 1,\n  ),\n  7 => \n  array (\n    0 => 1,\n  ),\n  8 => \n  array (\n    0 => 1,\n  ),\n  10 => \n  array (\n    0 => 1,\n  ),\n);\n?>'),
('role.cache.php', 'caches_commons/caches_data/', '<?php\nreturn array (\n  1 => ''超级管理员'',\n  2 => ''站点管理员'',\n  3 => ''运营总监'',\n  4 => ''总编'',\n  5 => ''编辑'',\n  7 => ''发布人员'',\n  8 => ''哈佛大学'',\n  9 => ''香港大学'',\n  10 => ''清华附中管理员'',\n);\n?>'),
('urlrules_detail.cache.php', 'caches_commons/caches_data/', '<?php\nreturn array (\n  1 => \n  array (\n    ''urlruleid'' => ''1'',\n    ''module'' => ''content'',\n    ''file'' => ''category'',\n    ''ishtml'' => ''1'',\n    ''urlrule'' => ''{$categorydir}{$catdir}/index.html|{$categorydir}{$catdir}/{$page}.html'',\n    ''example'' => ''news/china/1000.html'',\n  ),\n  6 => \n  array (\n    ''urlruleid'' => ''6'',\n    ''module'' => ''content'',\n    ''file'' => ''category'',\n    ''ishtml'' => ''0'',\n    ''urlrule'' => ''index.php?m=content&c=index&a=lists&catid={$catid}|index.php?m=content&c=index&a=lists&catid={$catid}&page={$page}'',\n    ''example'' => ''index.php?m=content&c=index&a=lists&catid=1&page=1'',\n  ),\n  11 => \n  array (\n    ''urlruleid'' => ''11'',\n    ''module'' => ''content'',\n    ''file'' => ''show'',\n    ''ishtml'' => ''1'',\n    ''urlrule'' => ''{$year}/{$catdir}_{$month}{$day}/{$id}.html|{$year}/{$catdir}_{$month}{$day}/{$id}_{$page}.html'',\n    ''example'' => ''2010/catdir_0720/1_2.html'',\n  ),\n  12 => \n  array (\n    ''urlruleid'' => ''12'',\n    ''module'' => ''content'',\n    ''file'' => ''show'',\n    ''ishtml'' => ''1'',\n    ''urlrule'' => ''{$categorydir}{$catdir}/{$year}/{$month}{$day}/{$id}.html|{$categorydir}{$catdir}/{$year}/{$month}{$day}/{$id}_{$page}.html'',\n    ''example'' => ''it/product/2010/0720/1_2.html'',\n  ),\n  16 => \n  array (\n    ''urlruleid'' => ''16'',\n    ''module'' => ''content'',\n    ''file'' => ''show'',\n    ''ishtml'' => ''0'',\n    ''urlrule'' => ''index.php?m=content&c=index&a=show&catid={$catid}&id={$id}|index.php?m=content&c=index&a=show&catid={$catid}&id={$id}&page={$page}'',\n    ''example'' => ''index.php?m=content&c=index&a=show&catid=1&id=1'',\n  ),\n  17 => \n  array (\n    ''urlruleid'' => ''17'',\n    ''module'' => ''content'',\n    ''file'' => ''show'',\n    ''ishtml'' => ''0'',\n    ''urlrule'' => ''show-{$catid}-{$id}-{$page}.html'',\n    ''example'' => ''show-1-2-1.html'',\n  ),\n  18 => \n  array (\n    ''urlruleid'' => ''18'',\n    ''module'' => ''content'',\n    ''file'' => ''show'',\n    ''ishtml'' => ''0'',\n    ''urlrule'' => ''content-{$catid}-{$id}-{$page}.html'',\n    ''example'' => ''content-1-2-1.html'',\n  ),\n  30 => \n  array (\n    ''urlruleid'' => ''30'',\n    ''module'' => ''content'',\n    ''file'' => ''category'',\n    ''ishtml'' => ''0'',\n    ''urlrule'' => ''list-{$catid}-{$page}.html'',\n    ''example'' => ''list-1-1.html'',\n  ),\n);\n?>'),
('urlrules.cache.php', 'caches_commons/caches_data/', '<?php\nreturn array (\n  1 => ''{$categorydir}{$catdir}/index.html|{$categorydir}{$catdir}/{$page}.html'',\n  6 => ''index.php?m=content&c=index&a=lists&catid={$catid}|index.php?m=content&c=index&a=lists&catid={$catid}&page={$page}'',\n  11 => ''{$year}/{$catdir}_{$month}{$day}/{$id}.html|{$year}/{$catdir}_{$month}{$day}/{$id}_{$page}.html'',\n  12 => ''{$categorydir}{$catdir}/{$year}/{$month}{$day}/{$id}.html|{$categorydir}{$catdir}/{$year}/{$month}{$day}/{$id}_{$page}.html'',\n  16 => ''index.php?m=content&c=index&a=show&catid={$catid}&id={$id}|index.php?m=content&c=index&a=show&catid={$catid}&id={$id}&page={$page}'',\n  17 => ''show-{$catid}-{$id}-{$page}.html'',\n  18 => ''content-{$catid}-{$id}-{$page}.html'',\n  30 => ''list-{$catid}-{$page}.html'',\n);\n?>'),
('modules.cache.php', 'caches_commons/caches_data/', '<?php\nreturn array (\n  ''admin'' => \n  array (\n    ''module'' => ''admin'',\n    ''name'' => ''admin'',\n    ''url'' => '''',\n    ''iscore'' => ''1'',\n    ''version'' => ''1.0'',\n    ''description'' => '''',\n    ''setting'' => ''array (\n  \\''admin_email\\'' => \\''admin@yoursite.com\\'',\n  \\''maxloginfailedtimes\\'' => \\''8\\'',\n  \\''minrefreshtime\\'' => \\''2\\'',\n  \\''mail_type\\'' => \\''1\\'',\n  \\''mail_server\\'' => \\''smtp.qq.com\\'',\n  \\''mail_port\\'' => \\''25\\'',\n  \\''category_ajax\\'' => \\''0\\'',\n  \\''mail_user\\'' => \\''admin@foxmail.com\\'',\n  \\''mail_auth\\'' => \\''1\\'',\n  \\''mail_from\\'' => \\''admin@foxmail.com\\'',\n  \\''mail_password\\'' => \\''\\'',\n  \\''errorlog_size\\'' => \\''20\\'',\n)'',\n    ''listorder'' => ''0'',\n    ''disabled'' => ''0'',\n    ''installdate'' => ''2010-10-18'',\n    ''updatedate'' => ''2010-10-18'',\n  ),\n  ''member'' => \n  array (\n    ''module'' => ''member'',\n    ''name'' => ''会员'',\n    ''url'' => '''',\n    ''iscore'' => ''1'',\n    ''version'' => ''1.0'',\n    ''description'' => '''',\n    ''setting'' => ''array (\n  \\''allowregister\\'' => \\''1\\'',\n  \\''choosemodel\\'' => \\''0\\'',\n  \\''enablemailcheck\\'' => \\''0\\'',\n  \\''enablcodecheck\\'' => \\''0\\'',\n  \\''mobile_checktype\\'' => \\''0\\'',\n  \\''user_sendsms_title\\'' => \\''\\'',\n  \\''registerverify\\'' => \\''1\\'',\n  \\''showapppoint\\'' => \\''0\\'',\n  \\''rmb_point_rate\\'' => \\''10\\'',\n  \\''defualtpoint\\'' => \\''0\\'',\n  \\''defualtamount\\'' => \\''0\\'',\n  \\''showregprotocol\\'' => \\''0\\'',\n  \\''regprotocol\\'' => \\''		 欢迎您注册成为本网站用户\r\n请仔细阅读下面的协议，只有接受协议才能继续进行注册。 \r\n1．服务条款的确认和接纳\r\n　　本网站用户服务的所有权和运作权归本网站拥有。本网站所提供的服务将按照有关章程、服务条款和操作规则严格执行。用户通过注册程序点击“我同意” 按钮，即表示用户与本网站达成协议并接受所有的服务条款。\r\n2． 本网站服务简介\r\n　　本网站通过国际互联网为用户提供新闻及文章浏览、图片浏览、软件下载、网上留言和BBS论坛等服务。\r\n　　用户必须： \r\n　　1)购置设备，包括个人电脑一台、调制解调器一个及配备上网装置。 \r\n　　2)个人上网和支付与此服务有关的电话费用、网络费用。\r\n　　用户同意： \r\n　　1)提供及时、详尽及准确的个人资料。 \r\n　　2)不断更新注册资料，符合及时、详尽、准确的要求。所有原始键入的资料将引用为注册资料。 \r\n　　3)用户同意遵守《中华人民共和国保守国家秘密法》、《中华人民共和国计算机信息系统安全保护条例》、《计算机软件保护条例》等有关计算机及互联网规定的法律和法规、实施办法。在任何情况下，本网站合理地认为用户的行为可能违反上述法律、法规，本网站可以在任何时候，不经事先通知终止向该用户提供服务。用户应了解国际互联网的无国界性，应特别注意遵守当地所有有关的法律和法规。\r\n3． 服务条款的修改\r\n　　本网站会不定时地修改服务条款，服务条款一旦发生变动，将会在相关页面上提示修改内容。如果您同意改动，则再一次点击“我同意”按钮。 如果您不接受，则及时取消您的用户使用服务资格。\r\n4． 服务修订\r\n　　本网站保留随时修改或中断服务而不需知照用户的权利。本网站行使修改或中断服务的权利，不需对用户或第三方负责。\r\n5． 用户隐私制度\r\n　　尊重用户个人隐私是本网站的 基本政策。本网站不会公开、编辑或透露用户的注册信息，除非有法律许可要求，或本网站在诚信的基础上认为透露这些信息在以下三种情况是必要的： \r\n　　1)遵守有关法律规定，遵从合法服务程序。 \r\n　　2)保持维护本网站的商标所有权。 \r\n　　3)在紧急情况下竭力维护用户个人和社会大众的隐私安全。 \r\n　　4)符合其他相关的要求。 \r\n6．用户的帐号，密码和安全性\r\n　　一旦注册成功成为本网站用户，您将得到一个密码和帐号。如果您不保管好自己的帐号和密码安全，将对因此产生的后果负全部责任。另外，每个用户都要对其帐户中的所有活动和事件负全责。您可随时根据指示改变您的密码，也可以结束旧的帐户重开一个新帐户。用户同意若发现任何非法使用用户帐号或安全漏洞的情况，立即通知本网站。\r\n7． 免责条款\r\n　　用户明确同意网站服务的使用由用户个人承担风险。 　　 \r\n　　本网站不作任何类型的担保，不担保服务一定能满足用户的要求，也不担保服务不会受中断，对服务的及时性，安全性，出错发生都不作担保。用户理解并接受：任何通过本网站服务取得的信息资料的可靠性取决于用户自己，用户自己承担所有风险和责任。 \r\n8．有限责任\r\n　　本网站对任何直接、间接、偶然、特殊及继起的损害不负责任。\r\n9． 不提供零售和商业性服务 \r\n　　用户使用网站服务的权利是个人的。用户只能是一个单独的个体而不能是一个公司或实体商业性组织。用户承诺不经本网站同意，不能利用网站服务进行销售或其他商业用途。\r\n10．用户责任 \r\n　　用户单独承担传输内容的责任。用户必须遵循： \r\n　　1)从中国境内向外传输技术性资料时必须符合中国有关法规。 \r\n　　2)使用网站服务不作非法用途。 \r\n　　3)不干扰或混乱网络服务。 \r\n　　4)不在论坛BBS或留言簿发表任何与政治相关的信息。 \r\n　　5)遵守所有使用网站服务的网络协议、规定、程序和惯例。\r\n　　6)不得利用本站危害国家安全、泄露国家秘密，不得侵犯国家社会集体的和公民的合法权益。\r\n　　7)不得利用本站制作、复制和传播下列信息： \r\n　　　1、煽动抗拒、破坏宪法和法律、行政法规实施的；\r\n　　　2、煽动颠覆国家政权，推翻社会主义制度的；\r\n　　　3、煽动分裂国家、破坏国家统一的；\r\n　　　4、煽动民族仇恨、民族歧视，破坏民族团结的；\r\n　　　5、捏造或者歪曲事实，散布谣言，扰乱社会秩序的；\r\n　　　6、宣扬封建迷信、淫秽、色情、赌博、暴力、凶杀、恐怖、教唆犯罪的；\r\n　　　7、公然侮辱他人或者捏造事实诽谤他人的，或者进行其他恶意攻击的；\r\n　　　8、损害国家机关信誉的；\r\n　　　9、其他违反宪法和法律行政法规的；\r\n　　　10、进行商业广告行为的。\r\n　　用户不能传输任何教唆他人构成犯罪行为的资料；不能传输长国内不利条件和涉及国家安全的资料；不能传输任何不符合当地法规、国家法律和国际法 律的资料。未经许可而非法进入其它电脑系统是禁止的。若用户的行为不符合以上的条款，本网站将取消用户服务帐号。\r\n11．网站内容的所有权\r\n　　本网站定义的内容包括：文字、软件、声音、相片、录象、图表；在广告中全部内容；电子邮件的全部内容；本网站为用户提供的商业信息。所有这些内容受版权、商标、标签和其它财产所有权法律的保护。所以，用户只能在本网站和广告商授权下才能使用这些内容，而不能擅自复制、篡改这些内容、或创造与内容有关的派生产品。\r\n12．附加信息服务\r\n　　用户在享用本网站提供的免费服务的同时，同意接受本网站提供的各类附加信息服务。\r\n13．解释权\r\n　　本注册协议的解释权归本网站所有。如果其中有任何条款与国家的有关法律相抵触，则以国家法律的明文规定为准。 \\'',\n  \\''registerverifymessage\\'' => \\'' 欢迎您注册成为本网站用户，您的账号需要邮箱认证，点击下面链接进行认证：{click}\r\n或者将网址复制到浏览器：{url}\\'',\n  \\''forgetpassword\\'' => \\'' phpcms密码找回，请在一小时内点击下面链接进行操作：{click}\r\n或者将网址复制到浏览器：{url}\\'',\n)'',\n    ''listorder'' => ''0'',\n    ''disabled'' => ''0'',\n    ''installdate'' => ''2010-09-06'',\n    ''updatedate'' => ''2010-09-06'',\n  ),\n  ''pay'' => \n  array (\n    ''module'' => ''pay'',\n    ''name'' => ''支付'',\n    ''url'' => '''',\n    ''iscore'' => ''1'',\n    ''version'' => ''1.0'',\n    ''description'' => '''',\n    ''setting'' => '''',\n    ''listorder'' => ''0'',\n    ''disabled'' => ''0'',\n    ''installdate'' => ''2010-09-06'',\n    ''updatedate'' => ''2010-09-06'',\n  ),\n  ''digg'' => \n  array (\n    ''module'' => ''digg'',\n    ''name'' => ''顶一下'',\n    ''url'' => '''',\n    ''iscore'' => ''0'',\n    ''version'' => ''1.0'',\n    ''description'' => '''',\n    ''setting'' => '''',\n    ''listorder'' => ''0'',\n    ''disabled'' => ''0'',\n    ''installdate'' => ''2010-09-06'',\n    ''updatedate'' => ''2010-09-06'',\n  ),\n  ''special'' => \n  array (\n    ''module'' => ''special'',\n    ''name'' => ''专题'',\n    ''url'' => '''',\n    ''iscore'' => ''0'',\n    ''version'' => ''1.0'',\n    ''description'' => '''',\n    ''setting'' => '''',\n    ''listorder'' => ''0'',\n    ''disabled'' => ''0'',\n    ''installdate'' => ''2010-09-06'',\n    ''updatedate'' => ''2010-09-06'',\n  ),\n  ''content'' => \n  array (\n    ''module'' => ''content'',\n    ''name'' => ''内容模块'',\n    ''url'' => '''',\n    ''iscore'' => ''1'',\n    ''version'' => ''1.0'',\n    ''description'' => '''',\n    ''setting'' => '''',\n    ''listorder'' => ''0'',\n    ''disabled'' => ''0'',\n    ''installdate'' => ''2010-09-06'',\n    ''updatedate'' => ''2010-09-06'',\n  ),\n  ''search'' => \n  array (\n    ''module'' => ''search'',\n    ''name'' => ''全站搜索'',\n    ''url'' => '''',\n    ''iscore'' => ''0'',\n    ''version'' => ''1.0'',\n    ''description'' => '''',\n    ''setting'' => ''array (\n  \\''fulltextenble\\'' => \\''1\\'',\n  \\''relationenble\\'' => \\''1\\'',\n  \\''suggestenable\\'' => \\''1\\'',\n  \\''sphinxenable\\'' => \\''0\\'',\n  \\''sphinxhost\\'' => \\''10.228.134.102\\'',\n  \\''sphinxport\\'' => \\''9312\\'',\n  1 => \n  array (\n    \\''fulltextenble\\'' => \\''1\\'',\n    \\''relationenble\\'' => \\''0\\'',\n    \\''suggestenable\\'' => \\''0\\'',\n    \\''sphinxenable\\'' => \\''0\\'',\n    \\''sphinxhost\\'' => \\''\\'',\n    \\''sphinxport\\'' => \\''\\'',\n  ),\n)'',\n    ''listorder'' => ''0'',\n    ''disabled'' => ''0'',\n    ''installdate'' => ''2010-09-06'',\n    ''updatedate'' => ''2010-09-06'',\n  ),\n  ''scan'' => \n  array (\n    ''module'' => ''scan'',\n    ''name'' => ''木马扫描'',\n    ''url'' => ''scan'',\n    ''iscore'' => ''0'',\n    ''version'' => ''1.0'',\n    ''description'' => '''',\n    ''setting'' => '''',\n    ''listorder'' => ''0'',\n    ''disabled'' => ''0'',\n    ''installdate'' => ''2010-09-01'',\n    ''updatedate'' => ''2010-09-06'',\n  ),\n  ''attachment'' => \n  array (\n    ''module'' => ''attachment'',\n    ''name'' => ''附件'',\n    ''url'' => ''attachment'',\n    ''iscore'' => ''1'',\n    ''version'' => ''1.0'',\n    ''description'' => '''',\n    ''setting'' => '''',\n    ''listorder'' => ''0'',\n    ''disabled'' => ''0'',\n    ''installdate'' => ''2010-09-01'',\n    ''updatedate'' => ''2010-09-06'',\n  ),\n  ''block'' => \n  array (\n    ''module'' => ''block'',\n    ''name'' => ''碎片'',\n    ''url'' => '''',\n    ''iscore'' => ''1'',\n    ''version'' => ''1.0'',\n    ''description'' => '''',\n    ''setting'' => '''',\n    ''listorder'' => ''0'',\n    ''disabled'' => ''0'',\n    ''installdate'' => ''2010-09-01'',\n    ''updatedate'' => ''2010-09-06'',\n  ),\n  ''collection'' => \n  array (\n    ''module'' => ''collection'',\n    ''name'' => ''采集模块'',\n    ''url'' => ''collection'',\n    ''iscore'' => ''1'',\n    ''version'' => ''1.0'',\n    ''description'' => '''',\n    ''setting'' => '''',\n    ''listorder'' => ''0'',\n    ''disabled'' => ''0'',\n    ''installdate'' => ''2010-09-01'',\n    ''updatedate'' => ''2010-09-06'',\n  ),\n  ''dbsource'' => \n  array (\n    ''module'' => ''dbsource'',\n    ''name'' => ''数据源'',\n    ''url'' => '''',\n    ''iscore'' => ''1'',\n    ''version'' => '''',\n    ''description'' => '''',\n    ''setting'' => '''',\n    ''listorder'' => ''0'',\n    ''disabled'' => ''0'',\n    ''installdate'' => ''2010-09-01'',\n    ''updatedate'' => ''2010-09-06'',\n  ),\n  ''template'' => \n  array (\n    ''module'' => ''template'',\n    ''name'' => ''模板风格'',\n    ''url'' => '''',\n    ''iscore'' => ''1'',\n    ''version'' => ''1.0'',\n    ''description'' => '''',\n    ''setting'' => '''',\n    ''listorder'' => ''0'',\n    ''disabled'' => ''0'',\n    ''installdate'' => ''2010-09-01'',\n    ''updatedate'' => ''2010-09-06'',\n  ),\n  ''release'' => \n  array (\n    ''module'' => ''release'',\n    ''name'' => ''发布点'',\n    ''url'' => '''',\n    ''iscore'' => ''1'',\n    ''version'' => ''1.0'',\n    ''description'' => '''',\n    ''setting'' => '''',\n    ''listorder'' => ''0'',\n    ''disabled'' => ''0'',\n    ''installdate'' => ''2010-09-01'',\n    ''updatedate'' => ''2010-09-06'',\n  ),\n  ''video'' => \n  array (\n    ''module'' => ''video'',\n    ''name'' => ''视频库'',\n    ''url'' => '''',\n    ''iscore'' => ''0'',\n    ''version'' => ''1.0'',\n    ''description'' => '''',\n    ''setting'' => '''',\n    ''listorder'' => ''0'',\n    ''disabled'' => ''0'',\n    ''installdate'' => ''2012-09-28'',\n    ''updatedate'' => ''2012-09-28'',\n  ),\n  ''announce'' => \n  array (\n    ''module'' => ''announce'',\n    ''name'' => ''公告'',\n    ''url'' => ''announce/'',\n    ''iscore'' => ''0'',\n    ''version'' => ''1.0'',\n    ''description'' => ''公告'',\n    ''setting'' => '''',\n    ''listorder'' => ''0'',\n    ''disabled'' => ''0'',\n    ''installdate'' => ''2013-11-29'',\n    ''updatedate'' => ''2013-11-29'',\n  ),\n  ''link'' => \n  array (\n    ''module'' => ''link'',\n    ''name'' => ''友情链接'',\n    ''url'' => '''',\n    ''iscore'' => ''0'',\n    ''version'' => ''1.0'',\n    ''description'' => '''',\n    ''setting'' => ''array (\n  1 => \n  array (\n    \\''is_post\\'' => \\''1\\'',\n    \\''enablecheckcode\\'' => \\''0\\'',\n  ),\n)'',\n    ''listorder'' => ''0'',\n    ''disabled'' => ''0'',\n    ''installdate'' => ''2010-09-06'',\n    ''updatedate'' => ''2010-09-06'',\n  ),\n  ''vote'' => \n  array (\n    ''module'' => ''vote'',\n    ''name'' => ''投票'',\n    ''url'' => '''',\n    ''iscore'' => ''0'',\n    ''version'' => ''1.0'',\n    ''description'' => '''',\n    ''setting'' => ''array (\r\n  1 => \r\n  array (\r\n    \\''default_style\\'' => \\''default\\'',\r\n    \\''vote_tp_template\\'' => \\''vote_tp\\'',\r\n    \\''allowguest\\'' => \\''1\\'',\r\n    \\''enabled\\'' => \\''1\\'',\r\n    \\''interval\\'' => \\''1\\'',\r\n    \\''credit\\'' => \\''1\\'',\r\n  ),\r\n)'',\n    ''listorder'' => ''0'',\n    ''disabled'' => ''0'',\n    ''installdate'' => ''2010-09-06'',\n    ''updatedate'' => ''2010-09-06'',\n  ),\n  ''message'' => \n  array (\n    ''module'' => ''message'',\n    ''name'' => ''短消息'',\n    ''url'' => '''',\n    ''iscore'' => ''0'',\n    ''version'' => ''1.0'',\n    ''description'' => '''',\n    ''setting'' => '''',\n    ''listorder'' => ''0'',\n    ''disabled'' => ''0'',\n    ''installdate'' => ''2010-09-06'',\n    ''updatedate'' => ''2010-09-06'',\n  ),\n  ''mood'' => \n  array (\n    ''module'' => ''mood'',\n    ''name'' => ''新闻心情'',\n    ''url'' => ''mood/'',\n    ''iscore'' => ''0'',\n    ''version'' => ''1.0'',\n    ''description'' => ''新闻心情'',\n    ''setting'' => '''',\n    ''listorder'' => ''0'',\n    ''disabled'' => ''0'',\n    ''installdate'' => ''2013-11-29'',\n    ''updatedate'' => ''2013-11-29'',\n  ),\n  ''poster'' => \n  array (\n    ''module'' => ''poster'',\n    ''name'' => ''广告模块'',\n    ''url'' => ''poster/'',\n    ''iscore'' => ''0'',\n    ''version'' => ''1.0'',\n    ''description'' => ''广告模块'',\n    ''setting'' => '''',\n    ''listorder'' => ''0'',\n    ''disabled'' => ''0'',\n    ''installdate'' => ''2013-11-29'',\n    ''updatedate'' => ''2013-11-29'',\n  ),\n  ''formguide'' => \n  array (\n    ''module'' => ''formguide'',\n    ''name'' => ''表单向导'',\n    ''url'' => ''formguide/'',\n    ''iscore'' => ''0'',\n    ''version'' => ''1.0'',\n    ''description'' => ''formguide'',\n    ''setting'' => ''array (\n  \\''allowmultisubmit\\'' => \\''1\\'',\n  \\''interval\\'' => \\''30\\'',\n  \\''allowunreg\\'' => \\''0\\'',\n  \\''mailmessage\\'' => \\''用户向我们提交了表单数据，赶快去看看吧。\\'',\n)'',\n    ''listorder'' => ''0'',\n    ''disabled'' => ''0'',\n    ''installdate'' => ''2010-10-20'',\n    ''updatedate'' => ''2010-10-20'',\n  ),\n  ''wap'' => \n  array (\n    ''module'' => ''wap'',\n    ''name'' => ''手机门户'',\n    ''url'' => ''wap/'',\n    ''iscore'' => ''0'',\n    ''version'' => ''1.0'',\n    ''description'' => ''手机门户'',\n    ''setting'' => '''',\n    ''listorder'' => ''0'',\n    ''disabled'' => ''0'',\n    ''installdate'' => ''2013-11-29'',\n    ''updatedate'' => ''2013-11-29'',\n  ),\n  ''upgrade'' => \n  array (\n    ''module'' => ''upgrade'',\n    ''name'' => ''在线升级'',\n    ''url'' => '''',\n    ''iscore'' => ''0'',\n    ''version'' => ''1.0'',\n    ''description'' => '''',\n    ''setting'' => '''',\n    ''listorder'' => ''0'',\n    ''disabled'' => ''0'',\n    ''installdate'' => ''2011-05-18'',\n    ''updatedate'' => ''2011-05-18'',\n  ),\n  ''tag'' => \n  array (\n    ''module'' => ''tag'',\n    ''name'' => ''标签向导'',\n    ''url'' => ''tag/'',\n    ''iscore'' => ''0'',\n    ''version'' => ''1.0'',\n    ''description'' => ''标签向导'',\n    ''setting'' => '''',\n    ''listorder'' => ''0'',\n    ''disabled'' => ''0'',\n    ''installdate'' => ''2013-11-29'',\n    ''updatedate'' => ''2013-11-29'',\n  ),\n  ''comment'' => \n  array (\n    ''module'' => ''comment'',\n    ''name'' => '''',\n    ''url'' => ''comment/'',\n    ''iscore'' => ''0'',\n    ''version'' => ''1.0'',\n    ''description'' => '''',\n    ''setting'' => '''',\n    ''listorder'' => ''0'',\n    ''disabled'' => ''0'',\n    ''installdate'' => ''2014-06-18'',\n    ''updatedate'' => ''2014-06-18'',\n  ),\n);\n?>'),
('model.cache.php', 'caches_commons/caches_data/', '<?php\nreturn array (\n  1 => \n  array (\n    ''modelid'' => ''1'',\n    ''siteid'' => ''1'',\n    ''name'' => ''文章模型'',\n    ''description'' => '''',\n    ''tablename'' => ''news'',\n    ''setting'' => '''',\n    ''addtime'' => ''0'',\n    ''items'' => ''0'',\n    ''enablesearch'' => ''1'',\n    ''disabled'' => ''0'',\n    ''default_style'' => ''default'',\n    ''category_template'' => ''category'',\n    ''list_template'' => ''list'',\n    ''show_template'' => ''show'',\n    ''js_template'' => '''',\n    ''admin_list_template'' => '''',\n    ''member_add_template'' => '''',\n    ''member_list_template'' => '''',\n    ''sort'' => ''0'',\n    ''type'' => ''0'',\n  ),\n  2 => \n  array (\n    ''modelid'' => ''2'',\n    ''siteid'' => ''1'',\n    ''name'' => ''下载模型'',\n    ''description'' => '''',\n    ''tablename'' => ''download'',\n    ''setting'' => '''',\n    ''addtime'' => ''0'',\n    ''items'' => ''0'',\n    ''enablesearch'' => ''1'',\n    ''disabled'' => ''0'',\n    ''default_style'' => ''default'',\n    ''category_template'' => ''category_download'',\n    ''list_template'' => ''list_download'',\n    ''show_template'' => ''show_download'',\n    ''js_template'' => '''',\n    ''admin_list_template'' => '''',\n    ''member_add_template'' => '''',\n    ''member_list_template'' => '''',\n    ''sort'' => ''0'',\n    ''type'' => ''0'',\n  ),\n  3 => \n  array (\n    ''modelid'' => ''3'',\n    ''siteid'' => ''1'',\n    ''name'' => ''图片模型'',\n    ''description'' => '''',\n    ''tablename'' => ''picture'',\n    ''setting'' => '''',\n    ''addtime'' => ''0'',\n    ''items'' => ''0'',\n    ''enablesearch'' => ''1'',\n    ''disabled'' => ''0'',\n    ''default_style'' => ''default'',\n    ''category_template'' => ''category_picture'',\n    ''list_template'' => ''list_picture'',\n    ''show_template'' => ''show_picture'',\n    ''js_template'' => '''',\n    ''admin_list_template'' => '''',\n    ''member_add_template'' => '''',\n    ''member_list_template'' => '''',\n    ''sort'' => ''0'',\n    ''type'' => ''0'',\n  ),\n  11 => \n  array (\n    ''modelid'' => ''11'',\n    ''siteid'' => ''1'',\n    ''name'' => ''视频模型'',\n    ''description'' => '''',\n    ''tablename'' => ''video'',\n    ''setting'' => '''',\n    ''addtime'' => ''0'',\n    ''items'' => ''0'',\n    ''enablesearch'' => ''1'',\n    ''disabled'' => ''0'',\n    ''default_style'' => ''sina'',\n    ''category_template'' => ''category'',\n    ''list_template'' => ''list_sina'',\n    ''show_template'' => ''show'',\n    ''js_template'' => '''',\n    ''admin_list_template'' => '''',\n    ''member_add_template'' => '''',\n    ''member_list_template'' => '''',\n    ''sort'' => ''0'',\n    ''type'' => ''0'',\n  ),\n  12 => \n  array (\n    ''modelid'' => ''12'',\n    ''siteid'' => ''1'',\n    ''name'' => ''专辑模型'',\n    ''description'' => ''专辑模型'',\n    ''tablename'' => ''zhuanji'',\n    ''setting'' => '''',\n    ''addtime'' => ''0'',\n    ''items'' => ''0'',\n    ''enablesearch'' => ''1'',\n    ''disabled'' => ''0'',\n    ''default_style'' => ''sina'',\n    ''category_template'' => ''category_video'',\n    ''list_template'' => ''list_sina'',\n    ''show_template'' => ''show'',\n    ''js_template'' => '''',\n    ''admin_list_template'' => ''content_list_video'',\n    ''member_add_template'' => '''',\n    ''member_list_template'' => '''',\n    ''sort'' => ''0'',\n    ''type'' => ''0'',\n  ),\n  14 => \n  array (\n    ''modelid'' => ''14'',\n    ''siteid'' => ''1'',\n    ''name'' => ''房产信息'',\n    ''description'' => '''',\n    ''tablename'' => ''house'',\n    ''setting'' => '''',\n    ''addtime'' => ''0'',\n    ''items'' => ''0'',\n    ''enablesearch'' => ''1'',\n    ''disabled'' => ''0'',\n    ''default_style'' => ''default'',\n    ''category_template'' => ''category_info'',\n    ''list_template'' => ''list_house'',\n    ''show_template'' => ''show_house'',\n    ''js_template'' => '''',\n    ''admin_list_template'' => '''',\n    ''member_add_template'' => '''',\n    ''member_list_template'' => '''',\n    ''sort'' => ''0'',\n    ''type'' => ''0'',\n  ),\n  15 => \n  array (\n    ''modelid'' => ''15'',\n    ''siteid'' => ''1'',\n    ''name'' => ''测试模型'',\n    ''description'' => ''test'',\n    ''tablename'' => ''test'',\n    ''setting'' => '''',\n    ''addtime'' => ''0'',\n    ''items'' => ''0'',\n    ''enablesearch'' => ''1'',\n    ''disabled'' => ''0'',\n    ''default_style'' => ''sina'',\n    ''category_template'' => ''category'',\n    ''list_template'' => '''',\n    ''show_template'' => ''show'',\n    ''js_template'' => '''',\n    ''admin_list_template'' => '''',\n    ''member_add_template'' => '''',\n    ''member_list_template'' => '''',\n    ''sort'' => ''0'',\n    ''type'' => ''0'',\n  ),\n);\n?>'),
('workflow_1.cache.php', 'caches_commons/caches_data/', '<?php\nreturn array (\n  1 => \n  array (\n    ''workflowid'' => ''1'',\n    ''siteid'' => ''1'',\n    ''steps'' => ''1'',\n    ''workname'' => ''一级审核'',\n    ''description'' => ''审核一次'',\n    ''setting'' => '''',\n    ''flag'' => ''0'',\n  ),\n  2 => \n  array (\n    ''workflowid'' => ''2'',\n    ''siteid'' => ''1'',\n    ''steps'' => ''2'',\n    ''workname'' => ''二级审核'',\n    ''description'' => ''审核两次'',\n    ''setting'' => '''',\n    ''flag'' => ''0'',\n  ),\n  3 => \n  array (\n    ''workflowid'' => ''3'',\n    ''siteid'' => ''1'',\n    ''steps'' => ''3'',\n    ''workname'' => ''三级审核'',\n    ''description'' => ''审核三次'',\n    ''setting'' => '''',\n    ''flag'' => ''0'',\n  ),\n  4 => \n  array (\n    ''workflowid'' => ''4'',\n    ''siteid'' => ''1'',\n    ''steps'' => ''4'',\n    ''workname'' => ''四级审核'',\n    ''description'' => ''审核四次'',\n    ''setting'' => ''array (\n  1 => \\''\\'',\n  2 => \\''\\'',\n  3 => \\''\\'',\n  4 => \\''\\'',\n  \\''nocheck_users\\'' => \\''\\'',\n)'',\n    ''flag'' => ''0'',\n  ),\n);\n?>'),
('member_model.cache.php', 'caches_commons/caches_data/', '<?php\nreturn array (\n  10 => \n  array (\n    ''modelid'' => ''10'',\n    ''siteid'' => ''1'',\n    ''name'' => ''普通会员'',\n    ''description'' => ''普通会员'',\n    ''tablename'' => ''member_detail'',\n    ''setting'' => '''',\n    ''addtime'' => ''0'',\n    ''items'' => ''0'',\n    ''enablesearch'' => ''1'',\n    ''disabled'' => ''0'',\n    ''default_style'' => '''',\n    ''category_template'' => '''',\n    ''list_template'' => '''',\n    ''show_template'' => '''',\n    ''js_template'' => '''',\n    ''admin_list_template'' => '''',\n    ''member_add_template'' => '''',\n    ''member_list_template'' => '''',\n    ''sort'' => ''0'',\n    ''type'' => ''2'',\n  ),\n);\n?>'),
('special.cache.php', 'caches_commons/caches_data/', '<?php\nreturn array (\n  2 => \n  array (\n    ''id'' => ''2'',\n    ''siteid'' => ''1'',\n    ''title'' => ''儿歌'',\n    ''url'' => ''http://bordon.xicp.net/:9999/phpcms/html/special/erge/'',\n    ''thumb'' => ''http://bordon.xicp.net/:9999/phpcms/uploadfile/2013/1211/20131211073110382.jpg'',\n    ''banner'' => ''http://bordon.xicp.net/:9999/phpcms/uploadfile/2013/1211/20131211073110382.jpg'',\n    ''ishtml'' => ''1'',\n  ),\n  1 => \n  array (\n    ''id'' => ''1'',\n    ''siteid'' => ''1'',\n    ''title'' => ''人性的哲学与科学'',\n    ''url'' => ''bordon.xicp.net:9999/phpcms/html/special/yeludaxue/'',\n    ''thumb'' => ''bordon.xicp.net:9999/phpcms/uploadfile/2013/1210/20131210012519999.jpg'',\n    ''banner'' => ''bordon.xicp.net:9999/phpcms/uploadfile/2013/1210/20131210012519999.jpg'',\n    ''ishtml'' => ''1'',\n  ),\n);\n?>'),
('common.cache.php', 'caches_commons/caches_data/', '<?php\nreturn array (\n  ''admin_email'' => ''admin@yoursite.com'',\n  ''maxloginfailedtimes'' => ''8'',\n  ''minrefreshtime'' => ''2'',\n  ''mail_type'' => ''1'',\n  ''mail_server'' => ''smtp.qq.com'',\n  ''mail_port'' => ''25'',\n  ''category_ajax'' => ''0'',\n  ''mail_user'' => ''admin@foxmail.com'',\n  ''mail_auth'' => ''1'',\n  ''mail_from'' => ''admin@foxmail.com'',\n  ''mail_password'' => '''',\n  ''errorlog_size'' => ''20'',\n);\n?>'),
('type_content.cache.php', 'caches_commons/caches_data/', '<?php\nreturn array (\n);\n?>'),
('vote.cache.php', 'caches_commons/caches_data/', '<?php\nreturn array (\n  1 => \n  array (\n    ''default_style'' => ''default'',\n    ''vote_tp_template'' => ''vote_tp'',\n    ''allowguest'' => ''1'',\n    ''enabled'' => ''1'',\n    ''interval'' => ''1'',\n    ''credit'' => ''1'',\n  ),\n);\n?>'),
('link.cache.php', 'caches_commons/caches_data/', '<?php\nreturn array (\n  1 => \n  array (\n    ''is_post'' => ''1'',\n    ''enablecheckcode'' => ''0'',\n  ),\n);\n?>'),
('type_content_1.cache.php', 'caches_commons/caches_data/', '<?php\nreturn array (\n);\n?>'),
('category_items_1.cache.php', 'caches_commons/caches_data/', '<?php\nreturn array (\n);\n?>'),
('category_items_2.cache.php', 'caches_commons/caches_data/', '<?php\nreturn array (\n);\n?>'),
('category_items_3.cache.php', 'caches_commons/caches_data/', '<?php\nreturn array (\n);\n?>'),
('category_items_11.cache.php', 'caches_commons/caches_data/', '<?php\nreturn array (\n  188 => ''0'',\n  189 => ''3'',\n  190 => ''0'',\n  191 => ''23'',\n);\n?>'),
('type_.cache.php', 'caches_commons/caches_data/', '<?php\nreturn array (\n);\n?>'),
('category_items_12.cache.php', 'caches_commons/caches_data/', '<?php\nreturn array (\n);\n?>'),
('info_setting.cache.php', 'caches_commons/caches_data/', '<?php\nreturn array (\n  ''info_linkageid'' => ''3360'',\n  ''info_cachetime'' => ''0'',\n  ''img_contact'' => ''1'',\n  ''multi_city'' => ''0'',\n  ''info_catid'' => ''98'',\n  ''info_modelid'' => ''14'',\n  ''top_city'' => ''10'',\n  ''top_city_posid'' => ''20'',\n  ''top_zone'' => ''8'',\n  ''top_zone_posid'' => ''21'',\n  ''top_district'' => ''5'',\n  ''top_district_posid'' => ''22'',\n);\n?>'),
('info_citys.cache.php', 'caches_commons/caches_data/', '<?php\nreturn array (\n  ''beijing'' => \n  array (\n    ''name'' => ''北京'',\n    ''pinyin'' => ''beijing'',\n    ''linkageid'' => ''3361'',\n    ''id'' => ''2'',\n  ),\n);\n?>'),
('info_citys_id.cache.php', 'caches_commons/caches_data/', '<?php\nreturn array (\n  3361 => \n  array (\n    ''name'' => ''北京'',\n    ''pinyin'' => ''beijing'',\n    ''linkageid'' => ''3361'',\n    ''id'' => ''2'',\n  ),\n);\n?>'),
('category_items_14.cache.php', 'caches_commons/caches_data/', '<?php\nreturn array (\n);\n?>');

-- --------------------------------------------------------

--
-- 表的结构 `v9_category`
--

CREATE TABLE IF NOT EXISTS `v9_category` (
  `catid` smallint(5) unsigned NOT NULL AUTO_INCREMENT,
  `siteid` smallint(5) unsigned NOT NULL DEFAULT '0',
  `module` varchar(15) NOT NULL,
  `type` tinyint(1) unsigned NOT NULL DEFAULT '0',
  `modelid` smallint(5) unsigned NOT NULL DEFAULT '0',
  `parentid` smallint(5) unsigned NOT NULL DEFAULT '0',
  `arrparentid` varchar(255) NOT NULL,
  `child` tinyint(1) unsigned NOT NULL DEFAULT '0',
  `arrchildid` mediumtext NOT NULL,
  `catname` varchar(30) NOT NULL,
  `style` varchar(5) NOT NULL,
  `image` varchar(100) NOT NULL,
  `description` mediumtext NOT NULL,
  `parentdir` varchar(100) NOT NULL,
  `catdir` varchar(30) NOT NULL,
  `url` varchar(100) NOT NULL,
  `items` mediumint(8) unsigned NOT NULL DEFAULT '0',
  `hits` int(10) unsigned NOT NULL DEFAULT '0',
  `setting` mediumtext NOT NULL,
  `listorder` smallint(5) unsigned NOT NULL DEFAULT '0',
  `ismenu` tinyint(1) unsigned NOT NULL DEFAULT '1',
  `sethtml` tinyint(1) unsigned NOT NULL DEFAULT '0',
  `letter` varchar(30) NOT NULL,
  `usable_type` varchar(255) NOT NULL,
  PRIMARY KEY (`catid`),
  KEY `module` (`module`,`parentid`,`listorder`,`catid`),
  KEY `siteid` (`siteid`,`type`)
) ENGINE=MyISAM  DEFAULT CHARSET=utf8 AUTO_INCREMENT=192 ;

--
-- 转存表中的数据 `v9_category`
--

INSERT INTO `v9_category` (`catid`, `siteid`, `module`, `type`, `modelid`, `parentid`, `arrparentid`, `child`, `arrchildid`, `catname`, `style`, `image`, `description`, `parentdir`, `catdir`, `url`, `items`, `hits`, `setting`, `listorder`, `ismenu`, `sethtml`, `letter`, `usable_type`) VALUES
(188, 1, 'content', 0, 11, 0, '0', 1, '188,189,190,191', '视频', '', '', '', '', 'shipin', 'http://localhost/bordon/index.php?m=content&c=index&a=lists&catid=188', 0, 0, 'array (\n  ''workflowid'' => '''',\n  ''ishtml'' => ''0'',\n  ''content_ishtml'' => ''0'',\n  ''create_to_html_root'' => ''0'',\n  ''template_list'' => ''mooc'',\n  ''category_template'' => ''category'',\n  ''list_template'' => ''list'',\n  ''show_template'' => ''show'',\n  ''meta_title'' => '''',\n  ''meta_keywords'' => '''',\n  ''meta_description'' => '''',\n  ''presentpoint'' => ''1'',\n  ''defaultchargepoint'' => ''0'',\n  ''paytype'' => ''0'',\n  ''repeatchargedays'' => ''1'',\n  ''category_ruleid'' => ''6'',\n  ''show_ruleid'' => ''16'',\n)', 188, 1, 0, 'shipin', ''),
(2, 1, 'content', 1, 0, 0, '0', 0, '2', '底页信息', '', '', '', '', 'footer', 'http://localhost/bordon/index.php?m=content&c=index&a=lists&catid=2', 0, 0, 'array (\n  ''ishtml'' => ''0'',\n  ''template_list'' => '''',\n  ''meta_title'' => '''',\n  ''meta_keywords'' => '''',\n  ''meta_description'' => '''',\n  ''category_ruleid'' => ''6'',\n  ''show_ruleid'' => '''',\n  ''repeatchargedays'' => ''1'',\n)', 2, 1, 0, 'diyexinxi', ''),
(189, 1, 'content', 0, 11, 188, '0,188', 0, '189', '翻转后课堂', '', '', '', 'shipin/', 'flipped', 'http://localhost/bordon/index.php?m=content&c=index&a=lists&catid=189', 3, 0, 'array (\n  ''workflowid'' => '''',\n  ''ishtml'' => ''0'',\n  ''content_ishtml'' => ''0'',\n  ''create_to_html_root'' => ''0'',\n  ''template_list'' => ''mooc'',\n  ''category_template'' => ''category'',\n  ''list_template'' => ''list'',\n  ''show_template'' => ''show'',\n  ''meta_title'' => '''',\n  ''meta_keywords'' => '''',\n  ''meta_description'' => '''',\n  ''presentpoint'' => ''1'',\n  ''defaultchargepoint'' => ''0'',\n  ''paytype'' => ''0'',\n  ''repeatchargedays'' => ''1'',\n  ''category_ruleid'' => ''6'',\n  ''show_ruleid'' => ''16'',\n)', 189, 1, 0, 'fanzhuanhouketang', ''),
(190, 1, 'content', 0, 11, 188, '0,188', 0, '190', '微视频大赛', '', '', '', 'shipin/', 'maward', 'http://localhost/bordon/index.php?m=content&c=index&a=lists&catid=190', 0, 0, 'array (\n  ''workflowid'' => '''',\n  ''ishtml'' => ''0'',\n  ''content_ishtml'' => ''0'',\n  ''create_to_html_root'' => ''0'',\n  ''template_list'' => ''mooc'',\n  ''category_template'' => ''category'',\n  ''list_template'' => ''list'',\n  ''show_template'' => ''show'',\n  ''meta_title'' => '''',\n  ''meta_keywords'' => '''',\n  ''meta_description'' => '''',\n  ''presentpoint'' => ''1'',\n  ''defaultchargepoint'' => ''0'',\n  ''paytype'' => ''0'',\n  ''repeatchargedays'' => ''1'',\n  ''category_ruleid'' => ''6'',\n  ''show_ruleid'' => ''16'',\n)', 190, 1, 0, 'weishipindasai', ''),
(191, 1, 'content', 0, 11, 188, '0,188', 0, '191', '微视频资源', '', '', '', 'shipin/', 'video', 'http://localhost/bordon/index.php?m=content&c=index&a=lists&catid=191', 23, 0, 'array (\n  ''workflowid'' => '''',\n  ''ishtml'' => ''0'',\n  ''content_ishtml'' => ''0'',\n  ''create_to_html_root'' => ''0'',\n  ''template_list'' => ''mooc'',\n  ''category_template'' => ''category'',\n  ''list_template'' => ''list'',\n  ''show_template'' => ''show'',\n  ''meta_title'' => '''',\n  ''meta_keywords'' => '''',\n  ''meta_description'' => '''',\n  ''presentpoint'' => ''1'',\n  ''defaultchargepoint'' => ''0'',\n  ''paytype'' => ''0'',\n  ''repeatchargedays'' => ''1'',\n  ''category_ruleid'' => ''6'',\n  ''show_ruleid'' => ''16'',\n)', 191, 1, 0, 'weishipinziyuan', '');

-- --------------------------------------------------------

--
-- 表的结构 `v9_category_priv`
--

CREATE TABLE IF NOT EXISTS `v9_category_priv` (
  `catid` smallint(5) unsigned NOT NULL DEFAULT '0',
  `siteid` smallint(5) unsigned NOT NULL DEFAULT '0',
  `roleid` smallint(5) unsigned NOT NULL DEFAULT '0',
  `is_admin` tinyint(1) unsigned NOT NULL DEFAULT '0',
  `action` char(30) NOT NULL,
  KEY `catid` (`catid`,`roleid`,`is_admin`,`action`),
  KEY `siteid` (`siteid`)
) ENGINE=MyISAM DEFAULT CHARSET=utf8;

--
-- 转存表中的数据 `v9_category_priv`
--

INSERT INTO `v9_category_priv` (`catid`, `siteid`, `roleid`, `is_admin`, `action`) VALUES
(90, 1, 2, 1, 'listorder'),
(15, 1, 2, 1, 'init'),
(14, 1, 2, 1, 'remove'),
(14, 1, 2, 1, 'push'),
(20, 1, 2, 1, 'delete'),
(20, 1, 2, 1, 'listorder'),
(20, 1, 2, 1, 'push'),
(91, 1, 2, 1, 'edit'),
(91, 1, 2, 1, 'add'),
(87, 1, 2, 1, 'listorder'),
(87, 1, 2, 1, 'push'),
(87, 1, 2, 1, 'remove'),
(85, 1, 2, 1, 'delete'),
(85, 1, 2, 1, 'push'),
(85, 1, 2, 1, 'listorder'),
(84, 1, 2, 1, 'edit'),
(84, 1, 2, 1, 'delete'),
(84, 1, 2, 1, 'listorder'),
(82, 1, 2, 1, 'add'),
(82, 1, 2, 1, 'edit'),
(82, 1, 2, 1, 'delete'),
(80, 1, 2, 1, 'init'),
(80, 1, 2, 1, 'edit'),
(80, 1, 2, 1, 'add'),
(77, 1, 2, 1, 'remove'),
(78, 1, 2, 1, 'add'),
(78, 1, 2, 1, 'init'),
(75, 1, 2, 1, 'push'),
(76, 1, 2, 1, 'init'),
(75, 1, 2, 1, 'remove'),
(73, 1, 2, 1, 'delete'),
(73, 1, 2, 1, 'listorder'),
(73, 1, 2, 1, 'push'),
(71, 1, 2, 1, 'init'),
(71, 1, 2, 1, 'edit'),
(71, 1, 2, 1, 'add'),
(68, 1, 2, 1, 'push'),
(68, 1, 2, 1, 'remove'),
(69, 1, 2, 1, 'init'),
(67, 1, 2, 1, 'edit'),
(67, 1, 2, 1, 'listorder'),
(67, 1, 2, 1, 'delete'),
(16, 1, 2, 1, 'remove'),
(17, 1, 2, 1, 'add'),
(17, 1, 2, 1, 'init'),
(15, 1, 2, 1, 'listorder'),
(15, 1, 2, 1, 'push'),
(15, 1, 2, 1, 'remove'),
(14, 1, 2, 1, 'listorder'),
(14, 1, 2, 1, 'delete'),
(14, 1, 2, 1, 'edit'),
(14, 1, 2, 1, 'add'),
(14, 1, 2, 1, 'init'),
(64, 1, 2, 1, 'remove'),
(64, 1, 2, 1, 'push'),
(64, 1, 2, 1, 'listorder'),
(64, 1, 2, 1, 'delete'),
(64, 1, 2, 1, 'edit'),
(64, 1, 2, 1, 'add'),
(64, 1, 2, 1, 'init'),
(13, 1, 2, 1, 'remove'),
(13, 1, 2, 1, 'push'),
(13, 1, 2, 1, 'listorder'),
(97, 1, 2, 1, 'add'),
(97, 1, 2, 1, 'edit'),
(97, 1, 2, 1, 'delete'),
(13, 1, 2, 1, 'delete'),
(13, 1, 2, 1, 'edit'),
(13, 1, 2, 1, 'add'),
(13, 1, 2, 1, 'init'),
(63, 1, 2, 1, 'remove'),
(63, 1, 2, 1, 'push'),
(63, 1, 2, 1, 'listorder'),
(63, 1, 2, 1, 'delete'),
(63, 1, 2, 1, 'edit'),
(63, 1, 2, 1, 'add'),
(63, 1, 2, 1, 'init'),
(62, 1, 2, 1, 'remove'),
(62, 1, 2, 1, 'push'),
(62, 1, 2, 1, 'listorder'),
(62, 1, 2, 1, 'delete'),
(62, 1, 2, 1, 'edit'),
(62, 1, 2, 1, 'add'),
(62, 1, 2, 1, 'init'),
(61, 1, 2, 1, 'remove'),
(61, 1, 2, 1, 'push'),
(61, 1, 2, 1, 'listorder'),
(61, 1, 2, 1, 'delete'),
(61, 1, 2, 1, 'edit'),
(61, 1, 2, 1, 'add'),
(61, 1, 2, 1, 'init'),
(60, 1, 2, 1, 'remove'),
(60, 1, 2, 1, 'push'),
(60, 1, 2, 1, 'listorder'),
(60, 1, 2, 1, 'delete'),
(60, 1, 2, 1, 'edit'),
(60, 1, 2, 1, 'add'),
(60, 1, 2, 1, 'init'),
(59, 1, 2, 1, 'remove'),
(59, 1, 2, 1, 'push'),
(59, 1, 2, 1, 'listorder'),
(59, 1, 2, 1, 'delete'),
(95, 1, 2, 1, 'remove'),
(96, 1, 2, 1, 'add'),
(96, 1, 2, 1, 'init'),
(59, 1, 2, 1, 'edit'),
(59, 1, 2, 1, 'add'),
(59, 1, 2, 1, 'init'),
(58, 1, 2, 1, 'remove'),
(58, 1, 2, 1, 'push'),
(58, 1, 2, 1, 'listorder'),
(58, 1, 2, 1, 'delete'),
(58, 1, 2, 1, 'edit'),
(58, 1, 2, 1, 'add'),
(58, 1, 2, 1, 'init'),
(57, 1, 2, 1, 'remove'),
(57, 1, 2, 1, 'push'),
(57, 1, 2, 1, 'listorder'),
(57, 1, 2, 1, 'delete'),
(57, 1, 2, 1, 'edit'),
(57, 1, 2, 1, 'add'),
(57, 1, 2, 1, 'init'),
(56, 1, 2, 1, 'remove'),
(56, 1, 2, 1, 'push'),
(56, 1, 2, 1, 'listorder'),
(56, 1, 2, 1, 'delete'),
(56, 1, 2, 1, 'edit'),
(56, 1, 2, 1, 'add'),
(56, 1, 2, 1, 'init'),
(55, 1, 2, 1, 'remove'),
(55, 1, 2, 1, 'push'),
(55, 1, 2, 1, 'listorder'),
(55, 1, 2, 1, 'delete'),
(55, 1, 2, 1, 'edit'),
(55, 1, 2, 1, 'add'),
(55, 1, 2, 1, 'init'),
(54, 1, 2, 1, 'remove'),
(54, 1, 2, 1, 'push'),
(54, 1, 2, 1, 'listorder'),
(54, 1, 2, 1, 'delete'),
(54, 1, 2, 1, 'edit'),
(54, 1, 2, 1, 'add'),
(54, 1, 2, 1, 'init'),
(53, 1, 2, 1, 'remove'),
(53, 1, 2, 1, 'push'),
(53, 1, 2, 1, 'listorder'),
(53, 1, 2, 1, 'delete'),
(53, 1, 2, 1, 'edit'),
(21, 1, 2, 1, 'add'),
(21, 1, 2, 1, 'edit'),
(21, 1, 2, 1, 'init'),
(20, 1, 2, 1, 'remove'),
(21, 1, 2, 1, 'delete'),
(21, 1, 2, 1, 'listorder'),
(94, 1, 2, 1, 'edit'),
(93, 1, 2, 1, 'edit'),
(93, 1, 2, 1, 'remove'),
(95, 1, 2, 1, 'add'),
(94, 1, 2, 1, 'listorder'),
(94, 1, 2, 1, 'delete'),
(89, 1, 2, 1, 'edit'),
(88, 1, 2, 1, 'edit'),
(89, 1, 2, 1, 'delete'),
(88, 1, 2, 1, 'remove'),
(89, 1, 2, 1, 'listorder'),
(89, 1, 2, 1, 'init'),
(86, 1, 2, 1, 'init'),
(87, 1, 2, 1, 'add'),
(86, 1, 2, 1, 'listorder'),
(86, 1, 2, 1, 'add'),
(86, 1, 2, 1, 'delete'),
(85, 1, 2, 1, 'remove'),
(86, 1, 2, 1, 'edit'),
(85, 1, 2, 1, 'add'),
(19, 1, 2, 1, 'init'),
(19, 1, 2, 1, 'push'),
(19, 1, 2, 1, 'listorder'),
(85, 1, 2, 1, 'init'),
(85, 1, 2, 1, 'edit'),
(19, 1, 2, 1, 'remove'),
(84, 1, 2, 1, 'init'),
(82, 1, 2, 1, 'remove'),
(83, 1, 2, 1, 'listorder'),
(83, 1, 2, 1, 'delete'),
(83, 1, 2, 1, 'remove'),
(84, 1, 2, 1, 'add'),
(83, 1, 2, 1, 'push'),
(81, 1, 2, 1, 'delete'),
(82, 1, 2, 1, 'init'),
(81, 1, 2, 1, 'listorder'),
(81, 1, 2, 1, 'remove'),
(81, 1, 2, 1, 'edit'),
(81, 1, 2, 1, 'push'),
(79, 1, 2, 1, 'edit'),
(79, 1, 2, 1, 'remove'),
(79, 1, 2, 1, 'delete'),
(79, 1, 2, 1, 'push'),
(79, 1, 2, 1, 'add'),
(79, 1, 2, 1, 'listorder'),
(77, 1, 2, 1, 'add'),
(77, 1, 2, 1, 'push'),
(77, 1, 2, 1, 'edit'),
(77, 1, 2, 1, 'listorder'),
(77, 1, 2, 1, 'init'),
(77, 1, 2, 1, 'delete'),
(74, 1, 2, 1, 'delete'),
(74, 1, 2, 1, 'init'),
(73, 1, 2, 1, 'remove'),
(74, 1, 2, 1, 'edit'),
(74, 1, 2, 1, 'listorder'),
(74, 1, 2, 1, 'add'),
(71, 1, 2, 1, 'remove'),
(72, 1, 2, 1, 'edit'),
(72, 1, 2, 1, 'init'),
(72, 1, 2, 1, 'add'),
(71, 1, 2, 1, 'push'),
(71, 1, 2, 1, 'listorder'),
(71, 1, 2, 1, 'delete'),
(69, 1, 2, 1, 'push'),
(69, 1, 2, 1, 'edit'),
(69, 1, 2, 1, 'add'),
(69, 1, 2, 1, 'listorder'),
(69, 1, 2, 1, 'remove'),
(69, 1, 2, 1, 'delete'),
(18, 1, 2, 1, 'add'),
(18, 1, 2, 1, 'listorder'),
(18, 1, 2, 1, 'edit'),
(18, 1, 2, 1, 'delete'),
(18, 1, 2, 1, 'init'),
(67, 1, 2, 1, 'remove'),
(67, 1, 2, 1, 'push'),
(17, 1, 2, 1, 'push'),
(66, 1, 2, 1, 'add'),
(17, 1, 2, 1, 'remove'),
(66, 1, 2, 1, 'init'),
(17, 1, 2, 1, 'listorder'),
(17, 1, 2, 1, 'delete'),
(17, 1, 2, 1, 'edit'),
(65, 1, 2, 1, 'listorder'),
(65, 1, 2, 1, 'add'),
(65, 1, 2, 1, 'init'),
(65, 1, 2, 1, 'delete'),
(65, 1, 2, 1, 'push'),
(65, 1, 2, 1, 'edit'),
(53, 1, 2, 1, 'add'),
(53, 1, 2, 1, 'init'),
(52, 1, 2, 1, 'remove'),
(52, 1, 2, 1, 'push'),
(52, 1, 2, 1, 'listorder'),
(52, 1, 2, 1, 'delete'),
(52, 1, 2, 1, 'edit'),
(52, 1, 2, 1, 'add'),
(52, 1, 2, 1, 'init'),
(51, 1, 2, 1, 'remove'),
(51, 1, 2, 1, 'push'),
(51, 1, 2, 1, 'listorder'),
(51, 1, 2, 1, 'delete'),
(51, 1, 2, 1, 'edit'),
(51, 1, 2, 1, 'add'),
(51, 1, 2, 1, 'init'),
(50, 1, 2, 1, 'remove'),
(50, 1, 2, 1, 'push'),
(50, 1, 2, 1, 'listorder'),
(50, 1, 2, 1, 'delete'),
(50, 1, 2, 1, 'edit'),
(50, 1, 2, 1, 'add'),
(50, 1, 2, 1, 'init'),
(12, 1, 2, 1, 'remove'),
(12, 1, 2, 1, 'push'),
(21, 1, 2, 1, 'remove'),
(92, 1, 2, 1, 'listorder'),
(98, 1, 2, 1, 'delete'),
(98, 1, 2, 1, 'init'),
(98, 1, 2, 1, 'edit'),
(21, 1, 2, 1, 'push'),
(98, 1, 2, 1, 'add'),
(95, 1, 2, 1, 'push'),
(92, 1, 2, 1, 'remove'),
(95, 1, 2, 1, 'init'),
(95, 1, 2, 1, 'listorder'),
(95, 1, 2, 1, 'delete'),
(95, 1, 2, 1, 'edit'),
(88, 1, 2, 1, 'add'),
(99, 1, 2, 1, 'push'),
(88, 1, 2, 1, 'init'),
(99, 1, 2, 1, 'listorder'),
(88, 1, 2, 1, 'listorder'),
(88, 1, 2, 1, 'delete'),
(88, 1, 2, 1, 'push'),
(87, 1, 2, 1, 'delete'),
(91, 1, 2, 1, 'listorder'),
(87, 1, 2, 1, 'init'),
(93, 1, 2, 1, 'add'),
(86, 1, 2, 1, 'remove'),
(87, 1, 2, 1, 'edit'),
(86, 1, 2, 1, 'push'),
(84, 1, 2, 1, 'remove'),
(99, 1, 2, 1, 'delete'),
(84, 1, 2, 1, 'push'),
(99, 1, 2, 1, 'edit'),
(19, 1, 2, 1, 'edit'),
(19, 1, 2, 1, 'add'),
(19, 1, 2, 1, 'delete'),
(82, 1, 2, 1, 'push'),
(99, 1, 2, 1, 'add'),
(82, 1, 2, 1, 'listorder'),
(99, 1, 2, 1, 'init'),
(83, 1, 2, 1, 'add'),
(83, 1, 2, 1, 'init'),
(83, 1, 2, 1, 'edit'),
(81, 1, 2, 1, 'init'),
(98, 1, 2, 1, 'remove'),
(80, 1, 2, 1, 'listorder'),
(80, 1, 2, 1, 'delete'),
(80, 1, 2, 1, 'remove'),
(81, 1, 2, 1, 'add'),
(80, 1, 2, 1, 'push'),
(78, 1, 2, 1, 'remove'),
(98, 1, 2, 1, 'push'),
(78, 1, 2, 1, 'delete'),
(78, 1, 2, 1, 'edit'),
(78, 1, 2, 1, 'push'),
(79, 1, 2, 1, 'init'),
(78, 1, 2, 1, 'listorder'),
(76, 1, 2, 1, 'push'),
(98, 1, 2, 1, 'listorder'),
(76, 1, 2, 1, 'edit'),
(76, 1, 2, 1, 'add'),
(76, 1, 2, 1, 'listorder'),
(76, 1, 2, 1, 'remove'),
(76, 1, 2, 1, 'delete'),
(75, 1, 2, 1, 'add'),
(75, 1, 2, 1, 'listorder'),
(75, 1, 2, 1, 'edit'),
(75, 1, 2, 1, 'delete'),
(75, 1, 2, 1, 'init'),
(74, 1, 2, 1, 'remove'),
(74, 1, 2, 1, 'push'),
(72, 1, 2, 1, 'remove'),
(73, 1, 2, 1, 'edit'),
(73, 1, 2, 1, 'init'),
(73, 1, 2, 1, 'add'),
(72, 1, 2, 1, 'push'),
(72, 1, 2, 1, 'listorder'),
(72, 1, 2, 1, 'delete'),
(70, 1, 2, 1, 'delete'),
(70, 1, 2, 1, 'remove'),
(70, 1, 2, 1, 'listorder'),
(70, 1, 2, 1, 'push'),
(70, 1, 2, 1, 'edit'),
(70, 1, 2, 1, 'add'),
(70, 1, 2, 1, 'init'),
(68, 1, 2, 1, 'add'),
(68, 1, 2, 1, 'listorder'),
(68, 1, 2, 1, 'edit'),
(68, 1, 2, 1, 'delete'),
(68, 1, 2, 1, 'init'),
(18, 1, 2, 1, 'remove'),
(18, 1, 2, 1, 'push'),
(66, 1, 2, 1, 'push'),
(67, 1, 2, 1, 'add'),
(66, 1, 2, 1, 'remove'),
(67, 1, 2, 1, 'init'),
(66, 1, 2, 1, 'listorder'),
(66, 1, 2, 1, 'delete'),
(66, 1, 2, 1, 'edit'),
(16, 1, 2, 1, 'edit'),
(16, 1, 2, 1, 'push'),
(16, 1, 2, 1, 'delete'),
(16, 1, 2, 1, 'listorder'),
(16, 1, 2, 1, 'add'),
(16, 1, 2, 1, 'init'),
(65, 1, 2, 1, 'remove'),
(12, 1, 2, 1, 'listorder'),
(15, 1, 2, 1, 'delete'),
(15, 1, 2, 1, 'add'),
(15, 1, 2, 1, 'edit'),
(12, 1, 2, 1, 'delete'),
(12, 1, 2, 1, 'edit'),
(12, 1, 2, 1, 'add'),
(12, 1, 2, 1, 'init'),
(11, 1, 2, 1, 'remove'),
(11, 1, 2, 1, 'push'),
(11, 1, 2, 1, 'listorder'),
(11, 1, 2, 1, 'delete'),
(11, 1, 2, 1, 'edit'),
(11, 1, 2, 1, 'add'),
(11, 1, 2, 1, 'init'),
(49, 1, 2, 1, 'remove'),
(49, 1, 2, 1, 'push'),
(49, 1, 2, 1, 'listorder'),
(49, 1, 2, 1, 'delete'),
(49, 1, 2, 1, 'edit'),
(49, 1, 2, 1, 'add'),
(49, 1, 2, 1, 'init'),
(48, 1, 2, 1, 'remove'),
(48, 1, 2, 1, 'push'),
(48, 1, 2, 1, 'listorder'),
(48, 1, 2, 1, 'delete'),
(48, 1, 2, 1, 'edit'),
(48, 1, 2, 1, 'add'),
(20, 1, 2, 1, 'add'),
(93, 1, 2, 1, 'listorder'),
(97, 1, 2, 1, 'push'),
(97, 1, 2, 1, 'listorder'),
(20, 1, 2, 1, 'init'),
(20, 1, 2, 1, 'edit'),
(97, 1, 2, 1, 'remove'),
(48, 1, 2, 1, 'init'),
(10, 1, 2, 1, 'remove'),
(10, 1, 2, 1, 'push'),
(10, 1, 2, 1, 'listorder'),
(10, 1, 2, 1, 'delete'),
(10, 1, 2, 1, 'edit'),
(10, 1, 2, 1, 'add'),
(10, 1, 2, 1, 'init'),
(9, 1, 2, 1, 'remove'),
(9, 1, 2, 1, 'push'),
(9, 1, 2, 1, 'listorder'),
(9, 1, 2, 1, 'delete'),
(9, 1, 2, 1, 'edit'),
(9, 1, 2, 1, 'add'),
(9, 1, 2, 1, 'init'),
(47, 1, 2, 1, 'remove'),
(47, 1, 2, 1, 'push'),
(47, 1, 2, 1, 'listorder'),
(47, 1, 2, 1, 'delete'),
(47, 1, 2, 1, 'edit'),
(47, 1, 2, 1, 'add'),
(47, 1, 2, 1, 'init'),
(8, 1, 2, 1, 'remove'),
(8, 1, 2, 1, 'push'),
(8, 1, 2, 1, 'listorder'),
(8, 1, 2, 1, 'delete'),
(8, 1, 2, 1, 'edit'),
(8, 1, 2, 1, 'add'),
(8, 1, 2, 1, 'init'),
(46, 1, 2, 1, 'remove'),
(46, 1, 2, 1, 'push'),
(46, 1, 2, 1, 'listorder'),
(46, 1, 2, 1, 'delete'),
(46, 1, 2, 1, 'edit'),
(46, 1, 2, 1, 'add'),
(46, 1, 2, 1, 'init'),
(45, 1, 2, 1, 'remove'),
(45, 1, 2, 1, 'push'),
(45, 1, 2, 1, 'listorder'),
(45, 1, 2, 1, 'delete'),
(45, 1, 2, 1, 'edit'),
(45, 1, 2, 1, 'add'),
(45, 1, 2, 1, 'init'),
(44, 1, 2, 1, 'remove'),
(44, 1, 2, 1, 'push'),
(44, 1, 2, 1, 'listorder'),
(44, 1, 2, 1, 'delete'),
(44, 1, 2, 1, 'edit'),
(44, 1, 2, 1, 'add'),
(44, 1, 2, 1, 'init'),
(7, 1, 2, 1, 'remove'),
(7, 1, 2, 1, 'push'),
(7, 1, 2, 1, 'listorder'),
(7, 1, 2, 1, 'delete'),
(7, 1, 2, 1, 'edit'),
(7, 1, 2, 1, 'add'),
(7, 1, 2, 1, 'init'),
(43, 1, 2, 1, 'remove'),
(43, 1, 2, 1, 'push'),
(43, 1, 2, 1, 'listorder'),
(43, 1, 2, 1, 'delete'),
(43, 1, 2, 1, 'edit'),
(43, 1, 2, 1, 'add'),
(43, 1, 2, 1, 'init'),
(6, 1, 2, 1, 'remove'),
(6, 1, 2, 1, 'push'),
(6, 1, 2, 1, 'listorder'),
(6, 1, 2, 1, 'delete'),
(6, 1, 2, 1, 'edit'),
(6, 1, 2, 1, 'add'),
(6, 1, 2, 1, 'init'),
(42, 1, 2, 1, 'remove'),
(42, 1, 2, 1, 'push'),
(42, 1, 2, 1, 'listorder'),
(42, 1, 2, 1, 'delete'),
(42, 1, 2, 1, 'edit'),
(42, 1, 2, 1, 'add'),
(42, 1, 2, 1, 'init'),
(41, 1, 2, 1, 'remove'),
(41, 1, 2, 1, 'push'),
(41, 1, 2, 1, 'listorder'),
(41, 1, 2, 1, 'delete'),
(41, 1, 2, 1, 'edit'),
(41, 1, 2, 1, 'add'),
(96, 1, 2, 1, 'delete'),
(93, 1, 2, 1, 'push'),
(97, 1, 2, 1, 'init'),
(96, 1, 2, 1, 'listorder'),
(96, 1, 2, 1, 'remove'),
(96, 1, 2, 1, 'edit'),
(96, 1, 2, 1, 'push'),
(41, 1, 2, 1, 'init'),
(5, 1, 2, 1, 'remove'),
(5, 1, 2, 1, 'push'),
(5, 1, 2, 1, 'listorder'),
(5, 1, 2, 1, 'delete'),
(5, 1, 2, 1, 'edit'),
(5, 1, 2, 1, 'add'),
(5, 1, 2, 1, 'init'),
(40, 1, 2, 1, 'remove'),
(40, 1, 2, 1, 'push'),
(40, 1, 2, 1, 'listorder'),
(40, 1, 2, 1, 'delete'),
(40, 1, 2, 1, 'edit'),
(40, 1, 2, 1, 'add'),
(40, 1, 2, 1, 'init'),
(39, 1, 2, 1, 'remove'),
(39, 1, 2, 1, 'push'),
(39, 1, 2, 1, 'listorder'),
(39, 1, 2, 1, 'delete'),
(39, 1, 2, 1, 'edit'),
(39, 1, 2, 1, 'add'),
(39, 1, 2, 1, 'init'),
(38, 1, 2, 1, 'add'),
(38, 1, 2, 1, 'delete'),
(38, 1, 2, 1, 'push'),
(38, 1, 2, 1, 'listorder'),
(38, 1, 2, 1, 'edit'),
(38, 1, 10, 1, 'init'),
(38, 1, 2, 1, 'init'),
(4, 1, 2, 1, 'remove'),
(4, 1, 2, 1, 'push'),
(4, 1, 2, 1, 'listorder'),
(4, 1, 2, 1, 'delete'),
(4, 1, 2, 1, 'edit'),
(4, 1, 2, 1, 'add'),
(4, 1, 2, 1, 'init'),
(3, 1, 2, 1, 'remove'),
(3, 1, 2, 1, 'push'),
(3, 1, 2, 1, 'listorder'),
(3, 1, 2, 1, 'delete'),
(3, 1, 2, 1, 'edit'),
(3, 1, 2, 1, 'add'),
(3, 1, 2, 1, 'init'),
(1, 1, 2, 1, 'remove'),
(1, 1, 2, 1, 'push'),
(1, 1, 2, 1, 'listorder'),
(1, 1, 2, 1, 'delete'),
(1, 1, 2, 1, 'edit'),
(1, 1, 2, 1, 'add'),
(1, 1, 2, 1, 'init'),
(93, 1, 2, 1, 'delete'),
(94, 1, 2, 1, 'add'),
(94, 1, 2, 1, 'init'),
(94, 1, 2, 1, 'push'),
(94, 1, 2, 1, 'remove'),
(93, 1, 2, 1, 'init'),
(90, 1, 2, 1, 'edit'),
(89, 1, 2, 1, 'add'),
(89, 1, 2, 1, 'remove'),
(89, 1, 2, 1, 'push'),
(90, 1, 2, 1, 'add'),
(90, 1, 2, 1, 'delete'),
(90, 1, 2, 1, 'init'),
(91, 1, 2, 1, 'init'),
(90, 1, 2, 1, 'remove'),
(90, 1, 2, 1, 'push'),
(91, 1, 2, 1, 'delete'),
(92, 1, 2, 1, 'push'),
(92, 1, 2, 1, 'add'),
(92, 1, 2, 1, 'delete'),
(92, 1, 2, 1, 'edit'),
(91, 1, 2, 1, 'push'),
(92, 1, 2, 1, 'init'),
(91, 1, 2, 1, 'remove'),
(99, 1, 2, 1, 'remove'),
(100, 1, 2, 1, 'init'),
(100, 1, 2, 1, 'add'),
(100, 1, 2, 1, 'edit'),
(100, 1, 2, 1, 'delete'),
(100, 1, 2, 1, 'listorder'),
(100, 1, 2, 1, 'push'),
(100, 1, 2, 1, 'remove'),
(101, 1, 2, 1, 'init'),
(101, 1, 2, 1, 'add'),
(101, 1, 2, 1, 'edit'),
(101, 1, 2, 1, 'delete'),
(101, 1, 2, 1, 'listorder'),
(101, 1, 2, 1, 'push'),
(101, 1, 2, 1, 'remove'),
(102, 1, 2, 1, 'init'),
(102, 1, 2, 1, 'add'),
(102, 1, 2, 1, 'edit'),
(102, 1, 2, 1, 'delete'),
(102, 1, 2, 1, 'listorder'),
(102, 1, 2, 1, 'push'),
(102, 1, 2, 1, 'remove'),
(103, 1, 2, 1, 'init'),
(103, 1, 2, 1, 'add'),
(103, 1, 2, 1, 'edit'),
(103, 1, 2, 1, 'delete'),
(103, 1, 2, 1, 'listorder'),
(103, 1, 2, 1, 'push'),
(103, 1, 2, 1, 'remove'),
(22, 1, 2, 1, 'init'),
(22, 1, 2, 1, 'add'),
(22, 1, 2, 1, 'edit'),
(22, 1, 2, 1, 'delete'),
(22, 1, 2, 1, 'listorder'),
(22, 1, 2, 1, 'push'),
(22, 1, 2, 1, 'remove'),
(104, 1, 2, 1, 'init'),
(104, 1, 2, 1, 'add'),
(104, 1, 2, 1, 'edit'),
(104, 1, 2, 1, 'delete'),
(104, 1, 2, 1, 'listorder'),
(104, 1, 2, 1, 'push'),
(104, 1, 2, 1, 'remove'),
(105, 1, 2, 1, 'init'),
(105, 1, 2, 1, 'add'),
(105, 1, 2, 1, 'edit'),
(105, 1, 2, 1, 'delete'),
(105, 1, 2, 1, 'listorder'),
(105, 1, 2, 1, 'push'),
(105, 1, 2, 1, 'remove'),
(106, 1, 2, 1, 'init'),
(106, 1, 2, 1, 'add'),
(106, 1, 2, 1, 'edit'),
(106, 1, 2, 1, 'delete'),
(106, 1, 2, 1, 'listorder'),
(106, 1, 2, 1, 'push'),
(106, 1, 2, 1, 'remove'),
(107, 1, 2, 1, 'init'),
(107, 1, 2, 1, 'add'),
(107, 1, 2, 1, 'edit'),
(107, 1, 2, 1, 'delete'),
(107, 1, 2, 1, 'listorder'),
(107, 1, 2, 1, 'push'),
(107, 1, 2, 1, 'remove'),
(108, 1, 2, 1, 'init'),
(108, 1, 2, 1, 'add'),
(108, 1, 2, 1, 'edit'),
(108, 1, 2, 1, 'delete'),
(108, 1, 2, 1, 'listorder'),
(108, 1, 2, 1, 'push'),
(108, 1, 2, 1, 'remove'),
(109, 1, 2, 1, 'init'),
(109, 1, 2, 1, 'add'),
(109, 1, 2, 1, 'edit'),
(109, 1, 2, 1, 'delete'),
(109, 1, 2, 1, 'listorder'),
(109, 1, 2, 1, 'push'),
(109, 1, 2, 1, 'remove'),
(110, 1, 2, 1, 'init'),
(110, 1, 2, 1, 'add'),
(110, 1, 2, 1, 'edit'),
(110, 1, 2, 1, 'delete'),
(110, 1, 2, 1, 'listorder'),
(110, 1, 2, 1, 'push'),
(110, 1, 2, 1, 'remove'),
(111, 1, 2, 1, 'init'),
(111, 1, 2, 1, 'add'),
(111, 1, 2, 1, 'edit'),
(111, 1, 2, 1, 'delete'),
(111, 1, 2, 1, 'listorder'),
(111, 1, 2, 1, 'push'),
(111, 1, 2, 1, 'remove'),
(112, 1, 2, 1, 'init'),
(112, 1, 2, 1, 'add'),
(112, 1, 2, 1, 'edit'),
(112, 1, 2, 1, 'delete'),
(112, 1, 2, 1, 'listorder'),
(112, 1, 2, 1, 'push'),
(112, 1, 2, 1, 'remove'),
(113, 1, 2, 1, 'init'),
(113, 1, 2, 1, 'add'),
(113, 1, 2, 1, 'edit'),
(113, 1, 2, 1, 'delete'),
(113, 1, 2, 1, 'listorder'),
(113, 1, 2, 1, 'push'),
(113, 1, 2, 1, 'remove'),
(23, 1, 2, 1, 'init'),
(23, 1, 2, 1, 'add'),
(23, 1, 2, 1, 'edit'),
(23, 1, 2, 1, 'delete'),
(23, 1, 2, 1, 'listorder'),
(23, 1, 2, 1, 'push'),
(23, 1, 2, 1, 'remove'),
(133, 1, 2, 1, 'init'),
(133, 1, 2, 1, 'add'),
(133, 1, 2, 1, 'edit'),
(133, 1, 2, 1, 'delete'),
(133, 1, 2, 1, 'listorder'),
(133, 1, 2, 1, 'push'),
(133, 1, 2, 1, 'remove'),
(24, 1, 2, 1, 'init'),
(24, 1, 2, 1, 'add'),
(24, 1, 2, 1, 'edit'),
(24, 1, 2, 1, 'delete'),
(24, 1, 2, 1, 'listorder'),
(24, 1, 2, 1, 'push'),
(24, 1, 2, 1, 'remove'),
(134, 1, 2, 1, 'init'),
(134, 1, 2, 1, 'add'),
(134, 1, 2, 1, 'edit'),
(134, 1, 2, 1, 'delete'),
(134, 1, 2, 1, 'listorder'),
(134, 1, 2, 1, 'push'),
(134, 1, 2, 1, 'remove'),
(135, 1, 2, 1, 'init'),
(135, 1, 2, 1, 'add'),
(135, 1, 2, 1, 'edit'),
(135, 1, 2, 1, 'delete'),
(135, 1, 2, 1, 'listorder'),
(135, 1, 2, 1, 'push'),
(135, 1, 2, 1, 'remove'),
(136, 1, 2, 1, 'init'),
(136, 1, 2, 1, 'add'),
(136, 1, 2, 1, 'edit'),
(136, 1, 2, 1, 'delete'),
(136, 1, 2, 1, 'listorder'),
(136, 1, 2, 1, 'push'),
(136, 1, 2, 1, 'remove'),
(25, 1, 2, 1, 'init'),
(25, 1, 2, 1, 'add'),
(25, 1, 2, 1, 'edit'),
(25, 1, 2, 1, 'delete'),
(25, 1, 2, 1, 'listorder'),
(25, 1, 2, 1, 'push'),
(25, 1, 2, 1, 'remove'),
(137, 1, 2, 1, 'init'),
(137, 1, 2, 1, 'add'),
(137, 1, 2, 1, 'edit'),
(137, 1, 2, 1, 'delete'),
(137, 1, 2, 1, 'listorder'),
(137, 1, 2, 1, 'push'),
(137, 1, 2, 1, 'remove'),
(138, 1, 2, 1, 'init'),
(138, 1, 2, 1, 'add'),
(138, 1, 2, 1, 'edit'),
(138, 1, 2, 1, 'delete'),
(138, 1, 2, 1, 'listorder'),
(138, 1, 2, 1, 'push'),
(138, 1, 2, 1, 'remove'),
(139, 1, 2, 1, 'init'),
(139, 1, 2, 1, 'add'),
(139, 1, 2, 1, 'edit'),
(139, 1, 2, 1, 'delete'),
(139, 1, 2, 1, 'listorder'),
(139, 1, 2, 1, 'push'),
(139, 1, 2, 1, 'remove'),
(140, 1, 2, 1, 'init'),
(140, 1, 2, 1, 'add'),
(140, 1, 2, 1, 'edit'),
(140, 1, 2, 1, 'delete'),
(140, 1, 2, 1, 'listorder'),
(140, 1, 2, 1, 'push'),
(140, 1, 2, 1, 'remove'),
(141, 1, 2, 1, 'init'),
(141, 1, 2, 1, 'add'),
(141, 1, 2, 1, 'edit'),
(141, 1, 2, 1, 'delete'),
(141, 1, 2, 1, 'listorder'),
(141, 1, 2, 1, 'push'),
(141, 1, 2, 1, 'remove'),
(142, 1, 2, 1, 'init'),
(142, 1, 2, 1, 'add'),
(142, 1, 2, 1, 'edit'),
(142, 1, 2, 1, 'delete'),
(142, 1, 2, 1, 'listorder'),
(142, 1, 2, 1, 'push'),
(142, 1, 2, 1, 'remove'),
(26, 1, 2, 1, 'init'),
(26, 1, 2, 1, 'add'),
(26, 1, 2, 1, 'edit'),
(26, 1, 2, 1, 'delete'),
(26, 1, 2, 1, 'listorder'),
(26, 1, 2, 1, 'push'),
(26, 1, 2, 1, 'remove'),
(27, 1, 2, 1, 'init'),
(27, 1, 2, 1, 'add'),
(27, 1, 2, 1, 'edit'),
(27, 1, 2, 1, 'delete'),
(27, 1, 2, 1, 'listorder'),
(27, 1, 2, 1, 'push'),
(27, 1, 2, 1, 'remove'),
(143, 1, 2, 1, 'init'),
(143, 1, 2, 1, 'add'),
(143, 1, 2, 1, 'edit'),
(143, 1, 2, 1, 'delete'),
(143, 1, 2, 1, 'listorder'),
(143, 1, 2, 1, 'push'),
(143, 1, 2, 1, 'remove'),
(28, 1, 2, 1, 'init'),
(28, 1, 2, 1, 'add'),
(28, 1, 2, 1, 'edit'),
(28, 1, 2, 1, 'delete'),
(28, 1, 2, 1, 'listorder'),
(28, 1, 2, 1, 'push'),
(28, 1, 2, 1, 'remove'),
(144, 1, 2, 1, 'init'),
(144, 1, 2, 1, 'add'),
(144, 1, 2, 1, 'edit'),
(144, 1, 2, 1, 'delete'),
(144, 1, 2, 1, 'listorder'),
(144, 1, 2, 1, 'push'),
(144, 1, 2, 1, 'remove'),
(29, 1, 2, 1, 'init'),
(29, 1, 2, 1, 'add'),
(29, 1, 2, 1, 'edit'),
(29, 1, 2, 1, 'delete'),
(29, 1, 2, 1, 'listorder'),
(29, 1, 2, 1, 'push'),
(29, 1, 2, 1, 'remove'),
(145, 1, 2, 1, 'init'),
(145, 1, 2, 1, 'add'),
(145, 1, 2, 1, 'edit'),
(145, 1, 2, 1, 'delete'),
(145, 1, 2, 1, 'listorder'),
(145, 1, 2, 1, 'push'),
(145, 1, 2, 1, 'remove'),
(146, 1, 2, 1, 'init'),
(146, 1, 2, 1, 'add'),
(146, 1, 2, 1, 'edit'),
(146, 1, 2, 1, 'delete'),
(146, 1, 2, 1, 'listorder'),
(146, 1, 2, 1, 'push'),
(146, 1, 2, 1, 'remove'),
(147, 1, 2, 1, 'init'),
(147, 1, 2, 1, 'add'),
(147, 1, 2, 1, 'edit'),
(147, 1, 2, 1, 'delete'),
(147, 1, 2, 1, 'listorder'),
(147, 1, 2, 1, 'push'),
(147, 1, 2, 1, 'remove'),
(30, 1, 2, 1, 'init'),
(30, 1, 2, 1, 'add'),
(30, 1, 2, 1, 'edit'),
(30, 1, 2, 1, 'delete'),
(30, 1, 2, 1, 'listorder'),
(30, 1, 2, 1, 'push'),
(30, 1, 2, 1, 'remove'),
(148, 1, 2, 1, 'init'),
(148, 1, 2, 1, 'add'),
(148, 1, 2, 1, 'edit'),
(148, 1, 2, 1, 'delete'),
(148, 1, 2, 1, 'listorder'),
(148, 1, 2, 1, 'push'),
(148, 1, 2, 1, 'remove'),
(31, 1, 2, 1, 'init'),
(31, 1, 2, 1, 'add'),
(31, 1, 2, 1, 'edit'),
(31, 1, 2, 1, 'delete'),
(31, 1, 2, 1, 'listorder'),
(31, 1, 2, 1, 'push'),
(31, 1, 2, 1, 'remove'),
(149, 1, 2, 1, 'init'),
(149, 1, 2, 1, 'add'),
(149, 1, 2, 1, 'edit'),
(149, 1, 2, 1, 'delete'),
(149, 1, 2, 1, 'listorder'),
(149, 1, 2, 1, 'push'),
(149, 1, 2, 1, 'remove'),
(32, 1, 2, 1, 'init'),
(32, 1, 2, 1, 'add'),
(32, 1, 2, 1, 'edit'),
(32, 1, 2, 1, 'delete'),
(32, 1, 2, 1, 'listorder'),
(32, 1, 2, 1, 'push'),
(32, 1, 2, 1, 'remove'),
(150, 1, 2, 1, 'init'),
(150, 1, 2, 1, 'add'),
(150, 1, 2, 1, 'edit'),
(150, 1, 2, 1, 'delete'),
(150, 1, 2, 1, 'listorder'),
(150, 1, 2, 1, 'push'),
(150, 1, 2, 1, 'remove'),
(151, 1, 2, 1, 'init'),
(151, 1, 2, 1, 'add'),
(151, 1, 2, 1, 'edit'),
(151, 1, 2, 1, 'delete'),
(151, 1, 2, 1, 'listorder'),
(151, 1, 2, 1, 'push'),
(151, 1, 2, 1, 'remove'),
(152, 1, 2, 1, 'init'),
(152, 1, 2, 1, 'add'),
(152, 1, 2, 1, 'edit'),
(152, 1, 2, 1, 'delete'),
(152, 1, 2, 1, 'listorder'),
(152, 1, 2, 1, 'push'),
(152, 1, 2, 1, 'remove'),
(153, 1, 2, 1, 'init'),
(153, 1, 2, 1, 'add'),
(153, 1, 2, 1, 'edit'),
(153, 1, 2, 1, 'delete'),
(153, 1, 2, 1, 'listorder'),
(153, 1, 2, 1, 'push'),
(153, 1, 2, 1, 'remove'),
(154, 1, 2, 1, 'init'),
(154, 1, 2, 1, 'add'),
(154, 1, 2, 1, 'edit'),
(154, 1, 2, 1, 'delete'),
(154, 1, 2, 1, 'listorder'),
(154, 1, 2, 1, 'push'),
(154, 1, 2, 1, 'remove'),
(155, 1, 2, 1, 'init'),
(155, 1, 2, 1, 'add'),
(155, 1, 2, 1, 'edit'),
(155, 1, 2, 1, 'delete'),
(155, 1, 2, 1, 'listorder'),
(155, 1, 2, 1, 'push'),
(155, 1, 2, 1, 'remove'),
(156, 1, 2, 1, 'init'),
(156, 1, 2, 1, 'add'),
(156, 1, 2, 1, 'edit'),
(156, 1, 2, 1, 'delete'),
(156, 1, 2, 1, 'listorder'),
(156, 1, 2, 1, 'push'),
(156, 1, 2, 1, 'remove'),
(157, 1, 2, 1, 'init'),
(157, 1, 2, 1, 'add'),
(157, 1, 2, 1, 'edit'),
(157, 1, 2, 1, 'delete'),
(157, 1, 2, 1, 'listorder'),
(157, 1, 2, 1, 'push'),
(157, 1, 2, 1, 'remove'),
(33, 1, 2, 1, 'init'),
(33, 1, 2, 1, 'add'),
(33, 1, 2, 1, 'edit'),
(33, 1, 2, 1, 'delete'),
(33, 1, 2, 1, 'listorder'),
(33, 1, 2, 1, 'push'),
(33, 1, 2, 1, 'remove'),
(158, 1, 2, 1, 'init'),
(158, 1, 2, 1, 'add'),
(158, 1, 2, 1, 'edit'),
(158, 1, 2, 1, 'delete'),
(158, 1, 2, 1, 'listorder'),
(158, 1, 2, 1, 'push'),
(158, 1, 2, 1, 'remove'),
(159, 1, 2, 1, 'init'),
(159, 1, 2, 1, 'add'),
(159, 1, 2, 1, 'edit'),
(159, 1, 2, 1, 'delete'),
(159, 1, 2, 1, 'listorder'),
(159, 1, 2, 1, 'push'),
(159, 1, 2, 1, 'remove'),
(34, 1, 2, 1, 'init'),
(34, 1, 2, 1, 'add'),
(34, 1, 2, 1, 'edit'),
(34, 1, 2, 1, 'delete'),
(34, 1, 2, 1, 'listorder'),
(34, 1, 2, 1, 'push'),
(34, 1, 2, 1, 'remove'),
(35, 1, 2, 1, 'init'),
(35, 1, 2, 1, 'add'),
(35, 1, 2, 1, 'edit'),
(35, 1, 2, 1, 'delete'),
(35, 1, 2, 1, 'listorder'),
(35, 1, 2, 1, 'push'),
(35, 1, 2, 1, 'remove'),
(36, 1, 2, 1, 'init'),
(36, 1, 2, 1, 'add'),
(36, 1, 2, 1, 'edit'),
(36, 1, 2, 1, 'delete'),
(36, 1, 2, 1, 'listorder'),
(36, 1, 2, 1, 'push'),
(36, 1, 2, 1, 'remove'),
(37, 1, 2, 1, 'init'),
(37, 1, 2, 1, 'add'),
(37, 1, 2, 1, 'edit'),
(37, 1, 2, 1, 'delete'),
(37, 1, 2, 1, 'listorder'),
(37, 1, 2, 1, 'push'),
(37, 1, 2, 1, 'remove'),
(114, 1, 2, 1, 'init'),
(114, 1, 2, 1, 'add'),
(114, 1, 2, 1, 'edit'),
(114, 1, 2, 1, 'delete'),
(114, 1, 2, 1, 'listorder'),
(114, 1, 2, 1, 'push'),
(114, 1, 2, 1, 'remove'),
(116, 1, 2, 1, 'init'),
(116, 1, 2, 1, 'add'),
(116, 1, 2, 1, 'edit'),
(116, 1, 2, 1, 'delete'),
(116, 1, 2, 1, 'listorder'),
(116, 1, 2, 1, 'push'),
(116, 1, 2, 1, 'remove'),
(117, 1, 2, 1, 'init'),
(117, 1, 2, 1, 'add'),
(117, 1, 2, 1, 'edit'),
(117, 1, 2, 1, 'delete'),
(117, 1, 2, 1, 'listorder'),
(117, 1, 2, 1, 'push'),
(117, 1, 2, 1, 'remove'),
(118, 1, 2, 1, 'init'),
(118, 1, 2, 1, 'add'),
(118, 1, 2, 1, 'edit'),
(118, 1, 2, 1, 'delete'),
(118, 1, 2, 1, 'listorder'),
(118, 1, 2, 1, 'push'),
(118, 1, 2, 1, 'remove'),
(125, 1, 2, 1, 'init'),
(125, 1, 2, 1, 'add'),
(125, 1, 2, 1, 'edit'),
(125, 1, 2, 1, 'delete'),
(125, 1, 2, 1, 'listorder'),
(125, 1, 2, 1, 'push'),
(125, 1, 2, 1, 'remove'),
(126, 1, 2, 1, 'init'),
(126, 1, 2, 1, 'add'),
(126, 1, 2, 1, 'edit'),
(126, 1, 2, 1, 'delete'),
(126, 1, 2, 1, 'listorder'),
(126, 1, 2, 1, 'push'),
(126, 1, 2, 1, 'remove'),
(127, 1, 2, 1, 'init'),
(127, 1, 2, 1, 'add'),
(127, 1, 2, 1, 'edit'),
(127, 1, 2, 1, 'delete'),
(127, 1, 2, 1, 'listorder'),
(127, 1, 2, 1, 'push'),
(127, 1, 2, 1, 'remove'),
(128, 1, 2, 1, 'init'),
(128, 1, 2, 1, 'add'),
(128, 1, 2, 1, 'edit'),
(128, 1, 2, 1, 'delete'),
(128, 1, 2, 1, 'listorder'),
(128, 1, 2, 1, 'push'),
(128, 1, 2, 1, 'remove'),
(129, 1, 2, 1, 'init'),
(129, 1, 2, 1, 'add'),
(129, 1, 2, 1, 'edit'),
(129, 1, 2, 1, 'delete'),
(129, 1, 2, 1, 'listorder'),
(129, 1, 2, 1, 'push'),
(129, 1, 2, 1, 'remove'),
(130, 1, 2, 1, 'init'),
(130, 1, 2, 1, 'add'),
(130, 1, 2, 1, 'edit'),
(130, 1, 2, 1, 'delete'),
(130, 1, 2, 1, 'listorder'),
(130, 1, 2, 1, 'push'),
(130, 1, 2, 1, 'remove'),
(131, 1, 2, 1, 'init'),
(131, 1, 2, 1, 'add'),
(131, 1, 2, 1, 'edit'),
(131, 1, 2, 1, 'delete'),
(131, 1, 2, 1, 'listorder'),
(131, 1, 2, 1, 'push'),
(131, 1, 2, 1, 'remove'),
(132, 1, 2, 1, 'init'),
(132, 1, 2, 1, 'add'),
(132, 1, 2, 1, 'edit'),
(132, 1, 2, 1, 'delete'),
(132, 1, 2, 1, 'listorder'),
(132, 1, 2, 1, 'push'),
(132, 1, 2, 1, 'remove'),
(160, 1, 2, 1, 'init'),
(160, 1, 2, 1, 'add'),
(160, 1, 2, 1, 'edit'),
(160, 1, 2, 1, 'delete'),
(160, 1, 2, 1, 'listorder'),
(160, 1, 2, 1, 'push'),
(160, 1, 2, 1, 'remove'),
(161, 1, 2, 1, 'init'),
(161, 1, 2, 1, 'add'),
(161, 1, 2, 1, 'edit'),
(161, 1, 2, 1, 'delete'),
(161, 1, 2, 1, 'listorder'),
(161, 1, 2, 1, 'push'),
(161, 1, 2, 1, 'remove'),
(162, 1, 2, 1, 'init'),
(162, 1, 2, 1, 'add'),
(162, 1, 2, 1, 'edit'),
(162, 1, 2, 1, 'delete'),
(162, 1, 2, 1, 'listorder'),
(162, 1, 2, 1, 'push'),
(162, 1, 2, 1, 'remove'),
(163, 1, 2, 1, 'init'),
(163, 1, 2, 1, 'add'),
(163, 1, 2, 1, 'edit'),
(163, 1, 2, 1, 'delete'),
(163, 1, 2, 1, 'listorder'),
(163, 1, 2, 1, 'push'),
(163, 1, 2, 1, 'remove'),
(164, 1, 2, 1, 'init'),
(164, 1, 2, 1, 'add'),
(164, 1, 2, 1, 'edit'),
(164, 1, 2, 1, 'delete'),
(164, 1, 2, 1, 'listorder'),
(164, 1, 2, 1, 'push'),
(164, 1, 2, 1, 'remove'),
(165, 1, 2, 1, 'init'),
(165, 1, 2, 1, 'add'),
(165, 1, 2, 1, 'edit'),
(165, 1, 2, 1, 'delete'),
(165, 1, 2, 1, 'listorder'),
(165, 1, 2, 1, 'push'),
(165, 1, 2, 1, 'remove'),
(166, 1, 2, 1, 'init'),
(166, 1, 2, 1, 'add'),
(166, 1, 2, 1, 'edit'),
(166, 1, 2, 1, 'delete'),
(166, 1, 2, 1, 'listorder'),
(166, 1, 2, 1, 'push'),
(166, 1, 2, 1, 'remove'),
(2, 1, 2, 1, 'init'),
(38, 1, 10, 1, 'add'),
(38, 1, 10, 1, 'edit'),
(38, 1, 10, 1, 'delete'),
(38, 1, 10, 1, 'listorder'),
(38, 1, 10, 1, 'push'),
(38, 1, 10, 1, 'remove');

-- --------------------------------------------------------

--
-- 表的结构 `v9_collection_content`
--

CREATE TABLE IF NOT EXISTS `v9_collection_content` (
  `id` int(10) unsigned NOT NULL AUTO_INCREMENT,
  `nodeid` int(10) unsigned NOT NULL DEFAULT '0',
  `siteid` mediumint(5) unsigned NOT NULL DEFAULT '0',
  `status` tinyint(1) unsigned NOT NULL DEFAULT '0',
  `url` char(255) NOT NULL,
  `title` char(100) NOT NULL,
  `data` text NOT NULL,
  PRIMARY KEY (`id`),
  KEY `nodeid` (`nodeid`,`siteid`),
  KEY `status` (`status`)
) ENGINE=MyISAM DEFAULT CHARSET=utf8 AUTO_INCREMENT=1 ;

-- --------------------------------------------------------

--
-- 表的结构 `v9_collection_history`
--

CREATE TABLE IF NOT EXISTS `v9_collection_history` (
  `md5` char(32) NOT NULL,
  `siteid` smallint(5) unsigned NOT NULL DEFAULT '0',
  PRIMARY KEY (`md5`,`siteid`)
) ENGINE=MyISAM DEFAULT CHARSET=utf8;

-- --------------------------------------------------------

--
-- 表的结构 `v9_collection_node`
--

CREATE TABLE IF NOT EXISTS `v9_collection_node` (
  `nodeid` smallint(6) unsigned NOT NULL AUTO_INCREMENT,
  `name` varchar(20) NOT NULL,
  `lastdate` int(10) unsigned NOT NULL DEFAULT '0',
  `siteid` smallint(5) unsigned NOT NULL DEFAULT '0',
  `sourcecharset` varchar(8) NOT NULL,
  `sourcetype` tinyint(1) unsigned NOT NULL DEFAULT '0',
  `urlpage` text NOT NULL,
  `pagesize_start` tinyint(3) unsigned NOT NULL DEFAULT '0',
  `pagesize_end` mediumint(8) unsigned NOT NULL DEFAULT '0',
  `page_base` char(255) NOT NULL,
  `par_num` tinyint(3) unsigned NOT NULL DEFAULT '1',
  `url_contain` char(100) NOT NULL,
  `url_except` char(100) NOT NULL,
  `url_start` char(100) NOT NULL DEFAULT '',
  `url_end` char(100) NOT NULL DEFAULT '',
  `title_rule` char(100) NOT NULL,
  `title_html_rule` text NOT NULL,
  `author_rule` char(100) NOT NULL,
  `author_html_rule` text NOT NULL,
  `comeform_rule` char(100) NOT NULL,
  `comeform_html_rule` text NOT NULL,
  `time_rule` char(100) NOT NULL,
  `time_html_rule` text NOT NULL,
  `content_rule` char(100) NOT NULL,
  `content_html_rule` text NOT NULL,
  `content_page_start` char(100) NOT NULL,
  `content_page_end` char(100) NOT NULL,
  `content_page_rule` tinyint(1) unsigned NOT NULL DEFAULT '0',
  `content_page` tinyint(1) unsigned NOT NULL DEFAULT '0',
  `content_nextpage` char(100) NOT NULL,
  `down_attachment` tinyint(1) unsigned NOT NULL DEFAULT '0',
  `watermark` tinyint(1) unsigned NOT NULL DEFAULT '0',
  `coll_order` tinyint(3) unsigned NOT NULL DEFAULT '0',
  `customize_config` text NOT NULL,
  PRIMARY KEY (`nodeid`),
  KEY `siteid` (`siteid`)
) ENGINE=MyISAM DEFAULT CHARSET=utf8 AUTO_INCREMENT=1 ;

-- --------------------------------------------------------

--
-- 表的结构 `v9_collection_program`
--

CREATE TABLE IF NOT EXISTS `v9_collection_program` (
  `id` int(10) unsigned NOT NULL AUTO_INCREMENT,
  `siteid` smallint(5) unsigned NOT NULL DEFAULT '0',
  `nodeid` int(10) unsigned NOT NULL DEFAULT '0',
  `modelid` mediumint(6) unsigned NOT NULL DEFAULT '0',
  `catid` int(10) unsigned NOT NULL DEFAULT '0',
  `config` text NOT NULL,
  PRIMARY KEY (`id`),
  KEY `siteid` (`siteid`),
  KEY `nodeid` (`nodeid`)
) ENGINE=MyISAM DEFAULT CHARSET=utf8 AUTO_INCREMENT=1 ;

-- --------------------------------------------------------

--
-- 表的结构 `v9_comment`
--

CREATE TABLE IF NOT EXISTS `v9_comment` (
  `commentid` char(30) NOT NULL,
  `siteid` smallint(5) NOT NULL DEFAULT '0',
  `title` char(255) NOT NULL,
  `url` char(255) NOT NULL,
  `total` int(8) unsigned DEFAULT '0',
  `square` mediumint(8) unsigned DEFAULT '0',
  `anti` mediumint(8) unsigned DEFAULT '0',
  `neutral` mediumint(8) unsigned DEFAULT '0',
  `display_type` tinyint(1) DEFAULT '0',
  `tableid` mediumint(8) unsigned DEFAULT '0',
  `lastupdate` int(10) unsigned DEFAULT '0',
  PRIMARY KEY (`commentid`),
  KEY `lastupdate` (`lastupdate`),
  KEY `siteid` (`siteid`)
) ENGINE=MyISAM DEFAULT CHARSET=utf8;

-- --------------------------------------------------------

--
-- 表的结构 `v9_comment_check`
--

CREATE TABLE IF NOT EXISTS `v9_comment_check` (
  `id` int(10) NOT NULL AUTO_INCREMENT,
  `comment_data_id` int(10) DEFAULT '0' COMMENT '????ID??',
  `siteid` smallint(5) NOT NULL DEFAULT '0' COMMENT 'վ??ID',
  `tableid` mediumint(8) DEFAULT '0' COMMENT '???ݴ洢??ID',
  PRIMARY KEY (`id`),
  KEY `siteid` (`siteid`),
  KEY `comment_data_id` (`comment_data_id`)
) ENGINE=MyISAM DEFAULT CHARSET=utf8 AUTO_INCREMENT=1 ;

-- --------------------------------------------------------

--
-- 表的结构 `v9_comment_data_1`
--

CREATE TABLE IF NOT EXISTS `v9_comment_data_1` (
  `id` int(10) unsigned NOT NULL AUTO_INCREMENT COMMENT '????ID',
  `commentid` char(30) NOT NULL DEFAULT '' COMMENT '????ID??',
  `siteid` smallint(5) NOT NULL DEFAULT '0' COMMENT 'վ??ID',
  `userid` int(10) unsigned DEFAULT '0' COMMENT '?û?ID',
  `username` varchar(20) DEFAULT NULL COMMENT '?û???',
  `creat_at` int(10) DEFAULT NULL COMMENT '????ʱ??',
  `ip` varchar(15) DEFAULT NULL COMMENT '?û?IP??ַ',
  `status` tinyint(1) DEFAULT '0' COMMENT '????״̬{0:δ????,-1:δͨ??????,1:ͨ??????}',
  `content` text COMMENT '????????',
  `direction` tinyint(1) DEFAULT '0' COMMENT '???۷???{0:?޷???,1:????,2:????,3:????}',
  `support` mediumint(8) unsigned DEFAULT '0' COMMENT '֧????',
  `reply` tinyint(1) NOT NULL DEFAULT '0' COMMENT '?Ƿ?Ϊ?ظ?',
  PRIMARY KEY (`id`),
  KEY `commentid` (`commentid`),
  KEY `direction` (`direction`),
  KEY `siteid` (`siteid`),
  KEY `support` (`support`)
) ENGINE=MyISAM DEFAULT CHARSET=utf8 AUTO_INCREMENT=1 ;

-- --------------------------------------------------------

--
-- 表的结构 `v9_comment_setting`
--

CREATE TABLE IF NOT EXISTS `v9_comment_setting` (
  `siteid` smallint(5) NOT NULL DEFAULT '0' COMMENT 'վ??ID',
  `guest` tinyint(1) DEFAULT '0' COMMENT '?Ƿ??????ο?????',
  `check` tinyint(1) DEFAULT '0' COMMENT '?Ƿ???Ҫ????',
  `code` tinyint(1) DEFAULT '0' COMMENT '?Ƿ???????֤??',
  `add_point` tinyint(3) unsigned DEFAULT '0' COMMENT '???ӵĻ?????',
  `del_point` tinyint(3) unsigned DEFAULT '0' COMMENT '?۳??Ļ?????',
  PRIMARY KEY (`siteid`)
) ENGINE=MyISAM DEFAULT CHARSET=utf8;

--
-- 转存表中的数据 `v9_comment_setting`
--

INSERT INTO `v9_comment_setting` (`siteid`, `guest`, `check`, `code`, `add_point`, `del_point`) VALUES
(1, 0, 0, 0, 0, 0);

-- --------------------------------------------------------

--
-- 表的结构 `v9_comment_table`
--

CREATE TABLE IF NOT EXISTS `v9_comment_table` (
  `tableid` mediumint(8) NOT NULL AUTO_INCREMENT COMMENT '??ID??',
  `total` int(10) unsigned DEFAULT '0' COMMENT '????????',
  `creat_at` int(10) DEFAULT '0' COMMENT '????ʱ??',
  PRIMARY KEY (`tableid`)
) ENGINE=MyISAM  DEFAULT CHARSET=utf8 AUTO_INCREMENT=2 ;

--
-- 转存表中的数据 `v9_comment_table`
--

INSERT INTO `v9_comment_table` (`tableid`, `total`, `creat_at`) VALUES
(1, 0, 0);

-- --------------------------------------------------------

--
-- 表的结构 `v9_content_check`
--

CREATE TABLE IF NOT EXISTS `v9_content_check` (
  `checkid` char(15) NOT NULL,
  `catid` smallint(5) unsigned NOT NULL DEFAULT '0',
  `siteid` smallint(5) unsigned NOT NULL DEFAULT '0',
  `title` char(80) NOT NULL,
  `username` char(20) NOT NULL,
  `inputtime` int(10) unsigned NOT NULL DEFAULT '0',
  `status` tinyint(1) unsigned NOT NULL DEFAULT '0',
  KEY `username` (`username`),
  KEY `checkid` (`checkid`),
  KEY `status` (`status`,`inputtime`)
) ENGINE=MyISAM DEFAULT CHARSET=utf8;

-- --------------------------------------------------------

--
-- 表的结构 `v9_copyfrom`
--

CREATE TABLE IF NOT EXISTS `v9_copyfrom` (
  `id` smallint(5) unsigned NOT NULL AUTO_INCREMENT,
  `siteid` smallint(5) unsigned NOT NULL DEFAULT '0',
  `sitename` varchar(30) NOT NULL,
  `siteurl` varchar(100) NOT NULL,
  `thumb` varchar(100) NOT NULL,
  `listorder` smallint(5) unsigned NOT NULL DEFAULT '0',
  PRIMARY KEY (`id`)
) ENGINE=MyISAM DEFAULT CHARSET=utf8 AUTO_INCREMENT=1 ;

-- --------------------------------------------------------

--
-- 表的结构 `v9_datacall`
--

CREATE TABLE IF NOT EXISTS `v9_datacall` (
  `id` int(10) NOT NULL AUTO_INCREMENT,
  `name` char(40) DEFAULT NULL,
  `dis_type` tinyint(1) unsigned DEFAULT '0',
  `type` tinyint(1) DEFAULT '0',
  `module` char(20) DEFAULT NULL,
  `action` char(20) DEFAULT NULL,
  `data` text,
  `template` text,
  `cache` mediumint(8) DEFAULT NULL,
  `num` smallint(6) unsigned DEFAULT NULL,
  PRIMARY KEY (`id`),
  KEY `type` (`type`)
) ENGINE=MyISAM DEFAULT CHARSET=utf8 AUTO_INCREMENT=1 ;

-- --------------------------------------------------------

--
-- 表的结构 `v9_dbsource`
--

CREATE TABLE IF NOT EXISTS `v9_dbsource` (
  `id` int(10) NOT NULL AUTO_INCREMENT,
  `siteid` smallint(5) unsigned NOT NULL DEFAULT '0',
  `name` varchar(50) NOT NULL,
  `host` varchar(20) NOT NULL,
  `port` int(5) NOT NULL DEFAULT '3306',
  `username` varchar(50) NOT NULL,
  `password` varchar(50) NOT NULL,
  `dbname` varchar(50) NOT NULL,
  `dbtablepre` varchar(30) NOT NULL,
  `charset` varchar(10) NOT NULL,
  PRIMARY KEY (`id`),
  KEY `siteid` (`siteid`)
) ENGINE=MyISAM DEFAULT CHARSET=utf8 AUTO_INCREMENT=1 ;

-- --------------------------------------------------------

--
-- 表的结构 `v9_download`
--

CREATE TABLE IF NOT EXISTS `v9_download` (
  `id` mediumint(8) unsigned NOT NULL AUTO_INCREMENT,
  `catid` smallint(5) unsigned NOT NULL DEFAULT '0',
  `typeid` smallint(5) unsigned NOT NULL,
  `title` char(80) NOT NULL DEFAULT '',
  `style` char(24) NOT NULL DEFAULT '',
  `thumb` varchar(100) NOT NULL DEFAULT '',
  `keywords` char(40) NOT NULL DEFAULT '',
  `description` char(255) NOT NULL DEFAULT '',
  `posids` tinyint(1) unsigned NOT NULL DEFAULT '0',
  `url` char(100) NOT NULL,
  `listorder` tinyint(3) unsigned NOT NULL DEFAULT '0',
  `status` tinyint(2) unsigned NOT NULL DEFAULT '1',
  `sysadd` tinyint(1) unsigned NOT NULL DEFAULT '0',
  `islink` tinyint(1) unsigned NOT NULL DEFAULT '0',
  `username` char(20) NOT NULL,
  `inputtime` int(10) unsigned NOT NULL DEFAULT '0',
  `updatetime` int(10) unsigned NOT NULL DEFAULT '0',
  `systems` varchar(100) NOT NULL DEFAULT 'Win2000/WinXP/Win2003',
  `copytype` varchar(15) NOT NULL DEFAULT '',
  `language` varchar(10) NOT NULL DEFAULT '',
  `classtype` varchar(20) NOT NULL DEFAULT '',
  `version` varchar(20) NOT NULL DEFAULT '',
  `filesize` varchar(10) NOT NULL DEFAULT 'Unkown',
  `stars` varchar(20) NOT NULL DEFAULT '',
  PRIMARY KEY (`id`),
  KEY `status` (`status`,`listorder`,`id`),
  KEY `listorder` (`catid`,`status`,`listorder`,`id`),
  KEY `catid` (`catid`,`status`,`id`)
) ENGINE=MyISAM DEFAULT CHARSET=utf8 AUTO_INCREMENT=1 ;

-- --------------------------------------------------------

--
-- 表的结构 `v9_download_data`
--

CREATE TABLE IF NOT EXISTS `v9_download_data` (
  `id` mediumint(8) unsigned DEFAULT '0',
  `content` text NOT NULL,
  `readpoint` smallint(5) unsigned NOT NULL DEFAULT '0',
  `groupids_view` varchar(100) NOT NULL,
  `paginationtype` tinyint(1) NOT NULL,
  `maxcharperpage` mediumint(6) NOT NULL,
  `template` varchar(30) NOT NULL,
  `paytype` tinyint(1) unsigned NOT NULL DEFAULT '0',
  `relation` varchar(255) NOT NULL DEFAULT '',
  `allow_comment` tinyint(1) unsigned NOT NULL DEFAULT '1',
  `downfiles` mediumtext NOT NULL,
  `downfile` varchar(255) NOT NULL DEFAULT '',
  KEY `id` (`id`)
) ENGINE=MyISAM DEFAULT CHARSET=utf8;

-- --------------------------------------------------------

--
-- 表的结构 `v9_downservers`
--

CREATE TABLE IF NOT EXISTS `v9_downservers` (
  `id` mediumint(8) NOT NULL AUTO_INCREMENT,
  `sitename` varchar(100) DEFAULT NULL,
  `siteurl` varchar(255) DEFAULT NULL,
  `listorder` smallint(5) unsigned NOT NULL DEFAULT '0',
  `siteid` smallint(5) unsigned NOT NULL DEFAULT '0',
  PRIMARY KEY (`id`)
) ENGINE=MyISAM DEFAULT CHARSET=utf8 AUTO_INCREMENT=1 ;

-- --------------------------------------------------------

--
-- 表的结构 `v9_extend_setting`
--

CREATE TABLE IF NOT EXISTS `v9_extend_setting` (
  `id` smallint(5) unsigned NOT NULL AUTO_INCREMENT,
  `key` char(30) DEFAULT NULL,
  `data` text,
  PRIMARY KEY (`id`),
  KEY `key` (`key`)
) ENGINE=MyISAM  DEFAULT CHARSET=utf8 AUTO_INCREMENT=3 ;

--
-- 转存表中的数据 `v9_extend_setting`
--

INSERT INTO `v9_extend_setting` (`id`, `key`, `data`) VALUES
(1, 'info_setting', 'array (\n  ''info_linkageid'' => ''3360'',\n  ''info_cachetime'' => ''0'',\n  ''img_contact'' => ''1'',\n  ''multi_city'' => ''0'',\n  ''info_catid'' => ''98'',\n  ''info_modelid'' => ''14'',\n  ''top_city'' => ''10'',\n  ''top_city_posid'' => ''20'',\n  ''top_zone'' => ''8'',\n  ''top_zone_posid'' => ''21'',\n  ''top_district'' => ''5'',\n  ''top_district_posid'' => ''22'',\n)'),
(2, 'info_city', 'array (\n  ''name'' => ''北京'',\n  ''pinyin'' => ''beijing'',\n  ''linkageid'' => ''3361'',\n)');

-- --------------------------------------------------------

--
-- 表的结构 `v9_favorite`
--

CREATE TABLE IF NOT EXISTS `v9_favorite` (
  `id` int(10) unsigned NOT NULL AUTO_INCREMENT,
  `userid` mediumint(8) unsigned NOT NULL DEFAULT '0',
  `title` char(100) NOT NULL,
  `url` char(100) NOT NULL,
  `adddate` int(10) unsigned NOT NULL DEFAULT '0',
  PRIMARY KEY (`id`),
  KEY `userid` (`userid`)
) ENGINE=MyISAM DEFAULT CHARSET=utf8 AUTO_INCREMENT=1 ;

-- --------------------------------------------------------

--
-- 表的结构 `v9_hits`
--

CREATE TABLE IF NOT EXISTS `v9_hits` (
  `hitsid` char(30) NOT NULL,
  `catid` smallint(5) unsigned NOT NULL DEFAULT '0',
  `views` int(10) unsigned NOT NULL DEFAULT '0',
  `yesterdayviews` int(10) unsigned NOT NULL DEFAULT '0',
  `dayviews` int(10) unsigned NOT NULL DEFAULT '0',
  `weekviews` int(10) unsigned NOT NULL DEFAULT '0',
  `monthviews` int(10) unsigned NOT NULL DEFAULT '0',
  `updatetime` int(10) unsigned NOT NULL DEFAULT '0',
  PRIMARY KEY (`hitsid`)
) ENGINE=MyISAM DEFAULT CHARSET=utf8;

--
-- 转存表中的数据 `v9_hits`
--

INSERT INTO `v9_hits` (`hitsid`, `catid`, `views`, `yesterdayviews`, `dayviews`, `weekviews`, `monthviews`, `updatetime`) VALUES
('c-11-400', 62, 0, 0, 0, 0, 0, 1401788153),
('c-1-2', 52, 0, 0, 0, 0, 0, 1386641681),
('c-11-401', 62, 0, 0, 0, 0, 0, 1401789240),
('c-11-399', 62, 0, 0, 0, 0, 0, 1401788138),
('c-11-270', 55, 2, 0, 2, 2, 2, 1387614725),
('c-11-398', 62, 0, 0, 0, 0, 0, 1401788074),
('c-11-397', 62, 0, 0, 0, 0, 0, 1401788049),
('c-11-418', 96, 0, 0, 0, 0, 0, 1402033931),
('c-11-419', 97, 0, 0, 0, 0, 0, 1402034260),
('c-11-619', 97, 0, 0, 0, 0, 0, 1403857086),
('c-11-412', 97, 0, 0, 0, 0, 0, 1402032589),
('c-11-413', 97, 0, 0, 0, 0, 0, 1402032822),
('c-11-396', 62, 1, 0, 1, 1, 1, 1401787858),
('c-11-408', 97, 0, 0, 0, 0, 0, 1402031329),
('c-11-409', 97, 0, 0, 0, 0, 0, 1402031517),
('c-11-410', 97, 0, 0, 0, 0, 0, 1402031934),
('c-11-411', 97, 0, 0, 0, 0, 0, 1402032353),
('c-11-388', 59, 2, 0, 2, 2, 2, 1400408291),
('c-11-387', 59, 2, 0, 2, 2, 2, 1400408214),
('c-11-389', 59, 2, 0, 2, 2, 2, 1400416860),
('c-11-390', 59, 1, 0, 1, 1, 1, 1400408530),
('c-11-567', 15, 1, 0, 1, 1, 1, 1403224890),
('c-11-616', 11, 0, 0, 0, 0, 0, 1403856736),
('c-11-617', 11, 0, 0, 0, 0, 0, 1403856891),
('c-11-414', 97, 0, 0, 0, 0, 0, 1402033209),
('c-11-415', 96, 0, 0, 0, 0, 0, 1402033335),
('c-11-416', 96, 0, 0, 0, 0, 0, 1402033735),
('c-11-417', 96, 0, 0, 0, 0, 0, 1402033871),
('c-11-618', 11, 0, 0, 0, 0, 0, 1403856979),
('c-11-420', 96, 0, 0, 0, 0, 0, 1402034643),
('c-11-421', 97, 0, 0, 0, 0, 0, 1402035161),
('c-11-422', 97, 0, 0, 0, 0, 0, 1402036546),
('c-11-423', 97, 0, 0, 0, 0, 0, 1402036641),
('c-11-424', 97, 0, 0, 0, 0, 0, 1402036695),
('c-11-425', 97, 0, 0, 0, 0, 0, 1402036745),
('c-11-426', 97, 0, 0, 0, 0, 0, 1402037710),
('c-11-427', 96, 0, 0, 0, 0, 0, 1402038570),
('c-11-428', 96, 0, 0, 0, 0, 0, 1402038678),
('c-11-429', 97, 0, 0, 0, 0, 0, 1402038714),
('c-11-430', 97, 0, 0, 0, 0, 0, 1402038776),
('c-11-431', 97, 0, 0, 0, 0, 0, 1402038920),
('c-11-432', 97, 0, 0, 0, 0, 0, 1402038901),
('c-11-433', 97, 0, 0, 0, 0, 0, 1402038909),
('c-11-434', 97, 0, 0, 0, 0, 0, 1402039186),
('c-11-435', 97, 0, 0, 0, 0, 0, 1402039210),
('c-11-436', 97, 0, 0, 0, 0, 0, 1402039251),
('c-11-437', 97, 0, 0, 0, 0, 0, 1402039318),
('c-11-438', 96, 0, 0, 0, 0, 0, 1402040102),
('c-11-439', 97, 0, 0, 0, 0, 0, 1402040162),
('c-11-440', 97, 0, 0, 0, 0, 0, 1402040565),
('c-11-441', 97, 0, 0, 0, 0, 0, 1402040900),
('c-11-442', 96, 0, 0, 0, 0, 0, 1402040971),
('c-11-443', 96, 0, 0, 0, 0, 0, 1402041054),
('c-11-444', 96, 0, 0, 0, 0, 0, 1402041273),
('c-11-445', 97, 0, 0, 0, 0, 0, 1402041442),
('c-11-446', 97, 0, 0, 0, 0, 0, 1402041635),
('c-11-447', 97, 0, 0, 0, 0, 0, 1402042453),
('c-11-448', 97, 0, 0, 0, 0, 0, 1402042876),
('c-11-449', 97, 0, 0, 0, 0, 0, 1402044091),
('c-11-450', 97, 0, 0, 0, 0, 0, 1402044152),
('c-11-451', 97, 0, 0, 0, 0, 0, 1402045145),
('c-11-452', 97, 0, 0, 0, 0, 0, 1402045220),
('c-11-453', 97, 0, 0, 0, 0, 0, 1402045366),
('c-11-454', 97, 0, 0, 0, 0, 0, 1402045455),
('c-11-455', 97, 0, 0, 0, 0, 0, 1402047786),
('c-11-456', 97, 0, 0, 0, 0, 0, 1402047848),
('c-11-457', 97, 0, 0, 0, 0, 0, 1402048220),
('c-11-458', 97, 0, 0, 0, 0, 0, 1402048642),
('c-11-459', 97, 0, 0, 0, 0, 0, 1402049127),
('c-11-460', 97, 0, 0, 0, 0, 0, 1402049755),
('c-11-461', 97, 0, 0, 0, 0, 0, 1402050057),
('c-11-462', 97, 0, 0, 0, 0, 0, 1402050372),
('c-11-463', 97, 0, 0, 0, 0, 0, 1402051751),
('c-11-464', 97, 0, 0, 0, 0, 0, 1402051811),
('c-11-465', 97, 0, 0, 0, 0, 0, 1402210632),
('c-11-466', 97, 0, 0, 0, 0, 0, 1402220197),
('c-11-467', 97, 0, 0, 0, 0, 0, 1402220865),
('c-11-468', 97, 0, 0, 0, 0, 0, 1402305137),
('c-11-469', 97, 0, 0, 0, 0, 0, 1402306324),
('c-11-470', 97, 0, 0, 0, 0, 0, 1402452372),
('c-11-471', 97, 0, 0, 0, 0, 0, 1402476774),
('c-11-472', 97, 0, 0, 0, 0, 0, 1402533815),
('c-11-473', 97, 0, 0, 0, 0, 0, 1402554159),
('c-11-620', 97, 0, 0, 0, 0, 0, 1403857174),
('c-11-568', 15, 1, 0, 1, 1, 1, 1403224947),
('c-11-476', 64, 1, 0, 1, 1, 1, 1402749500),
('c-11-477', 96, 0, 0, 0, 0, 0, 1402582638),
('c-11-478', 97, 0, 0, 0, 0, 0, 1402582741),
('c-11-479', 97, 1, 0, 1, 1, 1, 1402749549),
('c-11-580', 38, 3, 0, 3, 3, 3, 1403596323),
('c-11-596', 39, 2, 0, 2, 2, 2, 1403851447),
('c-11-597', 97, 0, 0, 0, 0, 0, 1403852179),
('c-11-598', 97, 0, 0, 0, 0, 0, 1403852219),
('c-11-599', 97, 0, 0, 0, 0, 0, 1403852440),
('c-11-600', 97, 0, 0, 0, 0, 0, 1403852663),
('c-11-601', 4, 0, 0, 0, 0, 0, 1403854459),
('c-11-577', 39, 10, 2, 1, 1, 1, 1404267971),
('c-11-578', 38, 5, 0, 1, 5, 5, 1403855240),
('c-11-579', 38, 6, 0, 1, 6, 6, 1403911130),
('c-11-602', 4, 0, 0, 0, 0, 0, 1403854580),
('c-11-603', 38, 1, 0, 1, 1, 1, 1403855224),
('c-11-604', 4, 0, 0, 0, 0, 0, 1403855703),
('c-11-590', 117, 4, 0, 1, 1, 1, 1404183425),
('c-11-591', 97, 0, 0, 0, 0, 0, 1403663015),
('c-11-592', 97, 0, 0, 0, 0, 0, 1403676450),
('c-11-593', 97, 0, 0, 0, 0, 0, 1403752799),
('c-11-594', 97, 0, 0, 0, 0, 0, 1403754050),
('c-11-595', 39, 3, 0, 1, 1, 1, 1404267965),
('c-11-605', 4, 0, 0, 0, 0, 0, 1403855869),
('c-11-606', 4, 0, 0, 0, 0, 0, 1403855885),
('c-11-607', 4, 0, 0, 0, 0, 0, 1403856213),
('c-11-608', 4, 0, 0, 0, 0, 0, 1403856220),
('c-11-609', 4, 0, 0, 0, 0, 0, 1403856224),
('c-11-610', 4, 0, 0, 0, 0, 0, 1403856373),
('c-11-611', 13, 0, 0, 0, 0, 0, 1403856489),
('c-11-612', 13, 0, 0, 0, 0, 0, 1403856536),
('c-11-613', 97, 0, 0, 0, 0, 0, 1403856571),
('c-11-614', 97, 0, 0, 0, 0, 0, 1403856625),
('c-11-615', 97, 0, 0, 0, 0, 0, 1403856659),
('c-11-572', 97, 0, 0, 0, 0, 0, 1403229060),
('c-11-512', 97, 10, 0, 10, 10, 10, 1403076547),
('c-11-513', 97, 1, 0, 1, 1, 1, 1403074794),
('c-11-514', 97, 0, 0, 0, 0, 0, 1403074908),
('c-11-515', 97, 0, 0, 0, 0, 0, 1403075204),
('c-11-516', 97, 0, 0, 0, 0, 0, 1403075422),
('c-11-517', 97, 0, 0, 0, 0, 0, 1403075711),
('c-11-566', 15, 1, 0, 1, 1, 1, 1403224702),
('c-11-573', 97, 0, 0, 0, 0, 0, 1403229376),
('c-11-535', 14, 12, 5, 1, 1, 12, 1403588677),
('c-11-569', 14, 4, 0, 4, 4, 4, 1403243103),
('c-11-570', 14, 2, 0, 2, 2, 2, 1403244458),
('c-11-571', 97, 0, 0, 0, 0, 0, 1403228943),
('c-11-574', 38, 12, 1, 1, 1, 1, 1404183481),
('c-11-575', 38, 14, 0, 2, 3, 14, 1403743909),
('c-11-529', 13, 35, 2, 25, 35, 35, 1403238739),
('c-11-530', 14, 5, 2, 1, 5, 5, 1403224452),
('c-11-533', 14, 3, 0, 2, 3, 3, 1403224458),
('c-11-534', 14, 7, 0, 2, 7, 7, 1403247316),
('c-11-536', 97, 0, 0, 0, 0, 0, 1403139743),
('c-11-537', 97, 0, 0, 0, 0, 0, 1403139784),
('c-11-538', 97, 0, 0, 0, 0, 0, 1403141272),
('c-11-539', 97, 0, 0, 0, 0, 0, 1403142115),
('c-11-540', 97, 1, 0, 1, 1, 1, 1403182788),
('c-11-541', 97, 0, 0, 0, 0, 0, 1403142625),
('c-11-542', 97, 0, 0, 0, 0, 0, 1403142896),
('c-11-543', 97, 0, 0, 0, 0, 0, 1403143223),
('c-11-544', 97, 0, 0, 0, 0, 0, 1403143455),
('c-11-545', 13, 1, 0, 1, 1, 1, 1403228301),
('c-11-546', 13, 9, 0, 9, 9, 9, 1403149572),
('c-11-547', 97, 0, 0, 0, 0, 0, 1403149297),
('c-11-621', 13, 0, 0, 0, 0, 0, 1403857510),
('c-11-622', 97, 0, 0, 0, 0, 0, 1403858190),
('c-11-623', 97, 0, 0, 0, 0, 0, 1403858226),
('c-11-624', 97, 0, 0, 0, 0, 0, 1403858553),
('c-11-625', 97, 0, 0, 0, 0, 0, 1403858848),
('c-11-553', 97, 0, 0, 0, 0, 0, 1403156154),
('c-11-626', 11, 0, 0, 0, 0, 0, 1403859035),
('c-11-627', 97, 0, 0, 0, 0, 0, 1403859061),
('c-11-628', 97, 0, 0, 0, 0, 0, 1403859413),
('c-11-558', 13, 6, 3, 3, 6, 6, 1403227453),
('c-11-559', 13, 6, 3, 3, 6, 6, 1403224039),
('c-11-560', 13, 8, 7, 1, 8, 8, 1403223910),
('c-11-561', 13, 8, 4, 4, 8, 8, 1403245920),
('c-11-562', 13, 16, 15, 1, 16, 16, 1403223905),
('c-11-563', 13, 6, 4, 2, 6, 6, 1403226585),
('c-11-576', 38, 4, 0, 1, 1, 1, 1404183391),
('c-11-565', 13, 8, 3, 1, 1, 8, 1403510476),
('c-11-629', 97, 0, 0, 0, 0, 0, 1403859825),
('c-11-630', 11, 0, 0, 0, 0, 0, 1403860319),
('c-11-631', 97, 0, 0, 0, 0, 0, 1403860403),
('c-11-632', 11, 0, 0, 0, 0, 0, 1403860633),
('c-11-633', 97, 0, 0, 0, 0, 0, 1403861564),
('c-11-634', 97, 0, 0, 0, 0, 0, 1403861682),
('c-11-635', 97, 0, 0, 0, 0, 0, 1404088754),
('c-11-636', 97, 0, 0, 0, 0, 0, 1404088993),
('c-11-637', 97, 0, 0, 0, 0, 0, 1404089118),
('c-11-638', 11, 0, 0, 0, 0, 0, 1404089270),
('c-11-639', 97, 0, 0, 0, 0, 0, 1404089322),
('c-11-640', 97, 0, 0, 0, 0, 0, 1404089369),
('c-11-641', 97, 0, 0, 0, 0, 0, 1404089393),
('c-11-642', 11, 0, 0, 0, 0, 0, 1404089674),
('c-11-643', 97, 0, 0, 0, 0, 0, 1404090267),
('c-11-644', 97, 0, 0, 0, 0, 0, 1404090275),
('c-11-645', 97, 0, 0, 0, 0, 0, 1404091487),
('c-11-646', 97, 0, 0, 0, 0, 0, 1404091550),
('c-11-647', 97, 0, 0, 0, 0, 0, 1404091841),
('c-11-648', 97, 0, 0, 0, 0, 0, 1404092121),
('c-11-649', 40, 1, 0, 1, 1, 1, 1404141920),
('c-11-650', 40, 1, 0, 1, 1, 1, 1404141884),
('c-11-651', 40, 1, 0, 1, 1, 1, 1404141851),
('c-11-652', 40, 1, 0, 1, 1, 1, 1404142152),
('c-11-653', 39, 0, 0, 0, 0, 0, 1404142556),
('c-11-654', 40, 1, 0, 1, 1, 1, 1404142569),
('c-11-655', 97, 0, 0, 0, 0, 0, 1404177724),
('c-11-656', 97, 0, 0, 0, 0, 0, 1404177794),
('c-11-657', 97, 0, 0, 0, 0, 0, 1404178965),
('c-11-658', 97, 0, 0, 0, 0, 0, 1404179056),
('c-11-659', 11, 0, 0, 0, 0, 0, 1404179177),
('c-11-660', 11, 0, 0, 0, 0, 0, 1404179268),
('c-11-661', 191, 0, 0, 0, 0, 0, 1404278438),
('c-11-662', 191, 1, 0, 1, 1, 1, 1404278589),
('c-11-663', 191, 0, 0, 0, 0, 0, 1404279214),
('c-11-664', 191, 0, 0, 0, 0, 0, 1404279225),
('c-11-665', 191, 0, 0, 0, 0, 0, 1404279233),
('c-11-666', 191, 0, 0, 0, 0, 0, 1404279241),
('c-11-667', 191, 0, 0, 0, 0, 0, 1404279252),
('c-11-668', 191, 0, 0, 0, 0, 0, 1404279261),
('c-11-669', 191, 0, 0, 0, 0, 0, 1404279270),
('c-11-670', 191, 0, 0, 0, 0, 0, 1404279280),
('c-11-671', 191, 0, 0, 0, 0, 0, 1404279289),
('c-11-672', 191, 0, 0, 0, 0, 0, 1404279294),
('c-11-673', 191, 0, 0, 0, 0, 0, 1404279297),
('c-11-674', 191, 0, 0, 0, 0, 0, 1404279301),
('c-11-675', 191, 0, 0, 0, 0, 0, 1404279305),
('c-11-676', 191, 0, 0, 0, 0, 0, 1404279309),
('c-11-677', 191, 0, 0, 0, 0, 0, 1404279313),
('c-11-678', 191, 0, 0, 0, 0, 0, 1404279317),
('c-11-679', 191, 0, 0, 0, 0, 0, 1404279341),
('c-11-680', 191, 0, 0, 0, 0, 0, 1404279345),
('c-11-681', 191, 0, 0, 0, 0, 0, 1404279349),
('c-11-682', 191, 0, 0, 0, 0, 0, 1404279353),
('c-11-683', 191, 0, 0, 0, 0, 0, 1404279356),
('c-11-684', 189, 0, 0, 0, 0, 0, 1404294985),
('c-11-685', 189, 0, 0, 0, 0, 0, 1404294994),
('c-11-686', 189, 0, 0, 0, 0, 0, 1404295001);

-- --------------------------------------------------------

--
-- 表的结构 `v9_house`
--

CREATE TABLE IF NOT EXISTS `v9_house` (
  `id` mediumint(8) unsigned NOT NULL AUTO_INCREMENT,
  `inputtime` int(10) unsigned NOT NULL DEFAULT '0',
  `catid` smallint(5) unsigned NOT NULL DEFAULT '0',
  `typeid` smallint(5) unsigned NOT NULL,
  `title` char(80) NOT NULL DEFAULT '',
  `style` char(24) NOT NULL DEFAULT '',
  `thumb` varchar(100) NOT NULL DEFAULT '',
  `keywords` char(40) NOT NULL DEFAULT '',
  `description` char(255) NOT NULL DEFAULT '',
  `posids` tinyint(1) unsigned NOT NULL DEFAULT '0',
  `url` char(100) NOT NULL,
  `islink` int(10) unsigned NOT NULL DEFAULT '0',
  `agent` varchar(255) NOT NULL DEFAULT '1',
  `rent_mode` varchar(255) NOT NULL DEFAULT '1',
  `objecttype` varchar(255) NOT NULL DEFAULT '2',
  `fittype` varchar(255) NOT NULL DEFAULT '2',
  `toward` varchar(255) NOT NULL DEFAULT '',
  `houseallocation` varchar(255) NOT NULL DEFAULT '',
  `zone` int(10) unsigned NOT NULL DEFAULT '0',
  `pay_type_int` varchar(255) NOT NULL DEFAULT '1',
  `sysadd` tinyint(1) unsigned NOT NULL DEFAULT '0',
  `username` char(20) NOT NULL,
  `updatetime` int(10) unsigned NOT NULL DEFAULT '0',
  `listorder` tinyint(3) unsigned NOT NULL DEFAULT '0',
  `status` tinyint(2) unsigned NOT NULL DEFAULT '1',
  `price` int(10) unsigned NOT NULL DEFAULT '0',
  `bedroom` int(10) unsigned NOT NULL DEFAULT '0',
  `bathroom` int(10) unsigned NOT NULL DEFAULT '0',
  `city` int(10) unsigned NOT NULL DEFAULT '0',
  PRIMARY KEY (`id`),
  KEY `status` (`status`,`listorder`,`id`),
  KEY `listorder` (`catid`,`status`,`listorder`,`id`),
  KEY `catid` (`catid`,`status`,`id`)
) ENGINE=MyISAM DEFAULT CHARSET=utf8 AUTO_INCREMENT=1 ;

-- --------------------------------------------------------

--
-- 表的结构 `v9_house_data`
--

CREATE TABLE IF NOT EXISTS `v9_house_data` (
  `id` mediumint(8) unsigned DEFAULT '0',
  `content` mediumtext NOT NULL,
  `readpoint` smallint(5) unsigned NOT NULL DEFAULT '0',
  `groupids_view` varchar(100) NOT NULL,
  `paginationtype` tinyint(1) NOT NULL,
  `maxcharperpage` mediumint(6) NOT NULL,
  `template` varchar(30) NOT NULL,
  `paytype` tinyint(1) unsigned NOT NULL DEFAULT '0',
  `allow_comment` tinyint(1) unsigned NOT NULL DEFAULT '1',
  `relation` varchar(255) NOT NULL DEFAULT '',
  `xiaoqu_address` varchar(255) NOT NULL DEFAULT '',
  `area` varchar(10) NOT NULL DEFAULT '',
  `phone` varchar(255) NOT NULL DEFAULT '',
  `area_info` varchar(255) NOT NULL DEFAULT '',
  `price_info` varchar(255) NOT NULL DEFAULT '',
  `household` varchar(255) NOT NULL DEFAULT '',
  `floor` varchar(100) NOT NULL DEFAULT '',
  `floors` varchar(100) NOT NULL DEFAULT '',
  `address` varchar(100) NOT NULL DEFAULT '',
  `contact` varchar(20) NOT NULL DEFAULT '',
  `photos` mediumtext NOT NULL,
  `hall` int(10) unsigned NOT NULL DEFAULT '0',
  `info_area` varchar(255) NOT NULL DEFAULT '',
  `map` varchar(255) NOT NULL DEFAULT '',
  KEY `id` (`id`)
) ENGINE=MyISAM DEFAULT CHARSET=utf8;

-- --------------------------------------------------------

--
-- 表的结构 `v9_ipbanned`
--

CREATE TABLE IF NOT EXISTS `v9_ipbanned` (
  `ipbannedid` smallint(5) NOT NULL AUTO_INCREMENT,
  `ip` char(15) NOT NULL,
  `expires` int(10) unsigned NOT NULL DEFAULT '0',
  PRIMARY KEY (`ipbannedid`)
) ENGINE=MyISAM  DEFAULT CHARSET=utf8 AUTO_INCREMENT=4 ;

--
-- 转存表中的数据 `v9_ipbanned`
--

INSERT INTO `v9_ipbanned` (`ipbannedid`, `ip`, `expires`) VALUES
(3, '192.168.0.200', 1388332800);

-- --------------------------------------------------------

--
-- 表的结构 `v9_keylink`
--

CREATE TABLE IF NOT EXISTS `v9_keylink` (
  `keylinkid` smallint(5) unsigned NOT NULL AUTO_INCREMENT,
  `word` char(40) NOT NULL,
  `url` char(100) NOT NULL,
  PRIMARY KEY (`keylinkid`)
) ENGINE=MyISAM DEFAULT CHARSET=utf8 AUTO_INCREMENT=1 ;

-- --------------------------------------------------------

--
-- 表的结构 `v9_keyword`
--

CREATE TABLE IF NOT EXISTS `v9_keyword` (
  `id` int(10) unsigned NOT NULL AUTO_INCREMENT,
  `siteid` smallint(5) unsigned NOT NULL DEFAULT '0',
  `keyword` char(100) NOT NULL,
  `pinyin` char(100) NOT NULL,
  `videonum` int(11) NOT NULL DEFAULT '0',
  `searchnums` int(10) unsigned NOT NULL DEFAULT '0',
  PRIMARY KEY (`id`),
  KEY `keyword` (`keyword`,`siteid`)
) ENGINE=MyISAM  DEFAULT CHARSET=utf8 AUTO_INCREMENT=299 ;

--
-- 转存表中的数据 `v9_keyword`
--

INSERT INTO `v9_keyword` (`id`, `siteid`, `keyword`, `pinyin`, `videonum`, `searchnums`) VALUES
(1, 1, '', '', 160, 0),
(2, 1, 'vvvbbbbbbbbbb', 'vvvbbbbbbbbbb', 2, 0),
(3, 1, 'dfadfaf', 'dfadfaf', 2, 0),
(4, 1, 'ds', 'ds', 3, 0),
(5, 1, 'fdf', 'fdf', 1, 0),
(6, 1, 'tret', 'tret', 1, 0),
(7, 1, '北京', 'beijing', 1, 0),
(8, 1, '雾', 'wu', 1, 0),
(9, 1, '霾', 'zuo', 1, 0),
(10, 1, '动物世界', 'dongwushijie', 8, 0),
(11, 1, '清华大学', 'qinghuadaxue', 4, 0),
(12, 1, '-', '-', 7, 0),
(13, 1, '华为手机', 'huaweishouji', 1, 0),
(14, 1, '韩国电影', 'hanguodianying', 2, 0),
(15, 1, '一比一', 'yibiyi', 1, 0),
(16, 1, '她和谁睡了', 'taheshuishuiliao', 1, 0),
(17, 1, '摇摆的婚约', 'yaobaidehunyue', 1, 0),
(18, 1, '野生动物', 'yeshengdongwu', 3, 0),
(19, 1, '张惠妹-就是我想你', 'zhanghuimei-jiushiwoxiangni', 1, 0),
(20, 1, '阿凡达', 'afanda', 1, 0),
(21, 1, '极限运动', 'jixianyundong', 1, 0),
(22, 1, '嫦娥登月', 'zuoedengyue', 1, 0),
(23, 1, '嫦娥登月-2', 'zuoedengyue-2', 1, 0),
(24, 1, '嫦娥登月-3', 'zuoedengyue-3', 1, 0),
(25, 1, '嫦娥登月-4', 'zuoedengyue-4', 1, 0),
(26, 1, '好奇号核动力火星车', 'haoqihaohedonglihuoxingche', 1, 0),
(27, 1, 'AV-01', 'av-01', 1, 0),
(28, 1, 'AV-02', 'av-02', 1, 0),
(29, 1, 'AV-03', 'av-03', 1, 0),
(30, 1, 'AV-04', 'av-04', 1, 0),
(31, 1, 'AV-05', 'av-05', 1, 0),
(32, 1, '日本傻X', 'ribenshax', 1, 0),
(33, 1, '蒙特梭利', 'mengtesuoli', 2, 0),
(34, 1, '自然', 'ziran', 2, 0),
(35, 1, '人文', 'renwen', 5, 0),
(36, 1, '人文素质', 'renwensuzhi', 1, 0),
(37, 1, '创新意识', 'chuangxinyishi', 1, 0),
(38, 1, '之', 'zhi', 2, 0),
(39, 1, '根', 'gen', 1, 0),
(40, 1, '·', '', 1, 0),
(41, 1, '科技', 'keji', 12, 0),
(42, 1, '耶鲁大学-人性的哲学与科学', 'yeludaxue-renxingdezhexueyukexue', 1, 0),
(43, 1, '无序', 'wuxu', 1, 0),
(44, 1, '的', 'de', 6, 0),
(45, 1, '灵魂', 'linghun', 3, 0),
(46, 1, '各部分', 'gebufen', 2, 0),
(47, 1, '[', '[', 4, 0),
(48, 1, '第1', 'di1', 1, 0),
(49, 1, '集', 'ji', 1, 0),
(50, 1, '盖吉斯', 'gaijisi', 1, 0),
(51, 1, '之戒', 'zhijie', 1, 0),
(52, 1, '道德', 'daode', 1, 0),
(53, 1, '大头儿子小头爸爸', 'datouerzixiaotoubaba', 2, 0),
(54, 1, '人性', 'renxing', 1, 0),
(55, 1, '哲学', 'zhexue', 1, 0),
(56, 1, '儿歌', 'erge', 25, 0),
(57, 1, '现在', 'xianzai', 2, 0),
(58, 1, '添加', 'tianjia', 1, 0),
(59, 1, '不能播放', 'bunengbofang', 1, 0),
(60, 1, '如果', 'ruguo', 2, 0),
(61, 1, '这就是', 'zhejiushi', 2, 0),
(62, 1, '爱情', 'aiqing', 2, 0),
(63, 1, '马里布鲨鱼攻击', 'malibuzuoyugongji', 1, 0),
(64, 1, '中文', 'zhongwen', 3, 0),
(65, 1, 'FLV', 'flv', 1, 0),
(66, 1, 'flvtest', 'flvtest', 1, 0),
(67, 1, '测试', 'ceshi', 14, 0),
(68, 1, '文件', 'wenjian', 1, 0),
(69, 1, '21', '21', 4, 0),
(70, 1, '世纪', 'shiji', 4, 0),
(71, 1, '经济', 'jingji', 4, 0),
(72, 1, '歌声与微笑', 'geshengyuweixiao', 1, 0),
(73, 1, '勇', 'yong', 2, 0),
(74, 1, '闯', 'chuang', 2, 0),
(75, 1, '夺命岛', 'duomingdao', 3, 0),
(76, 1, '直播', 'zhibo', 1, 0),
(77, 1, '手术', 'shoushu', 3, 0),
(78, 1, '视频', 'shipin', 29, 0),
(79, 1, '3', '3', 1, 0),
(80, 1, '截播', 'jiebo', 1, 0),
(81, 1, '演示', 'yanshi', 1, 0),
(82, 1, 'ATOM', 'atom', 1, 0),
(83, 1, '软件', 'ruanjian', 2, 0),
(84, 1, '教学', 'jiaoxue', 2, 0),
(85, 1, '小燕子', 'xiaoyanzi', 1, 0),
(86, 1, '红色', 'hongse', 2, 0),
(87, 1, '诱惑', 'youhuo', 2, 0),
(88, 1, 'TSceshi', 'tsceshi', 1, 0),
(89, 1, '无法', 'wufa', 1, 0),
(90, 1, '转', 'zhuan', 2, 0),
(91, 1, '码', 'ma', 2, 0),
(92, 1, '旋转门', 'xuanzhuanmen', 2, 0),
(93, 1, '亚洲小姐', 'yazhouxiaojie', 1, 0),
(94, 1, '可以', 'keyi', 1, 0),
(95, 1, 'dddddddd', 'dddddddd', 1, 0),
(96, 1, '最后', 'zuihou', 1, 0),
(97, 1, '一个', 'yige', 3, 0),
(98, 1, '黄昏-周传雄', 'huanghun-zhouchuanxiong', 1, 0),
(99, 1, 'flash', 'flash', 2, 0),
(100, 1, '大头', 'datou', 7, 0),
(101, 1, '儿子', 'erzi', 7, 0),
(102, 1, '小头', 'xiaotou', 7, 0),
(103, 1, '嘟嘟', 'zuozuo', 3, 0),
(104, 1, '熊', 'xiong', 3, 0),
(105, 1, 'asdfasdfas', 'asdfasdfas', 1, 0),
(106, 1, 'AVSEQ05', 'avseq05', 1, 0),
(107, 1, 'DAT', 'dat', 10, 0),
(108, 1, 'AVSEQ-02', 'avseq-02', 1, 0),
(109, 1, '三只', 'sanzhi', 2, 0),
(110, 1, '小鸟', 'xiaoniao', 2, 0),
(111, 1, '大全', 'daquan', 2, 0),
(112, 1, '猫和老鼠', 'maohelaoshu', 3, 0),
(113, 1, '01', '01', 1, 0),
(114, 1, 'cat', 'cat', 1, 0),
(115, 1, 'and', 'and', 1, 0),
(116, 1, '爱探险的朵拉', 'aitanxiandeduola', 1, 0),
(117, 1, '混合', 'hunhe', 1, 0),
(118, 1, '剧集', 'juji', 2, 0),
(119, 1, '08', '08', 1, 0),
(120, 1, 'AVSEQ-11', 'avseq-11', 1, 0),
(121, 1, '1把小绿伞', '1baxiaolvsan', 1, 0),
(122, 1, 'AVSEQ070', 'avseq070', 2, 0),
(123, 1, '勇闯', 'yongchuang', 1, 0),
(124, 1, 'AVSEQ060', 'avseq060', 2, 0),
(125, 1, 'AVSEQ14', 'avseq14', 1, 0),
(126, 1, 'AVSEQ09', 'avseq09', 1, 0),
(127, 1, 'mkv', 'mkv', 1, 0),
(128, 1, '007', '007', 1, 0),
(129, 1, 'testAVSEQ17', 'testavseq17', 1, 0),
(130, 1, 'AVSEQ17', 'avseq17', 3, 0),
(131, 1, '小', 'xiao', 3, 0),
(132, 1, '恐龙', 'konglong', 1, 0),
(133, 1, '样片', 'yangpian', 1, 0),
(134, 1, '009576i', '009576i', 1, 0),
(135, 1, '08huanleyeying', '08huanleyeying', 1, 0),
(136, 1, '中国电影', 'zhongguodianying', 1, 0),
(137, 1, '报道', 'baodao', 1, 0),
(138, 1, '1GB', '1gb', 1, 0),
(139, 1, '元器件', 'yuanqijian', 1, 0),
(140, 1, '焊接', 'hanjie', 8, 0),
(141, 1, '知识', 'zhishi', 1, 0),
(142, 1, '5', '5', 1, 0),
(143, 1, '28', '28', 1, 0),
(144, 1, 'wmv', 'wmv', 1, 0),
(145, 1, 'adfsaf', 'adfsaf', 1, 0),
(146, 1, 'asdfas', 'asdfas', 1, 0),
(147, 1, 'adfa', 'adfa', 1, 0),
(148, 1, '010576i', '010576i', 1, 0),
(149, 1, 'Extremists', 'extremists', 1, 0),
(150, 1, '棕熊', 'zongxiong', 2, 0),
(151, 1, '会员', 'huiyuan', 1, 0),
(152, 1, '投入', 'touru', 1, 0),
(153, 1, 'AVSEQ-05', 'avseq-05', 1, 0),
(154, 1, '小棕熊', 'xiaozongxiong', 1, 0),
(155, 1, '熊猫', 'xiongmao', 1, 0),
(156, 1, '帮忙', 'bangmang', 1, 0),
(157, 1, '讲座', 'jiangzuo', 2, 0),
(158, 1, '李开复', 'likaifu', 1, 0),
(159, 1, '人民大学', 'renmindaxue', 2, 0),
(160, 1, '演讲', 'yanjiang', 3, 0),
(161, 1, 'malibushayuHD', 'malibushayuhd', 1, 0),
(162, 1, 'chaijingbeidayanjiang', 'chaijingbeidayanjiang', 1, 0),
(163, 1, '俞敏洪', 'yuminhong', 3, 0),
(164, 1, '幻灯片', 'huandengpian', 8, 0),
(165, 1, '华为', 'huawei', 5, 0),
(166, 1, '广告', 'guanggao', 3, 0),
(167, 1, '光辉', 'guanghui', 4, 0),
(168, 1, '岁月', 'suiyue', 4, 0),
(169, 1, '套', 'tao', 1, 0),
(170, 1, '马', 'ma', 1, 0),
(171, 1, '杆', 'gan', 1, 0),
(172, 1, '国王', 'guowang', 2, 0),
(173, 1, '心血管', 'xinxueguan', 1, 0),
(174, 1, '大体', 'dati', 1, 0),
(175, 1, '标本', 'biaoben', 1, 0),
(176, 1, '大自然', 'daziran', 1, 0),
(177, 1, '大图片', 'datupian', 1, 0),
(178, 1, '图片', 'tupian', 11, 0),
(179, 1, '+AAC', '+aac', 2, 0),
(180, 1, '音频', 'yinpin', 2, 0),
(181, 1, 'sample', 'sample', 2, 0),
(182, 1, '新闻', 'xinwen', 3, 0),
(183, 1, 'Super', 'super', 1, 0),
(184, 1, '好奇', 'haoqi', 1, 0),
(185, 1, '号', 'hao', 1, 0),
(186, 1, '核动力', 'hedongli', 1, 0),
(187, 1, 'test', 'test', 2, 0),
(188, 1, '韩国', 'hanguo', 2, 0),
(189, 1, '喜剧', 'xiju', 2, 0),
(190, 1, '阵风', 'zhenfeng', 1, 0),
(191, 1, '军旗', 'junqi', 1, 0),
(192, 1, '战机', 'zhanji', 1, 0),
(193, 1, '34-1', '34-1', 1, 0),
(194, 1, 'asdfasdf', 'asdfasdf', 4, 0),
(195, 1, 'mp4', 'mp4', 8, 0),
(196, 1, '基材', 'jicai', 1, 0),
(197, 1, 'test118', 'test118', 2, 0),
(198, 1, 'test1181111', 'test1181111', 1, 0),
(199, 1, '看看', 'kankan', 1, 0),
(200, 1, '123', '123', 1, 0),
(201, 1, '短片测试', 'duanpianceshi', 1, 0),
(202, 1, '感动', 'gandong', 1, 0),
(203, 1, '精品', 'jingpin', 1, 0),
(204, 1, '+', '+', 1, 0),
(205, 1, '声音', 'shengyin', 1, 0),
(206, 1, '随便', 'suibian', 1, 0),
(207, 1, '传', 'chuan', 2, 0),
(208, 1, '再', 'zai', 1, 0),
(209, 1, 'FTP', 'ftp', 2, 0),
(210, 1, '单幅', 'danfu', 1, 0),
(211, 1, '主动脉粥样硬化', 'zhudongmaizhouyangyinghua', 11, 0),
(212, 1, '循环', 'xunhuan', 3, 0),
(213, 1, '34-4', '34-4', 3, 0),
(214, 1, '主动脉', 'zhudongmai', 3, 0),
(215, 1, '手术视频', 'shoushushipin', 4, 0),
(216, 1, '心脏', 'xinzang', 2, 0),
(217, 1, '搭桥', 'daqiao', 1, 0),
(218, 1, 'AKB', 'akb', 1, 0),
(219, 1, '宣传片', 'xuanchuanpian', 2, 0),
(220, 1, '演艺', 'yanyi', 2, 0),
(221, 1, '胚胎发育', 'peitaifayu', 2, 0),
(222, 1, '胚胎部分', 'peitaibufen', 11, 0),
(223, 1, '胚胎', 'peitai', 2, 0),
(224, 1, '部分', 'bufen', 2, 0),
(225, 1, '个月', 'geyue', 2, 0),
(226, 1, '远程', 'yuancheng', 1, 0),
(227, 1, '服务器', 'fuwuqi', 1, 0),
(228, 1, '调用', 'diaoyong', 1, 0),
(229, 1, '800X450', '800x450', 1, 0),
(230, 1, 'BINARY', 'binary', 1, 0),
(231, 1, '婚约', 'hunyue', 1, 0),
(232, 1, '冰河世纪', 'bingheshiji', 1, 0),
(233, 1, '使命召唤', 'shimingzhaohuan', 1, 0),
(234, 1, '风景', 'fengjing', 1, 0),
(235, 1, '倒霉熊', 'daomeixiong', 1, 0),
(236, 1, ']', ']', 1, 0),
(237, 1, '动物', 'dongwu', 3, 0),
(238, 1, 'Japan', 'japan', 1, 0),
(239, 1, 'movie', 'movie', 1, 0),
(240, 1, 'video', 'video', 3, 0),
(241, 1, '少女', 'shaonv', 1, 0),
(242, 1, '继承者', 'jichengzhe', 3, 0),
(243, 1, '歌曲', 'gequ', 3, 0),
(244, 1, 'ce', 'ce', 1, 0),
(245, 1, 'shi', 'shi', 1, 0),
(246, 1, '降央卓瑪', 'jiangyangzhuo', 1, 0),
(247, 1, '降央卓玛', 'jiangyangzhuoma', 5, 0),
(248, 1, '--', '--', 1, 0),
(249, 1, '卓玛', 'zhuoma', 1, 0),
(250, 1, '杜威', 'duwei', 1, 0),
(251, 1, '杜威01', 'duwei01', 1, 0),
(252, 1, '国王的演讲', 'guowangdeyanjiang', 14, 0),
(253, 1, 'sakai测试节目', 'sakaiceshijiemu', 1, 0),
(254, 1, '节目', 'jiemu', 1, 0),
(255, 1, 'adfasfd', 'adfasfd', 1, 0),
(256, 1, 'dfasdfaf', 'dfasdfaf', 1, 0),
(257, 1, 'afdasdfasf', 'afdasdfasf', 1, 0),
(258, 1, '6512652', '6512652', 1, 0),
(259, 0, '', '', 135, 0),
(260, 0, 'asdf', 'asdf', 1, 0),
(261, 0, 'sd', 'sd', 1, 0),
(262, 1, 'qwe', 'qwe', 1, 0),
(263, 1, '上帝', 'shangdi', 1, 0),
(264, 1, '动画', 'donghua', 3, 0),
(265, 1, '朵拉', 'duola', 5, 0),
(266, 1, 'AVSEQ08', 'avseq08', 3, 0),
(267, 1, 'AVSEQ-01', 'avseq-01', 1, 0),
(268, 1, 'wildfile', 'wildfile', 1, 0),
(269, 1, '幼儿画报', 'youerhuabao', 1, 0),
(270, 1, 'AVSEQ07', 'avseq07', 1, 0),
(271, 1, '三只小鸟', 'sanzhixiaoniao', 1, 0),
(272, 1, '茉莉花', 'zuolihua', 1, 0),
(273, 1, '外星', 'waixing', 1, 0),
(274, 1, 'asdfasdfasdf', 'asdfasdfasdf', 1, 0),
(275, 1, 'asdfasdfasdfasdf', 'asdfasdfasdfasdf', 1, 0),
(276, 1, '歌声', 'gesheng', 2, 0),
(277, 1, '背包', 'beibao', 2, 0),
(278, 1, '画报', 'huabao', 1, 0),
(279, 1, 'UPLOAD', 'upload', 3, 0),
(280, 1, '野生', 'yesheng', 1, 0),
(281, 1, '心肌梗死', 'xinjigengsi', 1, 0),
(282, 1, '髋关节', 'zuoguanjie', 1, 0),
(283, 1, '宇宙', 'yuzhou', 1, 0),
(284, 1, '星系', 'xingxi', 1, 0),
(285, 1, '恒星', 'hengxing', 1, 0),
(286, 1, '登月', 'dengyue', 2, 0),
(287, 1, '嫦娥', 'zuoe', 1, 0),
(288, 1, '素质', 'suzhi', 1, 0),
(289, 1, '意识', 'yishi', 1, 0),
(290, 1, '李克强', 'likeqiang', 1, 0),
(291, 1, '洪恩', 'hongen', 1, 0),
(292, 1, '单元', 'danyuan', 1, 0),
(293, 1, '幼儿', 'youer', 1, 0),
(294, 1, '图形', 'tuxing', 1, 0),
(295, 1, '干冰', 'ganbing', 10, 0),
(296, 1, '扭秤', 'niucheng', 1, 0),
(297, 1, 'testconvert', 'testconvert', 1, 0),
(298, 1, '资源', 'ziyuan', 23, 0);

-- --------------------------------------------------------

--
-- 表的结构 `v9_keyword_data`
--

CREATE TABLE IF NOT EXISTS `v9_keyword_data` (
  `id` int(10) unsigned NOT NULL AUTO_INCREMENT,
  `tagid` int(10) unsigned NOT NULL DEFAULT '0',
  `siteid` smallint(5) unsigned NOT NULL DEFAULT '0',
  `contentid` char(30) NOT NULL,
  PRIMARY KEY (`id`),
  KEY `tagid` (`tagid`,`siteid`)
) ENGINE=MyISAM  DEFAULT CHARSET=utf8 AUTO_INCREMENT=831 ;

--
-- 转存表中的数据 `v9_keyword_data`
--

INSERT INTO `v9_keyword_data` (`id`, `tagid`, `siteid`, `contentid`) VALUES
(1, 1, 1, '1-1'),
(2, 1, 1, '1-11'),
(3, 1, 1, '2-11'),
(4, 2, 1, '3-11'),
(5, 3, 1, '4-11'),
(6, 4, 1, '5-11'),
(7, 1, 1, '84-11'),
(8, 5, 1, '85-11'),
(9, 6, 1, '2-1'),
(10, 7, 1, '84-11'),
(11, 8, 1, '84-11'),
(12, 9, 1, '84-11'),
(13, 10, 1, '86-11'),
(14, 11, 1, '87-11'),
(15, 12, 1, '87-11'),
(16, 10, 1, '87-11'),
(17, 13, 1, '88-11'),
(18, 14, 1, '89-11'),
(19, 15, 1, '90-11'),
(20, 16, 1, '91-11'),
(21, 17, 1, '92-11'),
(22, 1, 1, '93-11'),
(23, 14, 1, '94-11'),
(24, 18, 1, '95-11'),
(25, 19, 1, '96-11'),
(26, 20, 1, '97-11'),
(27, 21, 1, '97-11'),
(28, 22, 1, '98-11'),
(29, 23, 1, '99-11'),
(30, 24, 1, '100-11'),
(31, 25, 1, '101-11'),
(32, 26, 1, '102-11'),
(33, 27, 1, '103-11'),
(34, 28, 1, '104-11'),
(35, 29, 1, '105-11'),
(36, 30, 1, '106-11'),
(37, 31, 1, '107-11'),
(38, 32, 1, '108-11'),
(39, 33, 1, '109-11'),
(40, 34, 1, '109-11'),
(41, 35, 1, '109-11'),
(42, 36, 1, '110-11'),
(43, 37, 1, '110-11'),
(44, 35, 1, '111-11'),
(45, 38, 1, '111-11'),
(46, 39, 1, '111-11'),
(47, 35, 1, '112-11'),
(48, 40, 1, '112-11'),
(49, 41, 1, '112-11'),
(50, 42, 1, '125-11'),
(51, 43, 1, '126-11'),
(52, 44, 1, '126-11'),
(53, 45, 1, '126-11'),
(54, 45, 1, '127-11'),
(55, 46, 1, '127-11'),
(56, 1, 1, '127-11'),
(57, 45, 1, '128-11'),
(58, 46, 1, '128-11'),
(59, 1, 1, '128-11'),
(60, 1, 1, '129-11'),
(61, 47, 1, '130-11'),
(62, 48, 1, '130-11'),
(63, 49, 1, '130-11'),
(64, 50, 1, '131-11'),
(65, 51, 1, '131-11'),
(66, 52, 1, '131-11'),
(67, 53, 1, '1-12'),
(68, 54, 1, '132-11'),
(69, 44, 1, '132-11'),
(70, 55, 1, '132-11'),
(71, 56, 1, '133-11'),
(72, 53, 1, '133-11'),
(73, 57, 1, '134-11'),
(74, 58, 1, '134-11'),
(75, 59, 1, '134-11'),
(76, 60, 1, '135-11'),
(77, 61, 1, '135-11'),
(78, 62, 1, '135-11'),
(79, 33, 1, '124-11'),
(80, 34, 1, '124-11'),
(81, 35, 1, '124-11'),
(82, 63, 1, '124-11'),
(83, 64, 1, '136-11'),
(84, 65, 1, '136-11'),
(85, 1, 1, '137-11'),
(86, 66, 1, '138-11'),
(87, 64, 1, '139-11'),
(88, 67, 1, '139-11'),
(89, 68, 1, '139-11'),
(90, 69, 1, '140-11'),
(91, 70, 1, '140-11'),
(92, 71, 1, '140-11'),
(93, 69, 1, '141-11'),
(94, 70, 1, '141-11'),
(95, 71, 1, '141-11'),
(96, 69, 1, '142-11'),
(97, 70, 1, '142-11'),
(98, 71, 1, '142-11'),
(99, 69, 1, '143-11'),
(100, 70, 1, '143-11'),
(101, 71, 1, '143-11'),
(102, 72, 1, '144-11'),
(103, 1, 1, '145-11'),
(104, 1, 1, '146-11'),
(105, 1, 1, '147-11'),
(106, 1, 1, '148-11'),
(107, 73, 1, '149-11'),
(108, 74, 1, '149-11'),
(109, 75, 1, '149-11'),
(110, 76, 1, '150-11'),
(111, 77, 1, '150-11'),
(112, 78, 1, '150-11'),
(113, 79, 1, '151-11'),
(114, 80, 1, '152-11'),
(115, 81, 1, '152-11'),
(116, 82, 1, '153-11'),
(117, 83, 1, '154-11'),
(118, 84, 1, '154-11'),
(119, 1, 1, '155-11'),
(120, 1, 1, '156-11'),
(121, 1, 1, '157-11'),
(122, 1, 1, '158-11'),
(123, 1, 1, '159-11'),
(124, 56, 1, '160-11'),
(125, 1, 1, '160-11'),
(126, 85, 1, '160-11'),
(127, 1, 1, '161-11'),
(128, 1, 1, '162-11'),
(129, 1, 1, '163-11'),
(130, 1, 1, '164-11'),
(131, 1, 1, '165-11'),
(132, 86, 1, '166-11'),
(133, 87, 1, '166-11'),
(134, 88, 1, '167-11'),
(135, 89, 1, '168-11'),
(136, 90, 1, '168-11'),
(137, 91, 1, '168-11'),
(138, 92, 1, '169-11'),
(139, 1, 1, '170-11'),
(140, 93, 1, '171-11'),
(141, 94, 1, '172-11'),
(142, 90, 1, '172-11'),
(143, 91, 1, '172-11'),
(144, 1, 1, '173-11'),
(145, 1, 1, '174-11'),
(146, 1, 1, '175-11'),
(147, 95, 1, '176-11'),
(148, 96, 1, '177-11'),
(149, 97, 1, '177-11'),
(150, 1, 1, '178-11'),
(151, 98, 1, '169-11'),
(152, 1, 1, '179-11'),
(153, 99, 1, '180-11'),
(154, 99, 1, '181-11'),
(155, 1, 1, '182-11'),
(156, 1, 1, '183-11'),
(157, 60, 1, '184-11'),
(158, 61, 1, '184-11'),
(159, 62, 1, '184-11'),
(160, 1, 1, '185-11'),
(161, 1, 1, '186-11'),
(162, 1, 1, '187-11'),
(163, 1, 1, '188-11'),
(164, 1, 1, '189-11'),
(165, 57, 1, '190-11'),
(166, 64, 1, '190-11'),
(167, 44, 1, '190-11'),
(168, 100, 1, '191-11'),
(169, 101, 1, '191-11'),
(170, 102, 1, '191-11'),
(171, 100, 1, '192-11'),
(172, 101, 1, '192-11'),
(173, 102, 1, '192-11'),
(174, 1, 1, '193-11'),
(175, 103, 1, '194-11'),
(176, 104, 1, '194-11'),
(177, 105, 1, '195-11'),
(178, 103, 1, '196-11'),
(179, 104, 1, '196-11'),
(180, 103, 1, '197-11'),
(181, 104, 1, '197-11'),
(182, 1, 1, '198-11'),
(183, 106, 1, '199-11'),
(184, 107, 1, '199-11'),
(185, 100, 1, '200-11'),
(186, 101, 1, '200-11'),
(187, 102, 1, '200-11'),
(188, 1, 1, '201-11'),
(189, 1, 1, '202-11'),
(190, 1, 1, '203-11'),
(191, 1, 1, '204-11'),
(192, 1, 1, '205-11'),
(193, 1, 1, '206-11'),
(194, 1, 1, '207-11'),
(195, 1, 1, '208-11'),
(196, 1, 1, '209-11'),
(197, 108, 1, '210-11'),
(198, 47, 1, '211-11'),
(199, 109, 1, '211-11'),
(200, 110, 1, '211-11'),
(201, 56, 1, '212-11'),
(202, 111, 1, '212-11'),
(203, 38, 1, '212-11'),
(204, 112, 1, '213-11'),
(205, 1, 1, '213-11'),
(206, 113, 1, '213-11'),
(207, 114, 1, '214-11'),
(208, 1, 1, '214-11'),
(209, 115, 1, '214-11'),
(210, 1, 1, '215-11'),
(211, 116, 1, '216-11'),
(212, 1, 1, '217-11'),
(213, 1, 1, '218-11'),
(214, 1, 1, '219-11'),
(215, 1, 1, '220-11'),
(216, 1, 1, '221-11'),
(217, 1, 1, '222-11'),
(218, 117, 1, '223-11'),
(219, 118, 1, '223-11'),
(220, 107, 1, '224-11'),
(221, 1, 1, '225-11'),
(222, 1, 1, '226-11'),
(223, 1, 1, '227-11'),
(224, 1, 1, '228-11'),
(225, 1, 1, '229-11'),
(226, 1, 1, '230-11'),
(227, 1, 1, '231-11'),
(228, 1, 1, '232-11'),
(229, 112, 1, '233-11'),
(230, 1, 1, '233-11'),
(231, 119, 1, '233-11'),
(232, 112, 1, '234-11'),
(233, 118, 1, '234-11'),
(234, 120, 1, '235-11'),
(235, 121, 1, '236-11'),
(236, 122, 1, '237-11'),
(237, 123, 1, '238-11'),
(238, 75, 1, '238-11'),
(239, 73, 1, '239-11'),
(240, 74, 1, '239-11'),
(241, 75, 1, '239-11'),
(242, 124, 1, '240-11'),
(243, 125, 1, '241-11'),
(244, 107, 1, '241-11'),
(245, 126, 1, '242-11'),
(246, 107, 1, '242-11'),
(247, 1, 1, '243-11'),
(248, 127, 1, '245-11'),
(249, 1, 1, '245-11'),
(250, 12, 1, '245-11'),
(251, 107, 1, '246-11'),
(252, 128, 1, '247-11'),
(253, 107, 1, '247-11'),
(254, 129, 1, '248-11'),
(255, 107, 1, '248-11'),
(256, 130, 1, '249-11'),
(257, 107, 1, '249-11'),
(258, 130, 1, '250-11'),
(259, 107, 1, '250-11'),
(260, 10, 1, '251-11'),
(261, 83, 1, '252-11'),
(262, 84, 1, '252-11'),
(263, 131, 1, '253-11'),
(264, 132, 1, '253-11'),
(265, 133, 1, '253-11'),
(266, 134, 1, '254-11'),
(267, 1, 1, '255-11'),
(268, 47, 1, '256-11'),
(269, 109, 1, '256-11'),
(270, 110, 1, '256-11'),
(271, 135, 1, '257-11'),
(272, 136, 1, '258-11'),
(273, 137, 1, '258-11'),
(274, 138, 1, '259-11'),
(275, 139, 1, '260-11'),
(276, 44, 1, '260-11'),
(277, 140, 1, '260-11'),
(278, 140, 1, '261-11'),
(279, 141, 1, '261-11'),
(280, 142, 1, '262-11'),
(281, 143, 1, '262-11'),
(282, 144, 1, '262-11'),
(283, 10, 1, '232-11'),
(284, 1, 1, '263-11'),
(285, 145, 1, '264-11'),
(286, 146, 1, '265-11'),
(287, 1, 1, '266-11'),
(288, 147, 1, '267-11'),
(289, 148, 1, '268-11'),
(290, 149, 1, '269-11'),
(291, 131, 1, '270-11'),
(292, 150, 1, '270-11'),
(293, 1, 1, '270-11'),
(294, 151, 1, '271-11'),
(295, 152, 1, '271-11'),
(296, 131, 1, '272-11'),
(297, 150, 1, '272-11'),
(298, 1, 1, '272-11'),
(299, 153, 1, '273-11'),
(300, 107, 1, '273-11'),
(301, 130, 1, '274-11'),
(302, 154, 1, '275-11'),
(303, 56, 1, '275-11'),
(304, 56, 1, '276-11'),
(305, 1, 1, '276-11'),
(306, 155, 1, '276-11'),
(307, 156, 1, '276-11'),
(308, 56, 1, '277-11'),
(309, 56, 1, '278-11'),
(310, 56, 1, '215-11'),
(311, 56, 1, '157-11'),
(312, 56, 1, '147-11'),
(313, 56, 1, '216-11'),
(314, 56, 1, '233-11'),
(315, 56, 1, '230-11'),
(316, 56, 1, '225-11'),
(317, 56, 1, '197-11'),
(318, 56, 1, '146-11'),
(319, 56, 1, '145-11'),
(320, 56, 1, '250-11'),
(321, 41, 1, '101-11'),
(322, 41, 1, '100-11'),
(323, 41, 1, '99-11'),
(324, 41, 1, '98-11'),
(325, 41, 1, '277-11'),
(326, 41, 1, '261-11'),
(327, 41, 1, '279-11'),
(328, 157, 1, '150-11'),
(329, 157, 1, '152-11'),
(330, 56, 1, '280-11'),
(331, 158, 1, '281-11'),
(332, 159, 1, '281-11'),
(333, 160, 1, '281-11'),
(334, 161, 1, '282-11'),
(335, 41, 1, '282-11'),
(336, 162, 1, '283-11'),
(337, 41, 1, '283-11'),
(338, 1, 1, '284-11'),
(339, 163, 1, '285-11'),
(340, 12, 1, '285-11'),
(341, 159, 1, '285-11'),
(342, 164, 1, '286-11'),
(343, 92, 1, '287-11'),
(344, 165, 1, '288-11'),
(345, 166, 1, '288-11'),
(346, 167, 1, '289-11'),
(347, 168, 1, '289-11'),
(348, 169, 1, '290-11'),
(349, 170, 1, '290-11'),
(350, 171, 1, '290-11'),
(351, 172, 1, '291-11'),
(352, 44, 1, '291-11'),
(353, 160, 1, '291-11'),
(354, 173, 1, '292-11'),
(355, 174, 1, '292-11'),
(356, 175, 1, '292-11'),
(357, 176, 1, '286-11'),
(358, 177, 1, '293-11'),
(359, 178, 1, '294-11'),
(360, 179, 1, '294-11'),
(361, 180, 1, '294-11'),
(362, 165, 1, '295-11'),
(363, 166, 1, '295-11'),
(364, 181, 1, '296-11'),
(365, 178, 1, '297-11'),
(366, 182, 1, '297-11'),
(367, 165, 1, '298-11'),
(368, 166, 1, '298-11'),
(369, 181, 1, '299-11'),
(370, 183, 1, '300-11'),
(371, 184, 1, '301-11'),
(372, 185, 1, '301-11'),
(373, 186, 1, '301-11'),
(374, 187, 1, '302-11'),
(375, 188, 1, '303-11'),
(376, 189, 1, '303-11'),
(377, 190, 1, '304-11'),
(378, 191, 1, '304-11'),
(379, 192, 1, '304-11'),
(380, 193, 1, '305-11'),
(381, 194, 1, '306-11'),
(382, 194, 1, '307-11'),
(383, 67, 1, '308-11'),
(384, 195, 1, '308-11'),
(385, 196, 1, '309-11'),
(386, 197, 1, '310-11'),
(387, 197, 1, '311-11'),
(388, 198, 1, '312-11'),
(389, 67, 1, '313-11'),
(390, 199, 1, '313-11'),
(391, 67, 1, '314-11'),
(392, 200, 1, '314-11'),
(393, 201, 1, '315-11'),
(394, 202, 1, '316-11'),
(395, 12, 1, '316-11'),
(396, 203, 1, '316-11'),
(397, 56, 1, '317-11'),
(398, 178, 1, '318-11'),
(399, 204, 1, '318-11'),
(400, 205, 1, '318-11'),
(401, 172, 1, '319-11'),
(402, 44, 1, '319-11'),
(403, 160, 1, '319-11'),
(404, 67, 1, '320-11'),
(405, 67, 1, '321-11'),
(406, 206, 1, '322-11'),
(407, 207, 1, '322-11'),
(408, 97, 1, '322-11'),
(409, 67, 1, '323-11'),
(410, 208, 1, '324-11'),
(411, 207, 1, '324-11'),
(412, 97, 1, '324-11'),
(413, 67, 1, '325-11'),
(414, 67, 1, '326-11'),
(415, 209, 1, '327-11'),
(416, 210, 1, '328-11'),
(417, 178, 1, '328-11'),
(418, 209, 1, '329-11'),
(419, 211, 1, '330-11'),
(420, 211, 1, '331-11'),
(421, 211, 1, '332-11'),
(422, 212, 1, '333-11'),
(423, 213, 1, '333-11'),
(424, 1, 1, '333-11'),
(425, 214, 1, '333-11'),
(426, 67, 1, '334-11'),
(427, 215, 1, '335-11'),
(428, 215, 1, '336-11'),
(429, 215, 1, '337-11'),
(430, 216, 1, '338-11'),
(431, 217, 1, '338-11'),
(432, 77, 1, '338-11'),
(433, 215, 1, '339-11'),
(434, 41, 1, '340-11'),
(435, 218, 1, '341-11'),
(436, 165, 1, '342-11'),
(437, 219, 1, '342-11'),
(438, 220, 1, '343-11'),
(439, 221, 1, '344-11'),
(440, 222, 1, '345-11'),
(441, 222, 1, '346-11'),
(442, 223, 1, '347-11'),
(443, 224, 1, '347-11'),
(444, 225, 1, '347-11'),
(445, 222, 1, '348-11'),
(446, 222, 1, '349-11'),
(447, 226, 1, '350-11'),
(448, 227, 1, '350-11'),
(449, 228, 1, '350-11'),
(450, 229, 1, '351-11'),
(451, 230, 1, '352-11'),
(452, 67, 1, '353-11'),
(453, 231, 1, '354-11'),
(454, 232, 1, '355-11'),
(455, 165, 1, '356-11'),
(456, 67, 1, '357-11'),
(457, 233, 1, '360-11'),
(458, 234, 1, '361-11'),
(459, 47, 1, '362-11'),
(460, 235, 1, '362-11'),
(461, 236, 1, '362-11'),
(462, 237, 1, '362-11'),
(463, 238, 1, '363-11'),
(464, 195, 1, '364-11'),
(465, 195, 1, '365-11'),
(466, 195, 1, '366-11'),
(467, 195, 1, '367-11'),
(468, 195, 1, '368-11'),
(469, 239, 1, '369-11'),
(470, 195, 1, '370-11'),
(471, 195, 1, '371-11'),
(472, 240, 1, '372-11'),
(473, 240, 1, '373-11'),
(474, 240, 1, '374-11'),
(475, 140, 1, '375-11'),
(476, 140, 1, '376-11'),
(477, 140, 1, '377-11'),
(478, 140, 1, '378-11'),
(479, 140, 1, '379-11'),
(480, 140, 1, '380-11'),
(481, 219, 1, '381-11'),
(482, 241, 1, '382-11'),
(483, 242, 1, '383-11'),
(484, 243, 1, '383-11'),
(485, 178, 1, '383-11'),
(486, 78, 1, '384-11'),
(487, 244, 1, '385-11'),
(488, 245, 1, '385-11'),
(489, 1, 1, '385-11'),
(490, 178, 1, '385-11'),
(491, 246, 1, '386-11'),
(492, 247, 1, '387-11'),
(493, 248, 1, '387-11'),
(494, 249, 1, '387-11'),
(495, 247, 1, '388-11'),
(496, 247, 1, '389-11'),
(497, 247, 1, '390-11'),
(498, 247, 1, '391-11'),
(499, 250, 1, '392-11'),
(500, 251, 1, '393-11'),
(501, 252, 1, '394-11'),
(502, 252, 1, '395-11'),
(503, 194, 1, '396-11'),
(504, 253, 1, '396-11'),
(505, 254, 1, '397-11'),
(506, 255, 1, '398-11'),
(507, 256, 1, '399-11'),
(508, 257, 1, '400-11'),
(509, 258, 1, '401-11'),
(510, 252, 1, '402-11'),
(511, 252, 1, '403-11'),
(512, 252, 1, '404-11'),
(513, 252, 1, '405-11'),
(514, 252, 1, '406-11'),
(515, 252, 1, '407-11'),
(516, 259, 0, '408-11'),
(517, 259, 0, '409-11'),
(518, 259, 0, '410-11'),
(519, 259, 0, '411-11'),
(520, 259, 0, '412-11'),
(521, 259, 0, '413-11'),
(522, 259, 0, '414-11'),
(523, 259, 0, '415-11'),
(524, 259, 0, '416-11'),
(525, 260, 0, '417-11'),
(526, 261, 0, '418-11'),
(527, 259, 0, '419-11'),
(528, 262, 1, '420-11'),
(529, 259, 0, '421-11'),
(530, 259, 0, '422-11'),
(531, 259, 0, '423-11'),
(532, 259, 0, '424-11'),
(533, 259, 0, '425-11'),
(534, 259, 0, '426-11'),
(535, 259, 0, '427-11'),
(536, 259, 0, '428-11'),
(537, 259, 0, '429-11'),
(538, 259, 0, '430-11'),
(539, 259, 0, '431-11'),
(540, 259, 0, '432-11'),
(541, 259, 0, '433-11'),
(542, 259, 0, '434-11'),
(543, 259, 0, '435-11'),
(544, 259, 0, '436-11'),
(545, 259, 0, '437-11'),
(546, 259, 0, '438-11'),
(547, 259, 0, '439-11'),
(548, 259, 0, '440-11'),
(549, 259, 0, '441-11'),
(550, 259, 0, '442-11'),
(551, 259, 0, '443-11'),
(552, 259, 0, '444-11'),
(553, 259, 0, '445-11'),
(554, 259, 0, '446-11'),
(555, 259, 0, '447-11'),
(556, 259, 0, '448-11'),
(557, 259, 0, '449-11'),
(558, 259, 0, '450-11'),
(559, 259, 0, '451-11'),
(560, 259, 0, '452-11'),
(561, 259, 0, '453-11'),
(562, 259, 0, '454-11'),
(563, 259, 0, '455-11'),
(564, 259, 0, '456-11'),
(565, 259, 0, '457-11'),
(566, 259, 0, '458-11'),
(567, 259, 0, '459-11'),
(568, 259, 0, '460-11'),
(569, 259, 0, '461-11'),
(570, 259, 0, '462-11'),
(571, 259, 0, '463-11'),
(572, 259, 0, '464-11'),
(573, 259, 0, '465-11'),
(574, 259, 0, '466-11'),
(575, 259, 0, '467-11'),
(576, 259, 0, '468-11'),
(577, 259, 0, '469-11'),
(578, 259, 0, '470-11'),
(579, 259, 0, '471-11'),
(580, 259, 0, '472-11'),
(581, 259, 0, '473-11'),
(582, 1, 1, '474-11'),
(583, 1, 1, '475-11'),
(584, 1, 1, '476-11'),
(585, 1, 1, '477-11'),
(586, 1, 1, '478-11'),
(587, 259, 0, '479-11'),
(588, 263, 1, '480-11'),
(589, 1, 1, '481-11'),
(590, 1, 1, '482-11'),
(591, 259, 0, '483-11'),
(592, 259, 0, '484-11'),
(593, 1, 1, '485-11'),
(594, 1, 1, '486-11'),
(595, 1, 1, '487-11'),
(596, 259, 0, '488-11'),
(597, 1, 1, '489-11'),
(598, 1, 1, '490-11'),
(599, 1, 1, '491-11'),
(600, 1, 1, '492-11'),
(601, 1, 1, '493-11'),
(602, 1, 1, '494-11'),
(603, 1, 1, '495-11'),
(604, 259, 0, '496-11'),
(605, 259, 0, '497-11'),
(606, 259, 0, '498-11'),
(607, 1, 1, '499-11'),
(608, 259, 0, '500-11'),
(609, 259, 0, '501-11'),
(610, 1, 1, '502-11'),
(611, 259, 0, '503-11'),
(612, 1, 1, '504-11'),
(613, 259, 0, '505-11'),
(614, 259, 0, '506-11'),
(615, 1, 1, '507-11'),
(616, 259, 0, '508-11'),
(617, 259, 0, '509-11'),
(618, 1, 1, '510-11'),
(619, 259, 0, '511-11'),
(620, 259, 0, '512-11'),
(621, 259, 0, '513-11'),
(622, 259, 0, '514-11'),
(623, 259, 0, '515-11'),
(624, 259, 0, '516-11'),
(625, 259, 0, '517-11'),
(626, 188, 1, '518-11'),
(627, 189, 1, '518-11'),
(628, 264, 1, '519-11'),
(629, 259, 0, '520-11'),
(630, 1, 1, '521-11'),
(631, 163, 1, '522-11'),
(632, 265, 1, '523-11'),
(633, 265, 1, '524-11'),
(634, 265, 1, '525-11'),
(635, 266, 1, '526-11'),
(636, 267, 1, '527-11'),
(637, 124, 1, '528-11'),
(638, 268, 1, '529-11'),
(639, 269, 1, '530-11'),
(640, 264, 1, '530-11'),
(641, 270, 1, '531-11'),
(642, 122, 1, '532-11'),
(643, 271, 1, '533-11'),
(644, 272, 1, '534-11'),
(645, 56, 1, '534-11'),
(646, 111, 1, '534-11'),
(647, 273, 1, '535-11'),
(648, 259, 0, '536-11'),
(649, 259, 0, '537-11'),
(650, 259, 0, '538-11'),
(651, 259, 0, '539-11'),
(652, 259, 0, '540-11'),
(653, 259, 0, '541-11'),
(654, 259, 0, '542-11'),
(655, 259, 0, '543-11'),
(656, 259, 0, '544-11'),
(657, 1, 1, '545-11'),
(658, 1, 1, '546-11'),
(659, 259, 0, '547-11'),
(660, 274, 1, '548-11'),
(661, 1, 1, '549-11'),
(662, 1, 1, '550-11'),
(663, 1, 1, '551-11'),
(664, 1, 1, '552-11'),
(665, 259, 0, '553-11'),
(666, 1, 1, '554-11'),
(667, 1, 1, '555-11'),
(668, 275, 1, '556-11'),
(669, 1, 1, '557-11'),
(670, 276, 1, '558-11'),
(671, 187, 1, '559-11'),
(672, 18, 1, '560-11'),
(673, 277, 1, '561-11'),
(674, 18, 1, '562-11'),
(675, 278, 1, '563-11'),
(676, 279, 1, '565-11'),
(677, 264, 1, '559-11'),
(678, 280, 1, '565-11'),
(679, 237, 1, '565-11'),
(680, 237, 1, '529-11'),
(681, 77, 1, '566-11'),
(682, 281, 1, '566-11'),
(683, 282, 1, '567-11'),
(684, 216, 1, '568-11'),
(685, 283, 1, '569-11'),
(686, 284, 1, '570-11'),
(687, 285, 1, '570-11'),
(688, 259, 0, '571-11'),
(689, 259, 0, '572-11'),
(690, 259, 0, '573-11'),
(691, 286, 1, '574-11'),
(692, 287, 1, '575-11'),
(693, 286, 1, '575-11'),
(694, 35, 1, '576-11'),
(695, 288, 1, '576-11'),
(696, 289, 1, '576-11'),
(697, 290, 1, '577-11'),
(698, 291, 1, '578-11'),
(699, 292, 1, '578-11'),
(700, 293, 1, '578-11'),
(701, 67, 1, '579-11'),
(702, 294, 1, '580-11'),
(703, 295, 1, '581-11'),
(704, 295, 1, '582-11'),
(705, 295, 1, '583-11'),
(706, 295, 1, '584-11'),
(707, 295, 1, '585-11'),
(708, 295, 1, '586-11'),
(709, 295, 1, '587-11'),
(710, 295, 1, '588-11'),
(711, 295, 1, '589-11'),
(712, 295, 1, '590-11'),
(713, 259, 0, '591-11'),
(714, 259, 0, '592-11'),
(715, 259, 0, '593-11'),
(716, 259, 0, '594-11'),
(717, 296, 1, '595-11'),
(718, 297, 1, '596-11'),
(719, 259, 0, '597-11'),
(720, 259, 0, '598-11'),
(721, 259, 0, '599-11'),
(722, 259, 0, '600-11'),
(723, 259, 0, '601-11'),
(724, 1, 1, '602-11'),
(725, 194, 1, '603-11'),
(726, 1, 1, '604-11'),
(727, 1, 1, '605-11'),
(728, 1, 1, '606-11'),
(729, 1, 1, '607-11'),
(730, 1, 1, '608-11'),
(731, 1, 1, '609-11'),
(732, 1, 1, '610-11'),
(733, 1, 1, '611-11'),
(734, 1, 1, '612-11'),
(735, 259, 0, '613-11'),
(736, 259, 0, '614-11'),
(737, 259, 0, '615-11'),
(738, 1, 1, '616-11'),
(739, 1, 1, '617-11'),
(740, 259, 0, '618-11'),
(741, 259, 0, '619-11'),
(742, 1, 1, '620-11'),
(743, 259, 0, '621-11'),
(744, 259, 0, '622-11'),
(745, 1, 1, '623-11'),
(746, 259, 0, '624-11'),
(747, 259, 0, '625-11'),
(748, 259, 0, '626-11'),
(749, 259, 0, '627-11'),
(750, 259, 0, '628-11'),
(751, 259, 0, '629-11'),
(752, 1, 1, '630-11'),
(753, 259, 0, '631-11'),
(754, 1, 1, '632-11'),
(755, 259, 0, '633-11'),
(756, 259, 0, '634-11'),
(757, 259, 0, '635-11'),
(758, 259, 0, '636-11'),
(759, 1, 1, '637-11'),
(760, 1, 1, '638-11'),
(761, 1, 1, '639-11'),
(762, 1, 1, '640-11'),
(763, 1, 1, '641-11'),
(764, 1, 1, '642-11'),
(765, 1, 1, '643-11'),
(766, 1, 1, '644-11'),
(767, 259, 0, '645-11'),
(768, 259, 0, '646-11'),
(769, 259, 0, '647-11'),
(770, 259, 0, '648-11'),
(771, 1, 1, '649-11'),
(772, 1, 1, '650-11'),
(773, 1, 1, '651-11'),
(774, 1, 1, '652-11'),
(775, 1, 1, '653-11'),
(776, 259, 0, '655-11'),
(777, 259, 0, '656-11'),
(778, 259, 0, '657-11'),
(779, 259, 0, '658-11'),
(780, 259, 0, '659-11'),
(781, 1, 1, '660-11'),
(782, 298, 1, '661-11'),
(783, 78, 1, '661-11'),
(784, 298, 1, '662-11'),
(785, 78, 1, '662-11'),
(786, 298, 1, '663-11'),
(787, 78, 1, '663-11'),
(788, 298, 1, '664-11'),
(789, 78, 1, '664-11'),
(790, 298, 1, '665-11'),
(791, 78, 1, '665-11'),
(792, 298, 1, '666-11'),
(793, 78, 1, '666-11'),
(794, 298, 1, '667-11'),
(795, 78, 1, '667-11'),
(796, 298, 1, '668-11'),
(797, 78, 1, '668-11'),
(798, 298, 1, '669-11'),
(799, 78, 1, '669-11'),
(800, 298, 1, '670-11'),
(801, 78, 1, '670-11'),
(802, 298, 1, '671-11'),
(803, 78, 1, '671-11'),
(804, 298, 1, '672-11'),
(805, 78, 1, '672-11'),
(806, 298, 1, '673-11'),
(807, 78, 1, '673-11'),
(808, 298, 1, '674-11'),
(809, 78, 1, '674-11'),
(810, 298, 1, '675-11'),
(811, 78, 1, '675-11'),
(812, 298, 1, '676-11'),
(813, 78, 1, '676-11'),
(814, 298, 1, '677-11'),
(815, 78, 1, '677-11'),
(816, 298, 1, '678-11'),
(817, 78, 1, '678-11'),
(818, 298, 1, '679-11'),
(819, 78, 1, '679-11'),
(820, 298, 1, '680-11'),
(821, 78, 1, '680-11'),
(822, 298, 1, '681-11'),
(823, 78, 1, '681-11'),
(824, 298, 1, '682-11'),
(825, 78, 1, '682-11'),
(826, 298, 1, '683-11'),
(827, 78, 1, '683-11'),
(828, 78, 1, '684-11'),
(829, 78, 1, '685-11'),
(830, 78, 1, '686-11');

-- --------------------------------------------------------

--
-- 表的结构 `v9_link`
--

CREATE TABLE IF NOT EXISTS `v9_link` (
  `linkid` smallint(5) unsigned NOT NULL AUTO_INCREMENT,
  `siteid` smallint(5) unsigned DEFAULT '0',
  `typeid` smallint(5) unsigned NOT NULL DEFAULT '0',
  `linktype` tinyint(1) unsigned NOT NULL DEFAULT '0',
  `name` varchar(50) NOT NULL DEFAULT '',
  `url` varchar(255) NOT NULL DEFAULT '',
  `logo` varchar(255) NOT NULL DEFAULT '',
  `introduce` text NOT NULL,
  `username` varchar(30) NOT NULL DEFAULT '',
  `listorder` smallint(5) unsigned NOT NULL DEFAULT '0',
  `elite` tinyint(1) unsigned NOT NULL DEFAULT '0',
  `passed` tinyint(1) unsigned NOT NULL DEFAULT '0',
  `addtime` int(10) unsigned NOT NULL DEFAULT '0',
  PRIMARY KEY (`linkid`),
  KEY `typeid` (`typeid`,`passed`,`listorder`,`linkid`)
) ENGINE=MyISAM  DEFAULT CHARSET=utf8 AUTO_INCREMENT=3 ;

--
-- 转存表中的数据 `v9_link`
--

INSERT INTO `v9_link` (`linkid`, `siteid`, `typeid`, `linktype`, `name`, `url`, `logo`, `introduce`, `username`, `listorder`, `elite`, `passed`, `addtime`) VALUES
(1, 1, 0, 1, '教育部', 'http://www.moe.gov.cn', 'http://www.moe.gov.cn/images/logo_88_31.gif', '', '', 0, 0, 1, 1385730479),
(2, 1, 0, 1, '学信网', 'http://www.chsi.cn/', 'http://www.chsi.cn/logo/comp_logo_sdo.gif', '', '', 0, 0, 1, 1385730479);

-- --------------------------------------------------------

--
-- 表的结构 `v9_linkage`
--

CREATE TABLE IF NOT EXISTS `v9_linkage` (
  `linkageid` smallint(5) unsigned NOT NULL AUTO_INCREMENT,
  `name` varchar(30) NOT NULL,
  `style` varchar(35) NOT NULL,
  `parentid` smallint(5) unsigned NOT NULL DEFAULT '0',
  `child` tinyint(1) NOT NULL,
  `arrchildid` mediumtext NOT NULL,
  `keyid` smallint(5) unsigned NOT NULL DEFAULT '0',
  `listorder` smallint(5) unsigned NOT NULL DEFAULT '0',
  `description` varchar(255) DEFAULT NULL,
  `setting` varchar(255) DEFAULT NULL,
  `siteid` smallint(5) NOT NULL DEFAULT '0',
  PRIMARY KEY (`linkageid`,`keyid`),
  KEY `parentid` (`parentid`,`listorder`)
) ENGINE=MyISAM  DEFAULT CHARSET=utf8 AUTO_INCREMENT=3365 ;

--
-- 转存表中的数据 `v9_linkage`
--

INSERT INTO `v9_linkage` (`linkageid`, `name`, `style`, `parentid`, `child`, `arrchildid`, `keyid`, `listorder`, `description`, `setting`, `siteid`) VALUES
(1, '中国', '1', 0, 0, '', 0, 0, '', NULL, 0),
(2, '北京市', '0', 0, 0, '', 1, 0, '', NULL, 0),
(3, '上海市', '0', 0, 0, '', 1, 0, '', NULL, 0),
(4, '天津市', '0', 0, 0, '', 1, 0, '', NULL, 0),
(5, '重庆市', '0', 0, 0, '', 1, 0, '', NULL, 0),
(6, '河北省', '0', 0, 0, '', 1, 0, '', NULL, 0),
(7, '山西省', '0', 0, 0, '', 1, 0, '', NULL, 0),
(8, '内蒙古', '0', 0, 0, '', 1, 0, '', NULL, 0),
(9, '辽宁省', '0', 0, 0, '', 1, 0, '', NULL, 0),
(10, '吉林省', '0', 0, 0, '', 1, 0, '', NULL, 0),
(11, '黑龙江省', '0', 0, 0, '', 1, 0, '', NULL, 0),
(12, '江苏省', '0', 0, 0, '', 1, 0, '', NULL, 0),
(13, '浙江省', '0', 0, 0, '', 1, 0, '', NULL, 0),
(14, '安徽省', '0', 0, 0, '', 1, 0, '', NULL, 0),
(15, '福建省', '0', 0, 0, '', 1, 0, '', NULL, 0),
(16, '江西省', '0', 0, 0, '', 1, 0, '', NULL, 0),
(17, '山东省', '0', 0, 0, '', 1, 0, '', NULL, 0),
(18, '河南省', '0', 0, 0, '', 1, 0, '', NULL, 0),
(19, '湖北省', '0', 0, 0, '', 1, 0, '', NULL, 0),
(20, '湖南省', '0', 0, 0, '', 1, 0, '', NULL, 0),
(21, '广东省', '0', 0, 0, '', 1, 0, '', NULL, 0),
(22, '广西', '0', 0, 0, '', 1, 0, '', NULL, 0),
(23, '海南省', '0', 0, 0, '', 1, 0, '', NULL, 0),
(24, '四川省', '0', 0, 0, '', 1, 0, '', NULL, 0),
(25, '贵州省', '0', 0, 0, '', 1, 0, '', NULL, 0),
(26, '云南省', '0', 0, 0, '', 1, 0, '', NULL, 0),
(27, '西藏', '0', 0, 0, '', 1, 0, '', NULL, 0),
(28, '陕西省', '0', 0, 0, '', 1, 0, '', NULL, 0),
(29, '甘肃省', '0', 0, 0, '', 1, 0, '', NULL, 0),
(30, '青海省', '0', 0, 0, '', 1, 0, '', NULL, 0),
(31, '宁夏', '0', 0, 0, '', 1, 0, '', NULL, 0),
(32, '新疆', '0', 0, 0, '', 1, 0, '', NULL, 0),
(33, '台湾省', '0', 0, 0, '', 1, 0, '', NULL, 0),
(34, '香港', '0', 0, 0, '', 1, 0, '', NULL, 0),
(35, '澳门', '0', 0, 0, '', 1, 0, '', NULL, 0),
(36, '东城区', '0', 2, 0, '', 1, 0, '', NULL, 0),
(37, '西城区', '0', 2, 0, '', 1, 0, '', NULL, 0),
(38, '崇文区', '0', 2, 0, '', 1, 0, '', NULL, 0),
(39, '宣武区', '0', 2, 0, '', 1, 0, '', NULL, 0),
(40, '朝阳区', '0', 2, 0, '', 1, 0, '', NULL, 0),
(41, '石景山区', '0', 2, 0, '', 1, 0, '', NULL, 0),
(42, '海淀区', '0', 2, 0, '', 1, 0, '', NULL, 0),
(43, '门头沟区', '0', 2, 0, '', 1, 0, '', NULL, 0),
(44, '房山区', '0', 2, 0, '', 1, 0, '', NULL, 0),
(45, '通州区', '0', 2, 0, '', 1, 0, '', NULL, 0),
(46, '顺义区', '0', 2, 0, '', 1, 0, '', NULL, 0),
(47, '昌平区', '0', 2, 0, '', 1, 0, '', NULL, 0),
(48, '大兴区', '0', 2, 0, '', 1, 0, '', NULL, 0),
(49, '怀柔区', '0', 2, 0, '', 1, 0, '', NULL, 0),
(50, '平谷区', '0', 2, 0, '', 1, 0, '', NULL, 0),
(51, '密云县', '0', 2, 0, '', 1, 0, '', NULL, 0),
(52, '延庆县', '0', 2, 0, '', 1, 0, '', NULL, 0),
(53, '黄浦区', '0', 3, 0, '', 1, 0, '', NULL, 0),
(54, '卢湾区', '0', 3, 0, '', 1, 0, '', NULL, 0),
(55, '徐汇区', '0', 3, 0, '', 1, 0, '', NULL, 0),
(56, '长宁区', '0', 3, 0, '', 1, 0, '', NULL, 0),
(57, '静安区', '0', 3, 0, '', 1, 0, '', NULL, 0),
(58, '普陀区', '0', 3, 0, '', 1, 0, '', NULL, 0),
(59, '闸北区', '0', 3, 0, '', 1, 0, '', NULL, 0),
(60, '虹口区', '0', 3, 0, '', 1, 0, '', NULL, 0),
(61, '杨浦区', '0', 3, 0, '', 1, 0, '', NULL, 0),
(62, '闵行区', '0', 3, 0, '', 1, 0, '', NULL, 0),
(63, '宝山区', '0', 3, 0, '', 1, 0, '', NULL, 0),
(64, '嘉定区', '0', 3, 0, '', 1, 0, '', NULL, 0),
(65, '浦东新区', '0', 3, 0, '', 1, 0, '', NULL, 0),
(66, '金山区', '0', 3, 0, '', 1, 0, '', NULL, 0),
(67, '松江区', '0', 3, 0, '', 1, 0, '', NULL, 0),
(68, '青浦区', '0', 3, 0, '', 1, 0, '', NULL, 0),
(69, '南汇区', '0', 3, 0, '', 1, 0, '', NULL, 0),
(70, '奉贤区', '0', 3, 0, '', 1, 0, '', NULL, 0),
(71, '崇明县', '0', 3, 0, '', 1, 0, '', NULL, 0),
(72, '和平区', '0', 4, 0, '', 1, 0, '', NULL, 0),
(73, '河东区', '0', 4, 0, '', 1, 0, '', NULL, 0),
(74, '河西区', '0', 4, 0, '', 1, 0, '', NULL, 0),
(75, '南开区', '0', 4, 0, '', 1, 0, '', NULL, 0),
(76, '河北区', '0', 4, 0, '', 1, 0, '', NULL, 0),
(77, '红桥区', '0', 4, 0, '', 1, 0, '', NULL, 0),
(78, '塘沽区', '0', 4, 0, '', 1, 0, '', NULL, 0),
(79, '汉沽区', '0', 4, 0, '', 1, 0, '', NULL, 0),
(80, '大港区', '0', 4, 0, '', 1, 0, '', NULL, 0),
(81, '东丽区', '0', 4, 0, '', 1, 0, '', NULL, 0),
(82, '西青区', '0', 4, 0, '', 1, 0, '', NULL, 0),
(83, '津南区', '0', 4, 0, '', 1, 0, '', NULL, 0),
(84, '北辰区', '0', 4, 0, '', 1, 0, '', NULL, 0),
(85, '武清区', '0', 4, 0, '', 1, 0, '', NULL, 0),
(86, '宝坻区', '0', 4, 0, '', 1, 0, '', NULL, 0),
(87, '宁河县', '0', 4, 0, '', 1, 0, '', NULL, 0),
(88, '静海县', '0', 4, 0, '', 1, 0, '', NULL, 0),
(89, '蓟县', '0', 4, 0, '', 1, 0, '', NULL, 0),
(90, '万州区', '0', 5, 0, '', 1, 0, '', NULL, 0),
(91, '涪陵区', '0', 5, 0, '', 1, 0, '', NULL, 0),
(92, '渝中区', '0', 5, 0, '', 1, 0, '', NULL, 0),
(93, '大渡口区', '0', 5, 0, '', 1, 0, '', NULL, 0),
(94, '江北区', '0', 5, 0, '', 1, 0, '', NULL, 0),
(95, '沙坪坝区', '0', 5, 0, '', 1, 0, '', NULL, 0),
(96, '九龙坡区', '0', 5, 0, '', 1, 0, '', NULL, 0),
(97, '南岸区', '0', 5, 0, '', 1, 0, '', NULL, 0),
(98, '北碚区', '0', 5, 0, '', 1, 0, '', NULL, 0),
(99, '万盛区', '0', 5, 0, '', 1, 0, '', NULL, 0),
(100, '双桥区', '0', 5, 0, '', 1, 0, '', NULL, 0),
(101, '渝北区', '0', 5, 0, '', 1, 0, '', NULL, 0),
(102, '巴南区', '0', 5, 0, '', 1, 0, '', NULL, 0),
(103, '黔江区', '0', 5, 0, '', 1, 0, '', NULL, 0),
(104, '长寿区', '0', 5, 0, '', 1, 0, '', NULL, 0),
(105, '綦江县', '0', 5, 0, '', 1, 0, '', NULL, 0),
(106, '潼南县', '0', 5, 0, '', 1, 0, '', NULL, 0),
(107, '铜梁县', '0', 5, 0, '', 1, 0, '', NULL, 0),
(108, '大足县', '0', 5, 0, '', 1, 0, '', NULL, 0),
(109, '荣昌县', '0', 5, 0, '', 1, 0, '', NULL, 0),
(110, '璧山县', '0', 5, 0, '', 1, 0, '', NULL, 0),
(111, '梁平县', '0', 5, 0, '', 1, 0, '', NULL, 0),
(112, '城口县', '0', 5, 0, '', 1, 0, '', NULL, 0),
(113, '丰都县', '0', 5, 0, '', 1, 0, '', NULL, 0),
(114, '垫江县', '0', 5, 0, '', 1, 0, '', NULL, 0),
(115, '武隆县', '0', 5, 0, '', 1, 0, '', NULL, 0),
(116, '忠县', '0', 5, 0, '', 1, 0, '', NULL, 0),
(117, '开县', '0', 5, 0, '', 1, 0, '', NULL, 0),
(118, '云阳县', '0', 5, 0, '', 1, 0, '', NULL, 0),
(119, '奉节县', '0', 5, 0, '', 1, 0, '', NULL, 0),
(120, '巫山县', '0', 5, 0, '', 1, 0, '', NULL, 0),
(121, '巫溪县', '0', 5, 0, '', 1, 0, '', NULL, 0),
(122, '石柱县', '0', 5, 0, '', 1, 0, '', NULL, 0),
(123, '秀山县', '0', 5, 0, '', 1, 0, '', NULL, 0),
(124, '酉阳县', '0', 5, 0, '', 1, 0, '', NULL, 0),
(125, '彭水县', '0', 5, 0, '', 1, 0, '', NULL, 0),
(126, '江津区', '0', 5, 0, '', 1, 0, '', NULL, 0),
(127, '合川区', '0', 5, 0, '', 1, 0, '', NULL, 0),
(128, '永川区', '0', 5, 0, '', 1, 0, '', NULL, 0),
(129, '南川区', '0', 5, 0, '', 1, 0, '', NULL, 0),
(130, '石家庄市', '0', 6, 0, '', 1, 0, '', NULL, 0),
(131, '唐山市', '0', 6, 0, '', 1, 0, '', NULL, 0),
(132, '秦皇岛市', '0', 6, 0, '', 1, 0, '', NULL, 0),
(133, '邯郸市', '0', 6, 0, '', 1, 0, '', NULL, 0),
(134, '邢台市', '0', 6, 0, '', 1, 0, '', NULL, 0),
(135, '保定市', '0', 6, 0, '', 1, 0, '', NULL, 0),
(136, '张家口市', '0', 6, 0, '', 1, 0, '', NULL, 0),
(137, '承德市', '0', 6, 0, '', 1, 0, '', NULL, 0),
(138, '沧州市', '0', 6, 0, '', 1, 0, '', NULL, 0),
(139, '廊坊市', '0', 6, 0, '', 1, 0, '', NULL, 0),
(140, '衡水市', '0', 6, 0, '', 1, 0, '', NULL, 0),
(141, '太原市', '0', 7, 0, '', 1, 0, '', NULL, 0),
(142, '大同市', '0', 7, 0, '', 1, 0, '', NULL, 0),
(143, '阳泉市', '0', 7, 0, '', 1, 0, '', NULL, 0),
(144, '长治市', '0', 7, 0, '', 1, 0, '', NULL, 0),
(145, '晋城市', '0', 7, 0, '', 1, 0, '', NULL, 0),
(146, '朔州市', '0', 7, 0, '', 1, 0, '', NULL, 0),
(147, '晋中市', '0', 7, 0, '', 1, 0, '', NULL, 0),
(148, '运城市', '0', 7, 0, '', 1, 0, '', NULL, 0),
(149, '忻州市', '0', 7, 0, '', 1, 0, '', NULL, 0),
(150, '临汾市', '0', 7, 0, '', 1, 0, '', NULL, 0),
(151, '吕梁市', '0', 7, 0, '', 1, 0, '', NULL, 0),
(152, '呼和浩特市', '0', 8, 0, '', 1, 0, '', NULL, 0),
(153, '包头市', '0', 8, 0, '', 1, 0, '', NULL, 0),
(154, '乌海市', '0', 8, 0, '', 1, 0, '', NULL, 0),
(155, '赤峰市', '0', 8, 0, '', 1, 0, '', NULL, 0),
(156, '通辽市', '0', 8, 0, '', 1, 0, '', NULL, 0),
(157, '鄂尔多斯市', '0', 8, 0, '', 1, 0, '', NULL, 0),
(158, '呼伦贝尔市', '0', 8, 0, '', 1, 0, '', NULL, 0),
(159, '巴彦淖尔市', '0', 8, 0, '', 1, 0, '', NULL, 0),
(160, '乌兰察布市', '0', 8, 0, '', 1, 0, '', NULL, 0),
(161, '兴安盟', '0', 8, 0, '', 1, 0, '', NULL, 0),
(162, '锡林郭勒盟', '0', 8, 0, '', 1, 0, '', NULL, 0),
(163, '阿拉善盟', '0', 8, 0, '', 1, 0, '', NULL, 0),
(164, '沈阳市', '0', 9, 0, '', 1, 0, '', NULL, 0),
(165, '大连市', '0', 9, 0, '', 1, 0, '', NULL, 0),
(166, '鞍山市', '0', 9, 0, '', 1, 0, '', NULL, 0),
(167, '抚顺市', '0', 9, 0, '', 1, 0, '', NULL, 0),
(168, '本溪市', '0', 9, 0, '', 1, 0, '', NULL, 0),
(169, '丹东市', '0', 9, 0, '', 1, 0, '', NULL, 0),
(170, '锦州市', '0', 9, 0, '', 1, 0, '', NULL, 0),
(171, '营口市', '0', 9, 0, '', 1, 0, '', NULL, 0),
(172, '阜新市', '0', 9, 0, '', 1, 0, '', NULL, 0),
(173, '辽阳市', '0', 9, 0, '', 1, 0, '', NULL, 0),
(174, '盘锦市', '0', 9, 0, '', 1, 0, '', NULL, 0),
(175, '铁岭市', '0', 9, 0, '', 1, 0, '', NULL, 0),
(176, '朝阳市', '0', 9, 0, '', 1, 0, '', NULL, 0),
(177, '葫芦岛市', '0', 9, 0, '', 1, 0, '', NULL, 0),
(178, '长春市', '0', 10, 0, '', 1, 0, '', NULL, 0),
(179, '吉林市', '0', 10, 0, '', 1, 0, '', NULL, 0),
(180, '四平市', '0', 10, 0, '', 1, 0, '', NULL, 0),
(181, '辽源市', '0', 10, 0, '', 1, 0, '', NULL, 0),
(182, '通化市', '0', 10, 0, '', 1, 0, '', NULL, 0),
(183, '白山市', '0', 10, 0, '', 1, 0, '', NULL, 0),
(184, '松原市', '0', 10, 0, '', 1, 0, '', NULL, 0),
(185, '白城市', '0', 10, 0, '', 1, 0, '', NULL, 0),
(186, '延边', '0', 10, 0, '', 1, 0, '', NULL, 0),
(187, '哈尔滨市', '0', 11, 0, '', 1, 0, '', NULL, 0),
(188, '齐齐哈尔市', '0', 11, 0, '', 1, 0, '', NULL, 0),
(189, '鸡西市', '0', 11, 0, '', 1, 0, '', NULL, 0),
(190, '鹤岗市', '0', 11, 0, '', 1, 0, '', NULL, 0),
(191, '双鸭山市', '0', 11, 0, '', 1, 0, '', NULL, 0),
(192, '大庆市', '0', 11, 0, '', 1, 0, '', NULL, 0),
(193, '伊春市', '0', 11, 0, '', 1, 0, '', NULL, 0),
(194, '佳木斯市', '0', 11, 0, '', 1, 0, '', NULL, 0),
(195, '七台河市', '0', 11, 0, '', 1, 0, '', NULL, 0),
(196, '牡丹江市', '0', 11, 0, '', 1, 0, '', NULL, 0),
(197, '黑河市', '0', 11, 0, '', 1, 0, '', NULL, 0),
(198, '绥化市', '0', 11, 0, '', 1, 0, '', NULL, 0),
(199, '大兴安岭地区', '0', 11, 0, '', 1, 0, '', NULL, 0),
(200, '南京市', '0', 12, 0, '', 1, 0, '', NULL, 0),
(201, '无锡市', '0', 12, 0, '', 1, 0, '', NULL, 0),
(202, '徐州市', '0', 12, 0, '', 1, 0, '', NULL, 0),
(203, '常州市', '0', 12, 0, '', 1, 0, '', NULL, 0),
(204, '苏州市', '0', 12, 0, '', 1, 0, '', NULL, 0),
(205, '南通市', '0', 12, 0, '', 1, 0, '', NULL, 0),
(206, '连云港市', '0', 12, 0, '', 1, 0, '', NULL, 0),
(207, '淮安市', '0', 12, 0, '', 1, 0, '', NULL, 0),
(208, '盐城市', '0', 12, 0, '', 1, 0, '', NULL, 0),
(209, '扬州市', '0', 12, 0, '', 1, 0, '', NULL, 0),
(210, '镇江市', '0', 12, 0, '', 1, 0, '', NULL, 0),
(211, '泰州市', '0', 12, 0, '', 1, 0, '', NULL, 0),
(212, '宿迁市', '0', 12, 0, '', 1, 0, '', NULL, 0),
(213, '杭州市', '0', 13, 0, '', 1, 0, '', NULL, 0),
(214, '宁波市', '0', 13, 0, '', 1, 0, '', NULL, 0),
(215, '温州市', '0', 13, 0, '', 1, 0, '', NULL, 0),
(216, '嘉兴市', '0', 13, 0, '', 1, 0, '', NULL, 0),
(217, '湖州市', '0', 13, 0, '', 1, 0, '', NULL, 0),
(218, '绍兴市', '0', 13, 0, '', 1, 0, '', NULL, 0),
(219, '金华市', '0', 13, 0, '', 1, 0, '', NULL, 0),
(220, '衢州市', '0', 13, 0, '', 1, 0, '', NULL, 0),
(221, '舟山市', '0', 13, 0, '', 1, 0, '', NULL, 0),
(222, '台州市', '0', 13, 0, '', 1, 0, '', NULL, 0),
(223, '丽水市', '0', 13, 0, '', 1, 0, '', NULL, 0),
(224, '合肥市', '0', 14, 0, '', 1, 0, '', NULL, 0),
(225, '芜湖市', '0', 14, 0, '', 1, 0, '', NULL, 0),
(226, '蚌埠市', '0', 14, 0, '', 1, 0, '', NULL, 0),
(227, '淮南市', '0', 14, 0, '', 1, 0, '', NULL, 0),
(228, '马鞍山市', '0', 14, 0, '', 1, 0, '', NULL, 0),
(229, '淮北市', '0', 14, 0, '', 1, 0, '', NULL, 0),
(230, '铜陵市', '0', 14, 0, '', 1, 0, '', NULL, 0),
(231, '安庆市', '0', 14, 0, '', 1, 0, '', NULL, 0),
(232, '黄山市', '0', 14, 0, '', 1, 0, '', NULL, 0),
(233, '滁州市', '0', 14, 0, '', 1, 0, '', NULL, 0),
(234, '阜阳市', '0', 14, 0, '', 1, 0, '', NULL, 0),
(235, '宿州市', '0', 14, 0, '', 1, 0, '', NULL, 0),
(236, '巢湖市', '0', 14, 0, '', 1, 0, '', NULL, 0),
(237, '六安市', '0', 14, 0, '', 1, 0, '', NULL, 0),
(238, '亳州市', '0', 14, 0, '', 1, 0, '', NULL, 0),
(239, '池州市', '0', 14, 0, '', 1, 0, '', NULL, 0),
(240, '宣城市', '0', 14, 0, '', 1, 0, '', NULL, 0),
(241, '福州市', '0', 15, 0, '', 1, 0, '', NULL, 0),
(242, '厦门市', '0', 15, 0, '', 1, 0, '', NULL, 0),
(243, '莆田市', '0', 15, 0, '', 1, 0, '', NULL, 0),
(244, '三明市', '0', 15, 0, '', 1, 0, '', NULL, 0),
(245, '泉州市', '0', 15, 0, '', 1, 0, '', NULL, 0),
(246, '漳州市', '0', 15, 0, '', 1, 0, '', NULL, 0),
(247, '南平市', '0', 15, 0, '', 1, 0, '', NULL, 0),
(248, '龙岩市', '0', 15, 0, '', 1, 0, '', NULL, 0),
(249, '宁德市', '0', 15, 0, '', 1, 0, '', NULL, 0),
(250, '南昌市', '0', 16, 0, '', 1, 0, '', NULL, 0),
(251, '景德镇市', '0', 16, 0, '', 1, 0, '', NULL, 0),
(252, '萍乡市', '0', 16, 0, '', 1, 0, '', NULL, 0),
(253, '九江市', '0', 16, 0, '', 1, 0, '', NULL, 0),
(254, '新余市', '0', 16, 0, '', 1, 0, '', NULL, 0),
(255, '鹰潭市', '0', 16, 0, '', 1, 0, '', NULL, 0),
(256, '赣州市', '0', 16, 0, '', 1, 0, '', NULL, 0),
(257, '吉安市', '0', 16, 0, '', 1, 0, '', NULL, 0),
(258, '宜春市', '0', 16, 0, '', 1, 0, '', NULL, 0),
(259, '抚州市', '0', 16, 0, '', 1, 0, '', NULL, 0),
(260, '上饶市', '0', 16, 0, '', 1, 0, '', NULL, 0),
(261, '济南市', '0', 17, 0, '', 1, 0, '', NULL, 0),
(262, '青岛市', '0', 17, 0, '', 1, 0, '', NULL, 0),
(263, '淄博市', '0', 17, 0, '', 1, 0, '', NULL, 0),
(264, '枣庄市', '0', 17, 0, '', 1, 0, '', NULL, 0),
(265, '东营市', '0', 17, 0, '', 1, 0, '', NULL, 0),
(266, '烟台市', '0', 17, 0, '', 1, 0, '', NULL, 0),
(267, '潍坊市', '0', 17, 0, '', 1, 0, '', NULL, 0),
(268, '济宁市', '0', 17, 0, '', 1, 0, '', NULL, 0),
(269, '泰安市', '0', 17, 0, '', 1, 0, '', NULL, 0),
(270, '威海市', '0', 17, 0, '', 1, 0, '', NULL, 0),
(271, '日照市', '0', 17, 0, '', 1, 0, '', NULL, 0),
(272, '莱芜市', '0', 17, 0, '', 1, 0, '', NULL, 0),
(273, '临沂市', '0', 17, 0, '', 1, 0, '', NULL, 0),
(274, '德州市', '0', 17, 0, '', 1, 0, '', NULL, 0),
(275, '聊城市', '0', 17, 0, '', 1, 0, '', NULL, 0),
(276, '滨州市', '0', 17, 0, '', 1, 0, '', NULL, 0),
(277, '荷泽市', '0', 17, 0, '', 1, 0, '', NULL, 0),
(278, '郑州市', '0', 18, 0, '', 1, 0, '', NULL, 0),
(279, '开封市', '0', 18, 0, '', 1, 0, '', NULL, 0),
(280, '洛阳市', '0', 18, 0, '', 1, 0, '', NULL, 0),
(281, '平顶山市', '0', 18, 0, '', 1, 0, '', NULL, 0),
(282, '安阳市', '0', 18, 0, '', 1, 0, '', NULL, 0),
(283, '鹤壁市', '0', 18, 0, '', 1, 0, '', NULL, 0),
(284, '新乡市', '0', 18, 0, '', 1, 0, '', NULL, 0),
(285, '焦作市', '0', 18, 0, '', 1, 0, '', NULL, 0),
(286, '濮阳市', '0', 18, 0, '', 1, 0, '', NULL, 0),
(287, '许昌市', '0', 18, 0, '', 1, 0, '', NULL, 0),
(288, '漯河市', '0', 18, 0, '', 1, 0, '', NULL, 0),
(289, '三门峡市', '0', 18, 0, '', 1, 0, '', NULL, 0),
(290, '南阳市', '0', 18, 0, '', 1, 0, '', NULL, 0),
(291, '商丘市', '0', 18, 0, '', 1, 0, '', NULL, 0),
(292, '信阳市', '0', 18, 0, '', 1, 0, '', NULL, 0),
(293, '周口市', '0', 18, 0, '', 1, 0, '', NULL, 0),
(294, '驻马店市', '0', 18, 0, '', 1, 0, '', NULL, 0),
(295, '武汉市', '0', 19, 0, '', 1, 0, '', NULL, 0),
(296, '黄石市', '0', 19, 0, '', 1, 0, '', NULL, 0),
(297, '十堰市', '0', 19, 0, '', 1, 0, '', NULL, 0),
(298, '宜昌市', '0', 19, 0, '', 1, 0, '', NULL, 0),
(299, '襄樊市', '0', 19, 0, '', 1, 0, '', NULL, 0),
(300, '鄂州市', '0', 19, 0, '', 1, 0, '', NULL, 0),
(301, '荆门市', '0', 19, 0, '', 1, 0, '', NULL, 0),
(302, '孝感市', '0', 19, 0, '', 1, 0, '', NULL, 0),
(303, '荆州市', '0', 19, 0, '', 1, 0, '', NULL, 0),
(304, '黄冈市', '0', 19, 0, '', 1, 0, '', NULL, 0),
(305, '咸宁市', '0', 19, 0, '', 1, 0, '', NULL, 0),
(306, '随州市', '0', 19, 0, '', 1, 0, '', NULL, 0),
(307, '恩施土家族苗族自治州', '0', 19, 0, '', 1, 0, '', NULL, 0),
(308, '仙桃市', '0', 19, 0, '', 1, 0, '', NULL, 0),
(309, '潜江市', '0', 19, 0, '', 1, 0, '', NULL, 0),
(310, '天门市', '0', 19, 0, '', 1, 0, '', NULL, 0),
(311, '神农架林区', '0', 19, 0, '', 1, 0, '', NULL, 0),
(312, '长沙市', '0', 20, 0, '', 1, 0, '', NULL, 0),
(313, '株洲市', '0', 20, 0, '', 1, 0, '', NULL, 0),
(314, '湘潭市', '0', 20, 0, '', 1, 0, '', NULL, 0),
(315, '衡阳市', '0', 20, 0, '', 1, 0, '', NULL, 0),
(316, '邵阳市', '0', 20, 0, '', 1, 0, '', NULL, 0),
(317, '岳阳市', '0', 20, 0, '', 1, 0, '', NULL, 0),
(318, '常德市', '0', 20, 0, '', 1, 0, '', NULL, 0),
(319, '张家界市', '0', 20, 0, '', 1, 0, '', NULL, 0),
(320, '益阳市', '0', 20, 0, '', 1, 0, '', NULL, 0),
(321, '郴州市', '0', 20, 0, '', 1, 0, '', NULL, 0),
(322, '永州市', '0', 20, 0, '', 1, 0, '', NULL, 0),
(323, '怀化市', '0', 20, 0, '', 1, 0, '', NULL, 0),
(324, '娄底市', '0', 20, 0, '', 1, 0, '', NULL, 0),
(325, '湘西土家族苗族自治州', '0', 20, 0, '', 1, 0, '', NULL, 0),
(326, '广州市', '0', 21, 0, '', 1, 0, '', NULL, 0),
(327, '韶关市', '0', 21, 0, '', 1, 0, '', NULL, 0),
(328, '深圳市', '0', 21, 0, '', 1, 0, '', NULL, 0),
(329, '珠海市', '0', 21, 0, '', 1, 0, '', NULL, 0),
(330, '汕头市', '0', 21, 0, '', 1, 0, '', NULL, 0),
(331, '佛山市', '0', 21, 0, '', 1, 0, '', NULL, 0),
(332, '江门市', '0', 21, 0, '', 1, 0, '', NULL, 0),
(333, '湛江市', '0', 21, 0, '', 1, 0, '', NULL, 0),
(334, '茂名市', '0', 21, 0, '', 1, 0, '', NULL, 0),
(335, '肇庆市', '0', 21, 0, '', 1, 0, '', NULL, 0),
(336, '惠州市', '0', 21, 0, '', 1, 0, '', NULL, 0),
(337, '梅州市', '0', 21, 0, '', 1, 0, '', NULL, 0),
(338, '汕尾市', '0', 21, 0, '', 1, 0, '', NULL, 0),
(339, '河源市', '0', 21, 0, '', 1, 0, '', NULL, 0),
(340, '阳江市', '0', 21, 0, '', 1, 0, '', NULL, 0),
(341, '清远市', '0', 21, 0, '', 1, 0, '', NULL, 0),
(342, '东莞市', '0', 21, 0, '', 1, 0, '', NULL, 0),
(343, '中山市', '0', 21, 0, '', 1, 0, '', NULL, 0),
(344, '潮州市', '0', 21, 0, '', 1, 0, '', NULL, 0),
(345, '揭阳市', '0', 21, 0, '', 1, 0, '', NULL, 0),
(346, '云浮市', '0', 21, 0, '', 1, 0, '', NULL, 0),
(347, '南宁市', '0', 22, 0, '', 1, 0, '', NULL, 0),
(348, '柳州市', '0', 22, 0, '', 1, 0, '', NULL, 0),
(349, '桂林市', '0', 22, 0, '', 1, 0, '', NULL, 0),
(350, '梧州市', '0', 22, 0, '', 1, 0, '', NULL, 0),
(351, '北海市', '0', 22, 0, '', 1, 0, '', NULL, 0),
(352, '防城港市', '0', 22, 0, '', 1, 0, '', NULL, 0),
(353, '钦州市', '0', 22, 0, '', 1, 0, '', NULL, 0),
(354, '贵港市', '0', 22, 0, '', 1, 0, '', NULL, 0),
(355, '玉林市', '0', 22, 0, '', 1, 0, '', NULL, 0),
(356, '百色市', '0', 22, 0, '', 1, 0, '', NULL, 0),
(357, '贺州市', '0', 22, 0, '', 1, 0, '', NULL, 0),
(358, '河池市', '0', 22, 0, '', 1, 0, '', NULL, 0),
(359, '来宾市', '0', 22, 0, '', 1, 0, '', NULL, 0),
(360, '崇左市', '0', 22, 0, '', 1, 0, '', NULL, 0),
(361, '海口市', '0', 23, 0, '', 1, 0, '', NULL, 0),
(362, '三亚市', '0', 23, 0, '', 1, 0, '', NULL, 0),
(363, '五指山市', '0', 23, 0, '', 1, 0, '', NULL, 0),
(364, '琼海市', '0', 23, 0, '', 1, 0, '', NULL, 0),
(365, '儋州市', '0', 23, 0, '', 1, 0, '', NULL, 0),
(366, '文昌市', '0', 23, 0, '', 1, 0, '', NULL, 0),
(367, '万宁市', '0', 23, 0, '', 1, 0, '', NULL, 0),
(368, '东方市', '0', 23, 0, '', 1, 0, '', NULL, 0),
(369, '定安县', '0', 23, 0, '', 1, 0, '', NULL, 0),
(370, '屯昌县', '0', 23, 0, '', 1, 0, '', NULL, 0),
(371, '澄迈县', '0', 23, 0, '', 1, 0, '', NULL, 0),
(372, '临高县', '0', 23, 0, '', 1, 0, '', NULL, 0),
(373, '白沙黎族自治县', '0', 23, 0, '', 1, 0, '', NULL, 0),
(374, '昌江黎族自治县', '0', 23, 0, '', 1, 0, '', NULL, 0),
(375, '乐东黎族自治县', '0', 23, 0, '', 1, 0, '', NULL, 0),
(376, '陵水黎族自治县', '0', 23, 0, '', 1, 0, '', NULL, 0),
(377, '保亭黎族苗族自治县', '0', 23, 0, '', 1, 0, '', NULL, 0),
(378, '琼中黎族苗族自治县', '0', 23, 0, '', 1, 0, '', NULL, 0),
(379, '西沙群岛', '0', 23, 0, '', 1, 0, '', NULL, 0),
(380, '南沙群岛', '0', 23, 0, '', 1, 0, '', NULL, 0),
(381, '中沙群岛的岛礁及其海域', '0', 23, 0, '', 1, 0, '', NULL, 0),
(382, '成都市', '0', 24, 0, '', 1, 0, '', NULL, 0),
(383, '自贡市', '0', 24, 0, '', 1, 0, '', NULL, 0),
(384, '攀枝花市', '0', 24, 0, '', 1, 0, '', NULL, 0),
(385, '泸州市', '0', 24, 0, '', 1, 0, '', NULL, 0),
(386, '德阳市', '0', 24, 0, '', 1, 0, '', NULL, 0),
(387, '绵阳市', '0', 24, 0, '', 1, 0, '', NULL, 0),
(388, '广元市', '0', 24, 0, '', 1, 0, '', NULL, 0),
(389, '遂宁市', '0', 24, 0, '', 1, 0, '', NULL, 0),
(390, '内江市', '0', 24, 0, '', 1, 0, '', NULL, 0),
(391, '乐山市', '0', 24, 0, '', 1, 0, '', NULL, 0),
(392, '南充市', '0', 24, 0, '', 1, 0, '', NULL, 0),
(393, '眉山市', '0', 24, 0, '', 1, 0, '', NULL, 0),
(394, '宜宾市', '0', 24, 0, '', 1, 0, '', NULL, 0),
(395, '广安市', '0', 24, 0, '', 1, 0, '', NULL, 0),
(396, '达州市', '0', 24, 0, '', 1, 0, '', NULL, 0),
(397, '雅安市', '0', 24, 0, '', 1, 0, '', NULL, 0),
(398, '巴中市', '0', 24, 0, '', 1, 0, '', NULL, 0),
(399, '资阳市', '0', 24, 0, '', 1, 0, '', NULL, 0),
(400, '阿坝州', '0', 24, 0, '', 1, 0, '', NULL, 0),
(401, '甘孜州', '0', 24, 0, '', 1, 0, '', NULL, 0),
(402, '凉山州', '0', 24, 0, '', 1, 0, '', NULL, 0),
(403, '贵阳市', '0', 25, 0, '', 1, 0, '', NULL, 0),
(404, '六盘水市', '0', 25, 0, '', 1, 0, '', NULL, 0),
(405, '遵义市', '0', 25, 0, '', 1, 0, '', NULL, 0),
(406, '安顺市', '0', 25, 0, '', 1, 0, '', NULL, 0),
(407, '铜仁地区', '0', 25, 0, '', 1, 0, '', NULL, 0),
(408, '黔西南州', '0', 25, 0, '', 1, 0, '', NULL, 0),
(409, '毕节地区', '0', 25, 0, '', 1, 0, '', NULL, 0),
(410, '黔东南州', '0', 25, 0, '', 1, 0, '', NULL, 0),
(411, '黔南州', '0', 25, 0, '', 1, 0, '', NULL, 0),
(412, '昆明市', '0', 26, 0, '', 1, 0, '', NULL, 0),
(413, '曲靖市', '0', 26, 0, '', 1, 0, '', NULL, 0),
(414, '玉溪市', '0', 26, 0, '', 1, 0, '', NULL, 0),
(415, '保山市', '0', 26, 0, '', 1, 0, '', NULL, 0),
(416, '昭通市', '0', 26, 0, '', 1, 0, '', NULL, 0),
(417, '丽江市', '0', 26, 0, '', 1, 0, '', NULL, 0),
(418, '思茅市', '0', 26, 0, '', 1, 0, '', NULL, 0),
(419, '临沧市', '0', 26, 0, '', 1, 0, '', NULL, 0),
(420, '楚雄州', '0', 26, 0, '', 1, 0, '', NULL, 0),
(421, '红河州', '0', 26, 0, '', 1, 0, '', NULL, 0),
(422, '文山州', '0', 26, 0, '', 1, 0, '', NULL, 0),
(423, '西双版纳', '0', 26, 0, '', 1, 0, '', NULL, 0),
(424, '大理', '0', 26, 0, '', 1, 0, '', NULL, 0),
(425, '德宏', '0', 26, 0, '', 1, 0, '', NULL, 0),
(426, '怒江', '0', 26, 0, '', 1, 0, '', NULL, 0),
(427, '迪庆', '0', 26, 0, '', 1, 0, '', NULL, 0),
(428, '拉萨市', '0', 27, 0, '', 1, 0, '', NULL, 0),
(429, '昌都', '0', 27, 0, '', 1, 0, '', NULL, 0),
(430, '山南', '0', 27, 0, '', 1, 0, '', NULL, 0),
(431, '日喀则', '0', 27, 0, '', 1, 0, '', NULL, 0),
(432, '那曲', '0', 27, 0, '', 1, 0, '', NULL, 0),
(433, '阿里', '0', 27, 0, '', 1, 0, '', NULL, 0),
(434, '林芝', '0', 27, 0, '', 1, 0, '', NULL, 0),
(435, '西安市', '0', 28, 0, '', 1, 0, '', NULL, 0),
(436, '铜川市', '0', 28, 0, '', 1, 0, '', NULL, 0),
(437, '宝鸡市', '0', 28, 0, '', 1, 0, '', NULL, 0),
(438, '咸阳市', '0', 28, 0, '', 1, 0, '', NULL, 0),
(439, '渭南市', '0', 28, 0, '', 1, 0, '', NULL, 0),
(440, '延安市', '0', 28, 0, '', 1, 0, '', NULL, 0),
(441, '汉中市', '0', 28, 0, '', 1, 0, '', NULL, 0),
(442, '榆林市', '0', 28, 0, '', 1, 0, '', NULL, 0),
(443, '安康市', '0', 28, 0, '', 1, 0, '', NULL, 0),
(444, '商洛市', '0', 28, 0, '', 1, 0, '', NULL, 0),
(445, '兰州市', '0', 29, 0, '', 1, 0, '', NULL, 0),
(446, '嘉峪关市', '0', 29, 0, '', 1, 0, '', NULL, 0),
(447, '金昌市', '0', 29, 0, '', 1, 0, '', NULL, 0),
(448, '白银市', '0', 29, 0, '', 1, 0, '', NULL, 0),
(449, '天水市', '0', 29, 0, '', 1, 0, '', NULL, 0),
(450, '武威市', '0', 29, 0, '', 1, 0, '', NULL, 0),
(451, '张掖市', '0', 29, 0, '', 1, 0, '', NULL, 0),
(452, '平凉市', '0', 29, 0, '', 1, 0, '', NULL, 0),
(453, '酒泉市', '0', 29, 0, '', 1, 0, '', NULL, 0),
(454, '庆阳市', '0', 29, 0, '', 1, 0, '', NULL, 0),
(455, '定西市', '0', 29, 0, '', 1, 0, '', NULL, 0),
(456, '陇南市', '0', 29, 0, '', 1, 0, '', NULL, 0),
(457, '临夏州', '0', 29, 0, '', 1, 0, '', NULL, 0),
(458, '甘州', '0', 29, 0, '', 1, 0, '', NULL, 0),
(459, '西宁市', '0', 30, 0, '', 1, 0, '', NULL, 0),
(460, '海东地区', '0', 30, 0, '', 1, 0, '', NULL, 0),
(461, '海州', '0', 30, 0, '', 1, 0, '', NULL, 0),
(462, '黄南州', '0', 30, 0, '', 1, 0, '', NULL, 0),
(463, '海南州', '0', 30, 0, '', 1, 0, '', NULL, 0),
(464, '果洛州', '0', 30, 0, '', 1, 0, '', NULL, 0),
(465, '玉树州', '0', 30, 0, '', 1, 0, '', NULL, 0),
(466, '海西州', '0', 30, 0, '', 1, 0, '', NULL, 0),
(467, '银川市', '0', 31, 0, '', 1, 0, '', NULL, 0),
(468, '石嘴山市', '0', 31, 0, '', 1, 0, '', NULL, 0),
(469, '吴忠市', '0', 31, 0, '', 1, 0, '', NULL, 0),
(470, '固原市', '0', 31, 0, '', 1, 0, '', NULL, 0),
(471, '中卫市', '0', 31, 0, '', 1, 0, '', NULL, 0),
(472, '乌鲁木齐市', '0', 32, 0, '', 1, 0, '', NULL, 0),
(473, '克拉玛依市', '0', 32, 0, '', 1, 0, '', NULL, 0),
(474, '吐鲁番地区', '0', 32, 0, '', 1, 0, '', NULL, 0),
(475, '哈密地区', '0', 32, 0, '', 1, 0, '', NULL, 0),
(476, '昌吉州', '0', 32, 0, '', 1, 0, '', NULL, 0),
(477, '博尔州', '0', 32, 0, '', 1, 0, '', NULL, 0),
(478, '巴音郭楞州', '0', 32, 0, '', 1, 0, '', NULL, 0),
(479, '阿克苏地区', '0', 32, 0, '', 1, 0, '', NULL, 0),
(480, '克孜勒苏柯尔克孜自治州', '0', 32, 0, '', 1, 0, '', NULL, 0),
(481, '喀什地区', '0', 32, 0, '', 1, 0, '', NULL, 0),
(482, '和田地区', '0', 32, 0, '', 1, 0, '', NULL, 0),
(483, '伊犁州', '0', 32, 0, '', 1, 0, '', NULL, 0),
(484, '塔城地区', '0', 32, 0, '', 1, 0, '', NULL, 0),
(485, '阿勒泰地区', '0', 32, 0, '', 1, 0, '', NULL, 0),
(486, '石河子市', '0', 32, 0, '', 1, 0, '', NULL, 0),
(487, '阿拉尔市', '0', 32, 0, '', 1, 0, '', NULL, 0),
(488, '图木舒克市', '0', 32, 0, '', 1, 0, '', NULL, 0),
(489, '五家渠市', '0', 32, 0, '', 1, 0, '', NULL, 0),
(490, '台北市', '0', 33, 0, '', 1, 0, '', NULL, 0),
(491, '高雄市', '0', 33, 0, '', 1, 0, '', NULL, 0),
(492, '基隆市', '0', 33, 0, '', 1, 0, '', NULL, 0),
(493, '新竹市', '0', 33, 0, '', 1, 0, '', NULL, 0),
(494, '台中市', '0', 33, 0, '', 1, 0, '', NULL, 0),
(495, '嘉义市', '0', 33, 0, '', 1, 0, '', NULL, 0),
(496, '台南市', '0', 33, 0, '', 1, 0, '', NULL, 0),
(497, '台北县', '0', 33, 0, '', 1, 0, '', NULL, 0),
(498, '桃园县', '0', 33, 0, '', 1, 0, '', NULL, 0),
(499, '新竹县', '0', 33, 0, '', 1, 0, '', NULL, 0),
(500, '苗栗县', '0', 33, 0, '', 1, 0, '', NULL, 0),
(501, '台中县', '0', 33, 0, '', 1, 0, '', NULL, 0),
(502, '彰化县', '0', 33, 0, '', 1, 0, '', NULL, 0),
(503, '南投县', '0', 33, 0, '', 1, 0, '', NULL, 0),
(504, '云林县', '0', 33, 0, '', 1, 0, '', NULL, 0),
(505, '嘉义县', '0', 33, 0, '', 1, 0, '', NULL, 0),
(506, '台南县', '0', 33, 0, '', 1, 0, '', NULL, 0),
(507, '高雄县', '0', 33, 0, '', 1, 0, '', NULL, 0),
(508, '屏东县', '0', 33, 0, '', 1, 0, '', NULL, 0),
(509, '宜兰县', '0', 33, 0, '', 1, 0, '', NULL, 0),
(510, '花莲县', '0', 33, 0, '', 1, 0, '', NULL, 0),
(511, '台东县', '0', 33, 0, '', 1, 0, '', NULL, 0),
(512, '澎湖县', '0', 33, 0, '', 1, 0, '', NULL, 0),
(513, '金门县', '0', 33, 0, '', 1, 0, '', NULL, 0),
(514, '连江县', '0', 33, 0, '', 1, 0, '', NULL, 0),
(515, '中西区', '0', 34, 0, '', 1, 0, '', NULL, 0),
(516, '东区', '0', 34, 0, '', 1, 0, '', NULL, 0),
(517, '南区', '0', 34, 0, '', 1, 0, '', NULL, 0),
(518, '湾仔区', '0', 34, 0, '', 1, 0, '', NULL, 0),
(519, '九龙城区', '0', 34, 0, '', 1, 0, '', NULL, 0),
(520, '观塘区', '0', 34, 0, '', 1, 0, '', NULL, 0),
(521, '深水埗区', '0', 34, 0, '', 1, 0, '', NULL, 0),
(522, '黄大仙区', '0', 34, 0, '', 1, 0, '', NULL, 0),
(523, '油尖旺区', '0', 34, 0, '', 1, 0, '', NULL, 0),
(524, '离岛区', '0', 34, 0, '', 1, 0, '', NULL, 0),
(525, '葵青区', '0', 34, 0, '', 1, 0, '', NULL, 0),
(526, '北区', '0', 34, 0, '', 1, 0, '', NULL, 0),
(527, '西贡区', '0', 34, 0, '', 1, 0, '', NULL, 0),
(528, '沙田区', '0', 34, 0, '', 1, 0, '', NULL, 0),
(529, '大埔区', '0', 34, 0, '', 1, 0, '', NULL, 0),
(530, '荃湾区', '0', 34, 0, '', 1, 0, '', NULL, 0),
(531, '屯门区', '0', 34, 0, '', 1, 0, '', NULL, 0),
(532, '元朗区', '0', 34, 0, '', 1, 0, '', NULL, 0),
(533, '花地玛堂区', '0', 35, 0, '', 1, 0, '', NULL, 0),
(534, '市圣安多尼堂区', '0', 35, 0, '', 1, 0, '', NULL, 0),
(535, '大堂区', '0', 35, 0, '', 1, 0, '', NULL, 0),
(536, '望德堂区', '0', 35, 0, '', 1, 0, '', NULL, 0),
(537, '风顺堂区', '0', 35, 0, '', 1, 0, '', NULL, 0),
(538, '嘉模堂区', '0', 35, 0, '', 1, 0, '', NULL, 0),
(539, '圣方济各堂区', '0', 35, 0, '', 1, 0, '', NULL, 0),
(540, '长安区', '0', 130, 0, '', 1, 0, '', NULL, 0),
(541, '桥东区', '0', 130, 0, '', 1, 0, '', NULL, 0),
(542, '桥西区', '0', 130, 0, '', 1, 0, '', NULL, 0),
(543, '新华区', '0', 130, 0, '', 1, 0, '', NULL, 0),
(544, '井陉矿区', '0', 130, 0, '', 1, 0, '', NULL, 0),
(545, '裕华区', '0', 130, 0, '', 1, 0, '', NULL, 0),
(546, '井陉县', '0', 130, 0, '', 1, 0, '', NULL, 0),
(547, '正定县', '0', 130, 0, '', 1, 0, '', NULL, 0),
(548, '栾城县', '0', 130, 0, '', 1, 0, '', NULL, 0),
(549, '行唐县', '0', 130, 0, '', 1, 0, '', NULL, 0),
(550, '灵寿县', '0', 130, 0, '', 1, 0, '', NULL, 0),
(551, '高邑县', '0', 130, 0, '', 1, 0, '', NULL, 0),
(552, '深泽县', '0', 130, 0, '', 1, 0, '', NULL, 0),
(553, '赞皇县', '0', 130, 0, '', 1, 0, '', NULL, 0),
(554, '无极县', '0', 130, 0, '', 1, 0, '', NULL, 0),
(555, '平山县', '0', 130, 0, '', 1, 0, '', NULL, 0),
(556, '元氏县', '0', 130, 0, '', 1, 0, '', NULL, 0),
(557, '赵县', '0', 130, 0, '', 1, 0, '', NULL, 0),
(558, '辛集市', '0', 130, 0, '', 1, 0, '', NULL, 0),
(559, '藁城市', '0', 130, 0, '', 1, 0, '', NULL, 0),
(560, '晋州市', '0', 130, 0, '', 1, 0, '', NULL, 0),
(561, '新乐市', '0', 130, 0, '', 1, 0, '', NULL, 0),
(562, '鹿泉市', '0', 130, 0, '', 1, 0, '', NULL, 0),
(563, '路南区', '0', 131, 0, '', 1, 0, '', NULL, 0),
(564, '路北区', '0', 131, 0, '', 1, 0, '', NULL, 0),
(565, '古冶区', '0', 131, 0, '', 1, 0, '', NULL, 0),
(566, '开平区', '0', 131, 0, '', 1, 0, '', NULL, 0),
(567, '丰南区', '0', 131, 0, '', 1, 0, '', NULL, 0),
(568, '丰润区', '0', 131, 0, '', 1, 0, '', NULL, 0),
(569, '滦县', '0', 131, 0, '', 1, 0, '', NULL, 0),
(570, '滦南县', '0', 131, 0, '', 1, 0, '', NULL, 0),
(571, '乐亭县', '0', 131, 0, '', 1, 0, '', NULL, 0),
(572, '迁西县', '0', 131, 0, '', 1, 0, '', NULL, 0),
(573, '玉田县', '0', 131, 0, '', 1, 0, '', NULL, 0),
(574, '唐海县', '0', 131, 0, '', 1, 0, '', NULL, 0),
(575, '遵化市', '0', 131, 0, '', 1, 0, '', NULL, 0),
(576, '迁安市', '0', 131, 0, '', 1, 0, '', NULL, 0),
(577, '海港区', '0', 132, 0, '', 1, 0, '', NULL, 0),
(578, '山海关区', '0', 132, 0, '', 1, 0, '', NULL, 0),
(579, '北戴河区', '0', 132, 0, '', 1, 0, '', NULL, 0),
(580, '青龙县', '0', 132, 0, '', 1, 0, '', NULL, 0),
(581, '昌黎县', '0', 132, 0, '', 1, 0, '', NULL, 0),
(582, '抚宁县', '0', 132, 0, '', 1, 0, '', NULL, 0),
(583, '卢龙县', '0', 132, 0, '', 1, 0, '', NULL, 0),
(584, '邯山区', '0', 133, 0, '', 1, 0, '', NULL, 0),
(585, '丛台区', '0', 133, 0, '', 1, 0, '', NULL, 0),
(586, '复兴区', '0', 133, 0, '', 1, 0, '', NULL, 0),
(587, '峰峰矿区', '0', 133, 0, '', 1, 0, '', NULL, 0),
(588, '邯郸县', '0', 133, 0, '', 1, 0, '', NULL, 0),
(589, '临漳县', '0', 133, 0, '', 1, 0, '', NULL, 0),
(590, '成安县', '0', 133, 0, '', 1, 0, '', NULL, 0),
(591, '大名县', '0', 133, 0, '', 1, 0, '', NULL, 0),
(592, '涉县', '0', 133, 0, '', 1, 0, '', NULL, 0),
(593, '磁县', '0', 133, 0, '', 1, 0, '', NULL, 0),
(594, '肥乡县', '0', 133, 0, '', 1, 0, '', NULL, 0),
(595, '永年县', '0', 133, 0, '', 1, 0, '', NULL, 0),
(596, '邱县', '0', 133, 0, '', 1, 0, '', NULL, 0),
(597, '鸡泽县', '0', 133, 0, '', 1, 0, '', NULL, 0),
(598, '广平县', '0', 133, 0, '', 1, 0, '', NULL, 0),
(599, '馆陶县', '0', 133, 0, '', 1, 0, '', NULL, 0),
(600, '魏县', '0', 133, 0, '', 1, 0, '', NULL, 0),
(601, '曲周县', '0', 133, 0, '', 1, 0, '', NULL, 0),
(602, '武安市', '0', 133, 0, '', 1, 0, '', NULL, 0),
(603, '桥东区', '0', 134, 0, '', 1, 0, '', NULL, 0),
(604, '桥西区', '0', 134, 0, '', 1, 0, '', NULL, 0),
(605, '邢台县', '0', 134, 0, '', 1, 0, '', NULL, 0),
(606, '临城县', '0', 134, 0, '', 1, 0, '', NULL, 0),
(607, '内丘县', '0', 134, 0, '', 1, 0, '', NULL, 0),
(608, '柏乡县', '0', 134, 0, '', 1, 0, '', NULL, 0),
(609, '隆尧县', '0', 134, 0, '', 1, 0, '', NULL, 0),
(610, '任县', '0', 134, 0, '', 1, 0, '', NULL, 0),
(611, '南和县', '0', 134, 0, '', 1, 0, '', NULL, 0),
(612, '宁晋县', '0', 134, 0, '', 1, 0, '', NULL, 0),
(613, '巨鹿县', '0', 134, 0, '', 1, 0, '', NULL, 0),
(614, '新河县', '0', 134, 0, '', 1, 0, '', NULL, 0),
(615, '广宗县', '0', 134, 0, '', 1, 0, '', NULL, 0),
(616, '平乡县', '0', 134, 0, '', 1, 0, '', NULL, 0),
(617, '威县', '0', 134, 0, '', 1, 0, '', NULL, 0),
(618, '清河县', '0', 134, 0, '', 1, 0, '', NULL, 0),
(619, '临西县', '0', 134, 0, '', 1, 0, '', NULL, 0),
(620, '南宫市', '0', 134, 0, '', 1, 0, '', NULL, 0),
(621, '沙河市', '0', 134, 0, '', 1, 0, '', NULL, 0),
(622, '新市区', '0', 135, 0, '', 1, 0, '', NULL, 0),
(623, '北市区', '0', 135, 0, '', 1, 0, '', NULL, 0),
(624, '南市区', '0', 135, 0, '', 1, 0, '', NULL, 0),
(625, '满城县', '0', 135, 0, '', 1, 0, '', NULL, 0),
(626, '清苑县', '0', 135, 0, '', 1, 0, '', NULL, 0),
(627, '涞水县', '0', 135, 0, '', 1, 0, '', NULL, 0),
(628, '阜平县', '0', 135, 0, '', 1, 0, '', NULL, 0),
(629, '徐水县', '0', 135, 0, '', 1, 0, '', NULL, 0),
(630, '定兴县', '0', 135, 0, '', 1, 0, '', NULL, 0),
(631, '唐县', '0', 135, 0, '', 1, 0, '', NULL, 0),
(632, '高阳县', '0', 135, 0, '', 1, 0, '', NULL, 0),
(633, '容城县', '0', 135, 0, '', 1, 0, '', NULL, 0),
(634, '涞源县', '0', 135, 0, '', 1, 0, '', NULL, 0),
(635, '望都县', '0', 135, 0, '', 1, 0, '', NULL, 0),
(636, '安新县', '0', 135, 0, '', 1, 0, '', NULL, 0),
(637, '易县', '0', 135, 0, '', 1, 0, '', NULL, 0),
(638, '曲阳县', '0', 135, 0, '', 1, 0, '', NULL, 0),
(639, '蠡县', '0', 135, 0, '', 1, 0, '', NULL, 0),
(640, '顺平县', '0', 135, 0, '', 1, 0, '', NULL, 0),
(641, '博野县', '0', 135, 0, '', 1, 0, '', NULL, 0),
(642, '雄县', '0', 135, 0, '', 1, 0, '', NULL, 0),
(643, '涿州市', '0', 135, 0, '', 1, 0, '', NULL, 0),
(644, '定州市', '0', 135, 0, '', 1, 0, '', NULL, 0),
(645, '安国市', '0', 135, 0, '', 1, 0, '', NULL, 0),
(646, '高碑店市', '0', 135, 0, '', 1, 0, '', NULL, 0),
(647, '桥东区', '0', 136, 0, '', 1, 0, '', NULL, 0),
(648, '桥西区', '0', 136, 0, '', 1, 0, '', NULL, 0),
(649, '宣化区', '0', 136, 0, '', 1, 0, '', NULL, 0),
(650, '下花园区', '0', 136, 0, '', 1, 0, '', NULL, 0),
(651, '宣化县', '0', 136, 0, '', 1, 0, '', NULL, 0),
(652, '张北县', '0', 136, 0, '', 1, 0, '', NULL, 0),
(653, '康保县', '0', 136, 0, '', 1, 0, '', NULL, 0),
(654, '沽源县', '0', 136, 0, '', 1, 0, '', NULL, 0),
(655, '尚义县', '0', 136, 0, '', 1, 0, '', NULL, 0),
(656, '蔚县', '0', 136, 0, '', 1, 0, '', NULL, 0),
(657, '阳原县', '0', 136, 0, '', 1, 0, '', NULL, 0),
(658, '怀安县', '0', 136, 0, '', 1, 0, '', NULL, 0),
(659, '万全县', '0', 136, 0, '', 1, 0, '', NULL, 0),
(660, '怀来县', '0', 136, 0, '', 1, 0, '', NULL, 0),
(661, '涿鹿县', '0', 136, 0, '', 1, 0, '', NULL, 0),
(662, '赤城县', '0', 136, 0, '', 1, 0, '', NULL, 0),
(663, '崇礼县', '0', 136, 0, '', 1, 0, '', NULL, 0),
(664, '双桥区', '0', 137, 0, '', 1, 0, '', NULL, 0),
(665, '双滦区', '0', 137, 0, '', 1, 0, '', NULL, 0),
(666, '鹰手营子矿区', '0', 137, 0, '', 1, 0, '', NULL, 0),
(667, '承德县', '0', 137, 0, '', 1, 0, '', NULL, 0),
(668, '兴隆县', '0', 137, 0, '', 1, 0, '', NULL, 0),
(669, '平泉县', '0', 137, 0, '', 1, 0, '', NULL, 0),
(670, '滦平县', '0', 137, 0, '', 1, 0, '', NULL, 0),
(671, '隆化县', '0', 137, 0, '', 1, 0, '', NULL, 0),
(672, '丰宁县', '0', 137, 0, '', 1, 0, '', NULL, 0),
(673, '宽城县', '0', 137, 0, '', 1, 0, '', NULL, 0),
(674, '围场县', '0', 137, 0, '', 1, 0, '', NULL, 0),
(675, '新华区', '0', 138, 0, '', 1, 0, '', NULL, 0),
(676, '运河区', '0', 138, 0, '', 1, 0, '', NULL, 0),
(677, '沧县', '0', 138, 0, '', 1, 0, '', NULL, 0),
(678, '青县', '0', 138, 0, '', 1, 0, '', NULL, 0),
(679, '东光县', '0', 138, 0, '', 1, 0, '', NULL, 0),
(680, '海兴县', '0', 138, 0, '', 1, 0, '', NULL, 0),
(681, '盐山县', '0', 138, 0, '', 1, 0, '', NULL, 0),
(682, '肃宁县', '0', 138, 0, '', 1, 0, '', NULL, 0),
(683, '南皮县', '0', 138, 0, '', 1, 0, '', NULL, 0),
(684, '吴桥县', '0', 138, 0, '', 1, 0, '', NULL, 0),
(685, '献县', '0', 138, 0, '', 1, 0, '', NULL, 0),
(686, '孟村县', '0', 138, 0, '', 1, 0, '', NULL, 0),
(687, '泊头市', '0', 138, 0, '', 1, 0, '', NULL, 0),
(688, '任丘市', '0', 138, 0, '', 1, 0, '', NULL, 0),
(689, '黄骅市', '0', 138, 0, '', 1, 0, '', NULL, 0),
(690, '河间市', '0', 138, 0, '', 1, 0, '', NULL, 0),
(691, '安次区', '0', 139, 0, '', 1, 0, '', NULL, 0),
(692, '广阳区', '0', 139, 0, '', 1, 0, '', NULL, 0),
(693, '固安县', '0', 139, 0, '', 1, 0, '', NULL, 0),
(694, '永清县', '0', 139, 0, '', 1, 0, '', NULL, 0),
(695, '香河县', '0', 139, 0, '', 1, 0, '', NULL, 0),
(696, '大城县', '0', 139, 0, '', 1, 0, '', NULL, 0),
(697, '文安县', '0', 139, 0, '', 1, 0, '', NULL, 0),
(698, '大厂县', '0', 139, 0, '', 1, 0, '', NULL, 0),
(699, '霸州市', '0', 139, 0, '', 1, 0, '', NULL, 0),
(700, '三河市', '0', 139, 0, '', 1, 0, '', NULL, 0),
(701, '桃城区', '0', 140, 0, '', 1, 0, '', NULL, 0),
(702, '枣强县', '0', 140, 0, '', 1, 0, '', NULL, 0),
(703, '武邑县', '0', 140, 0, '', 1, 0, '', NULL, 0),
(704, '武强县', '0', 140, 0, '', 1, 0, '', NULL, 0),
(705, '饶阳县', '0', 140, 0, '', 1, 0, '', NULL, 0),
(706, '安平县', '0', 140, 0, '', 1, 0, '', NULL, 0),
(707, '故城县', '0', 140, 0, '', 1, 0, '', NULL, 0),
(708, '景县', '0', 140, 0, '', 1, 0, '', NULL, 0),
(709, '阜城县', '0', 140, 0, '', 1, 0, '', NULL, 0),
(710, '冀州市', '0', 140, 0, '', 1, 0, '', NULL, 0),
(711, '深州市', '0', 140, 0, '', 1, 0, '', NULL, 0),
(712, '小店区', '0', 141, 0, '', 1, 0, '', NULL, 0),
(713, '迎泽区', '0', 141, 0, '', 1, 0, '', NULL, 0),
(714, '杏花岭区', '0', 141, 0, '', 1, 0, '', NULL, 0),
(715, '尖草坪区', '0', 141, 0, '', 1, 0, '', NULL, 0),
(716, '万柏林区', '0', 141, 0, '', 1, 0, '', NULL, 0),
(717, '晋源区', '0', 141, 0, '', 1, 0, '', NULL, 0),
(718, '清徐县', '0', 141, 0, '', 1, 0, '', NULL, 0),
(719, '阳曲县', '0', 141, 0, '', 1, 0, '', NULL, 0),
(720, '娄烦县', '0', 141, 0, '', 1, 0, '', NULL, 0),
(721, '古交市', '0', 141, 0, '', 1, 0, '', NULL, 0),
(722, '城区', '0', 142, 0, '', 1, 0, '', NULL, 0),
(723, '矿区', '0', 142, 0, '', 1, 0, '', NULL, 0),
(724, '南郊区', '0', 142, 0, '', 1, 0, '', NULL, 0),
(725, '新荣区', '0', 142, 0, '', 1, 0, '', NULL, 0),
(726, '阳高县', '0', 142, 0, '', 1, 0, '', NULL, 0),
(727, '天镇县', '0', 142, 0, '', 1, 0, '', NULL, 0),
(728, '广灵县', '0', 142, 0, '', 1, 0, '', NULL, 0),
(729, '灵丘县', '0', 142, 0, '', 1, 0, '', NULL, 0),
(730, '浑源县', '0', 142, 0, '', 1, 0, '', NULL, 0),
(731, '左云县', '0', 142, 0, '', 1, 0, '', NULL, 0),
(732, '大同县', '0', 142, 0, '', 1, 0, '', NULL, 0),
(733, '城区', '0', 143, 0, '', 1, 0, '', NULL, 0),
(734, '矿区', '0', 143, 0, '', 1, 0, '', NULL, 0),
(735, '郊区', '0', 143, 0, '', 1, 0, '', NULL, 0),
(736, '平定县', '0', 143, 0, '', 1, 0, '', NULL, 0),
(737, '盂县', '0', 143, 0, '', 1, 0, '', NULL, 0),
(738, '城区', '0', 144, 0, '', 1, 0, '', NULL, 0),
(739, '郊区', '0', 144, 0, '', 1, 0, '', NULL, 0),
(740, '长治县', '0', 144, 0, '', 1, 0, '', NULL, 0),
(741, '襄垣县', '0', 144, 0, '', 1, 0, '', NULL, 0),
(742, '屯留县', '0', 144, 0, '', 1, 0, '', NULL, 0),
(743, '平顺县', '0', 144, 0, '', 1, 0, '', NULL, 0),
(744, '黎城县', '0', 144, 0, '', 1, 0, '', NULL, 0),
(745, '壶关县', '0', 144, 0, '', 1, 0, '', NULL, 0),
(746, '长子县', '0', 144, 0, '', 1, 0, '', NULL, 0),
(747, '武乡县', '0', 144, 0, '', 1, 0, '', NULL, 0),
(748, '沁县', '0', 144, 0, '', 1, 0, '', NULL, 0),
(749, '沁源县', '0', 144, 0, '', 1, 0, '', NULL, 0),
(750, '潞城市', '0', 144, 0, '', 1, 0, '', NULL, 0),
(751, '城区', '0', 145, 0, '', 1, 0, '', NULL, 0),
(752, '沁水县', '0', 145, 0, '', 1, 0, '', NULL, 0),
(753, '阳城县', '0', 145, 0, '', 1, 0, '', NULL, 0),
(754, '陵川县', '0', 145, 0, '', 1, 0, '', NULL, 0),
(755, '泽州县', '0', 145, 0, '', 1, 0, '', NULL, 0),
(756, '高平市', '0', 145, 0, '', 1, 0, '', NULL, 0),
(757, '朔城区', '0', 146, 0, '', 1, 0, '', NULL, 0),
(758, '平鲁区', '0', 146, 0, '', 1, 0, '', NULL, 0),
(759, '山阴县', '0', 146, 0, '', 1, 0, '', NULL, 0),
(760, '应县', '0', 146, 0, '', 1, 0, '', NULL, 0),
(761, '右玉县', '0', 146, 0, '', 1, 0, '', NULL, 0),
(762, '怀仁县', '0', 146, 0, '', 1, 0, '', NULL, 0),
(763, '榆次区', '0', 147, 0, '', 1, 0, '', NULL, 0),
(764, '榆社县', '0', 147, 0, '', 1, 0, '', NULL, 0),
(765, '左权县', '0', 147, 0, '', 1, 0, '', NULL, 0),
(766, '和顺县', '0', 147, 0, '', 1, 0, '', NULL, 0),
(767, '昔阳县', '0', 147, 0, '', 1, 0, '', NULL, 0),
(768, '寿阳县', '0', 147, 0, '', 1, 0, '', NULL, 0),
(769, '太谷县', '0', 147, 0, '', 1, 0, '', NULL, 0),
(770, '祁县', '0', 147, 0, '', 1, 0, '', NULL, 0),
(771, '平遥县', '0', 147, 0, '', 1, 0, '', NULL, 0),
(772, '灵石县', '0', 147, 0, '', 1, 0, '', NULL, 0),
(773, '介休市', '0', 147, 0, '', 1, 0, '', NULL, 0),
(774, '盐湖区', '0', 148, 0, '', 1, 0, '', NULL, 0),
(775, '临猗县', '0', 148, 0, '', 1, 0, '', NULL, 0),
(776, '万荣县', '0', 148, 0, '', 1, 0, '', NULL, 0),
(777, '闻喜县', '0', 148, 0, '', 1, 0, '', NULL, 0),
(778, '稷山县', '0', 148, 0, '', 1, 0, '', NULL, 0),
(779, '新绛县', '0', 148, 0, '', 1, 0, '', NULL, 0),
(780, '绛县', '0', 148, 0, '', 1, 0, '', NULL, 0),
(781, '垣曲县', '0', 148, 0, '', 1, 0, '', NULL, 0),
(782, '夏县', '0', 148, 0, '', 1, 0, '', NULL, 0),
(783, '平陆县', '0', 148, 0, '', 1, 0, '', NULL, 0),
(784, '芮城县', '0', 148, 0, '', 1, 0, '', NULL, 0),
(785, '永济市', '0', 148, 0, '', 1, 0, '', NULL, 0),
(786, '河津市', '0', 148, 0, '', 1, 0, '', NULL, 0),
(787, '忻府区', '0', 149, 0, '', 1, 0, '', NULL, 0),
(788, '定襄县', '0', 149, 0, '', 1, 0, '', NULL, 0),
(789, '五台县', '0', 149, 0, '', 1, 0, '', NULL, 0),
(790, '代县', '0', 149, 0, '', 1, 0, '', NULL, 0),
(791, '繁峙县', '0', 149, 0, '', 1, 0, '', NULL, 0),
(792, '宁武县', '0', 149, 0, '', 1, 0, '', NULL, 0),
(793, '静乐县', '0', 149, 0, '', 1, 0, '', NULL, 0),
(794, '神池县', '0', 149, 0, '', 1, 0, '', NULL, 0),
(795, '五寨县', '0', 149, 0, '', 1, 0, '', NULL, 0),
(796, '岢岚县', '0', 149, 0, '', 1, 0, '', NULL, 0),
(797, '河曲县', '0', 149, 0, '', 1, 0, '', NULL, 0),
(798, '保德县', '0', 149, 0, '', 1, 0, '', NULL, 0),
(799, '偏关县', '0', 149, 0, '', 1, 0, '', NULL, 0),
(800, '原平市', '0', 149, 0, '', 1, 0, '', NULL, 0),
(801, '尧都区', '0', 150, 0, '', 1, 0, '', NULL, 0),
(802, '曲沃县', '0', 150, 0, '', 1, 0, '', NULL, 0),
(803, '翼城县', '0', 150, 0, '', 1, 0, '', NULL, 0),
(804, '襄汾县', '0', 150, 0, '', 1, 0, '', NULL, 0),
(805, '洪洞县', '0', 150, 0, '', 1, 0, '', NULL, 0),
(806, '古县', '0', 150, 0, '', 1, 0, '', NULL, 0),
(807, '安泽县', '0', 150, 0, '', 1, 0, '', NULL, 0),
(808, '浮山县', '0', 150, 0, '', 1, 0, '', NULL, 0),
(809, '吉县', '0', 150, 0, '', 1, 0, '', NULL, 0),
(810, '乡宁县', '0', 150, 0, '', 1, 0, '', NULL, 0),
(811, '大宁县', '0', 150, 0, '', 1, 0, '', NULL, 0),
(812, '隰县', '0', 150, 0, '', 1, 0, '', NULL, 0),
(813, '永和县', '0', 150, 0, '', 1, 0, '', NULL, 0),
(814, '蒲县', '0', 150, 0, '', 1, 0, '', NULL, 0),
(815, '汾西县', '0', 150, 0, '', 1, 0, '', NULL, 0),
(816, '侯马市', '0', 150, 0, '', 1, 0, '', NULL, 0),
(817, '霍州市', '0', 150, 0, '', 1, 0, '', NULL, 0),
(818, '离石区', '0', 151, 0, '', 1, 0, '', NULL, 0),
(819, '文水县', '0', 151, 0, '', 1, 0, '', NULL, 0),
(820, '交城县', '0', 151, 0, '', 1, 0, '', NULL, 0),
(821, '兴县', '0', 151, 0, '', 1, 0, '', NULL, 0),
(822, '临县', '0', 151, 0, '', 1, 0, '', NULL, 0),
(823, '柳林县', '0', 151, 0, '', 1, 0, '', NULL, 0),
(824, '石楼县', '0', 151, 0, '', 1, 0, '', NULL, 0),
(825, '岚县', '0', 151, 0, '', 1, 0, '', NULL, 0),
(826, '方山县', '0', 151, 0, '', 1, 0, '', NULL, 0),
(827, '中阳县', '0', 151, 0, '', 1, 0, '', NULL, 0),
(828, '交口县', '0', 151, 0, '', 1, 0, '', NULL, 0),
(829, '孝义市', '0', 151, 0, '', 1, 0, '', NULL, 0),
(830, '汾阳市', '0', 151, 0, '', 1, 0, '', NULL, 0),
(831, '新城区', '0', 152, 0, '', 1, 0, '', NULL, 0),
(832, '回民区', '0', 152, 0, '', 1, 0, '', NULL, 0),
(833, '玉泉区', '0', 152, 0, '', 1, 0, '', NULL, 0),
(834, '赛罕区', '0', 152, 0, '', 1, 0, '', NULL, 0),
(835, '土默特左旗', '0', 152, 0, '', 1, 0, '', NULL, 0),
(836, '托克托县', '0', 152, 0, '', 1, 0, '', NULL, 0),
(837, '和林格尔县', '0', 152, 0, '', 1, 0, '', NULL, 0),
(838, '清水河县', '0', 152, 0, '', 1, 0, '', NULL, 0),
(839, '武川县', '0', 152, 0, '', 1, 0, '', NULL, 0),
(840, '东河区', '0', 153, 0, '', 1, 0, '', NULL, 0),
(841, '昆都仑区', '0', 153, 0, '', 1, 0, '', NULL, 0),
(842, '青山区', '0', 153, 0, '', 1, 0, '', NULL, 0),
(843, '石拐区', '0', 153, 0, '', 1, 0, '', NULL, 0),
(844, '白云矿区', '0', 153, 0, '', 1, 0, '', NULL, 0),
(845, '九原区', '0', 153, 0, '', 1, 0, '', NULL, 0),
(846, '土默特右旗', '0', 153, 0, '', 1, 0, '', NULL, 0),
(847, '固阳县', '0', 153, 0, '', 1, 0, '', NULL, 0),
(848, '达尔罕茂明安联合旗', '0', 153, 0, '', 1, 0, '', NULL, 0),
(849, '海勃湾区', '0', 154, 0, '', 1, 0, '', NULL, 0),
(850, '海南区', '0', 154, 0, '', 1, 0, '', NULL, 0),
(851, '乌达区', '0', 154, 0, '', 1, 0, '', NULL, 0),
(852, '红山区', '0', 155, 0, '', 1, 0, '', NULL, 0),
(853, '元宝山区', '0', 155, 0, '', 1, 0, '', NULL, 0),
(854, '松山区', '0', 155, 0, '', 1, 0, '', NULL, 0),
(855, '阿鲁科尔沁旗', '0', 155, 0, '', 1, 0, '', NULL, 0),
(856, '巴林左旗', '0', 155, 0, '', 1, 0, '', NULL, 0),
(857, '巴林右旗', '0', 155, 0, '', 1, 0, '', NULL, 0),
(858, '林西县', '0', 155, 0, '', 1, 0, '', NULL, 0),
(859, '克什克腾旗', '0', 155, 0, '', 1, 0, '', NULL, 0),
(860, '翁牛特旗', '0', 155, 0, '', 1, 0, '', NULL, 0),
(861, '喀喇沁旗', '0', 155, 0, '', 1, 0, '', NULL, 0),
(862, '宁城县', '0', 155, 0, '', 1, 0, '', NULL, 0),
(863, '敖汉旗', '0', 155, 0, '', 1, 0, '', NULL, 0),
(864, '科尔沁区', '0', 156, 0, '', 1, 0, '', NULL, 0),
(865, '科尔沁左翼中旗', '0', 156, 0, '', 1, 0, '', NULL, 0),
(866, '科尔沁左翼后旗', '0', 156, 0, '', 1, 0, '', NULL, 0),
(867, '开鲁县', '0', 156, 0, '', 1, 0, '', NULL, 0),
(868, '库伦旗', '0', 156, 0, '', 1, 0, '', NULL, 0),
(869, '奈曼旗', '0', 156, 0, '', 1, 0, '', NULL, 0),
(870, '扎鲁特旗', '0', 156, 0, '', 1, 0, '', NULL, 0),
(871, '霍林郭勒市', '0', 156, 0, '', 1, 0, '', NULL, 0),
(872, '东胜区', '0', 157, 0, '', 1, 0, '', NULL, 0),
(873, '达拉特旗', '0', 157, 0, '', 1, 0, '', NULL, 0),
(874, '准格尔旗', '0', 157, 0, '', 1, 0, '', NULL, 0),
(875, '鄂托克前旗', '0', 157, 0, '', 1, 0, '', NULL, 0),
(876, '鄂托克旗', '0', 157, 0, '', 1, 0, '', NULL, 0),
(877, '杭锦旗', '0', 157, 0, '', 1, 0, '', NULL, 0),
(878, '乌审旗', '0', 157, 0, '', 1, 0, '', NULL, 0),
(879, '伊金霍洛旗', '0', 157, 0, '', 1, 0, '', NULL, 0),
(880, '海拉尔区', '0', 158, 0, '', 1, 0, '', NULL, 0),
(881, '阿荣旗', '0', 158, 0, '', 1, 0, '', NULL, 0),
(882, '莫力达瓦达斡尔族自治旗', '0', 158, 0, '', 1, 0, '', NULL, 0),
(883, '鄂伦春自治旗', '0', 158, 0, '', 1, 0, '', NULL, 0),
(884, '鄂温克族自治旗', '0', 158, 0, '', 1, 0, '', NULL, 0),
(885, '陈巴尔虎旗', '0', 158, 0, '', 1, 0, '', NULL, 0),
(886, '新巴尔虎左旗', '0', 158, 0, '', 1, 0, '', NULL, 0),
(887, '新巴尔虎右旗', '0', 158, 0, '', 1, 0, '', NULL, 0),
(888, '满洲里市', '0', 158, 0, '', 1, 0, '', NULL, 0),
(889, '牙克石市', '0', 158, 0, '', 1, 0, '', NULL, 0),
(890, '扎兰屯市', '0', 158, 0, '', 1, 0, '', NULL, 0),
(891, '额尔古纳市', '0', 158, 0, '', 1, 0, '', NULL, 0),
(892, '根河市', '0', 158, 0, '', 1, 0, '', NULL, 0),
(893, '临河区', '0', 159, 0, '', 1, 0, '', NULL, 0),
(894, '五原县', '0', 159, 0, '', 1, 0, '', NULL, 0),
(895, '磴口县', '0', 159, 0, '', 1, 0, '', NULL, 0),
(896, '乌拉特前旗', '0', 159, 0, '', 1, 0, '', NULL, 0),
(897, '乌拉特中旗', '0', 159, 0, '', 1, 0, '', NULL, 0),
(898, '乌拉特后旗', '0', 159, 0, '', 1, 0, '', NULL, 0),
(899, '杭锦后旗', '0', 159, 0, '', 1, 0, '', NULL, 0),
(900, '集宁区', '0', 160, 0, '', 1, 0, '', NULL, 0),
(901, '卓资县', '0', 160, 0, '', 1, 0, '', NULL, 0),
(902, '化德县', '0', 160, 0, '', 1, 0, '', NULL, 0),
(903, '商都县', '0', 160, 0, '', 1, 0, '', NULL, 0),
(904, '兴和县', '0', 160, 0, '', 1, 0, '', NULL, 0),
(905, '凉城县', '0', 160, 0, '', 1, 0, '', NULL, 0),
(906, '察哈尔右翼前旗', '0', 160, 0, '', 1, 0, '', NULL, 0),
(907, '察哈尔右翼中旗', '0', 160, 0, '', 1, 0, '', NULL, 0),
(908, '察哈尔右翼后旗', '0', 160, 0, '', 1, 0, '', NULL, 0),
(909, '四子王旗', '0', 160, 0, '', 1, 0, '', NULL, 0),
(910, '丰镇市', '0', 160, 0, '', 1, 0, '', NULL, 0),
(911, '乌兰浩特市', '0', 161, 0, '', 1, 0, '', NULL, 0),
(912, '阿尔山市', '0', 161, 0, '', 1, 0, '', NULL, 0),
(913, '科尔沁右翼前旗', '0', 161, 0, '', 1, 0, '', NULL, 0),
(914, '科尔沁右翼中旗', '0', 161, 0, '', 1, 0, '', NULL, 0),
(915, '扎赉特旗', '0', 161, 0, '', 1, 0, '', NULL, 0),
(916, '突泉县', '0', 161, 0, '', 1, 0, '', NULL, 0),
(917, '二连浩特市', '0', 162, 0, '', 1, 0, '', NULL, 0),
(918, '锡林浩特市', '0', 162, 0, '', 1, 0, '', NULL, 0),
(919, '阿巴嘎旗', '0', 162, 0, '', 1, 0, '', NULL, 0),
(920, '苏尼特左旗', '0', 162, 0, '', 1, 0, '', NULL, 0),
(921, '苏尼特右旗', '0', 162, 0, '', 1, 0, '', NULL, 0),
(922, '东乌珠穆沁旗', '0', 162, 0, '', 1, 0, '', NULL, 0),
(923, '西乌珠穆沁旗', '0', 162, 0, '', 1, 0, '', NULL, 0),
(924, '太仆寺旗', '0', 162, 0, '', 1, 0, '', NULL, 0),
(925, '镶黄旗', '0', 162, 0, '', 1, 0, '', NULL, 0);
INSERT INTO `v9_linkage` (`linkageid`, `name`, `style`, `parentid`, `child`, `arrchildid`, `keyid`, `listorder`, `description`, `setting`, `siteid`) VALUES
(926, '正镶白旗', '0', 162, 0, '', 1, 0, '', NULL, 0),
(927, '正蓝旗', '0', 162, 0, '', 1, 0, '', NULL, 0),
(928, '多伦县', '0', 162, 0, '', 1, 0, '', NULL, 0),
(929, '阿拉善左旗', '0', 163, 0, '', 1, 0, '', NULL, 0),
(930, '阿拉善右旗', '0', 163, 0, '', 1, 0, '', NULL, 0),
(931, '额济纳旗', '0', 163, 0, '', 1, 0, '', NULL, 0),
(932, '和平区', '0', 164, 0, '', 1, 0, '', NULL, 0),
(933, '沈河区', '0', 164, 0, '', 1, 0, '', NULL, 0),
(934, '大东区', '0', 164, 0, '', 1, 0, '', NULL, 0),
(935, '皇姑区', '0', 164, 0, '', 1, 0, '', NULL, 0),
(936, '铁西区', '0', 164, 0, '', 1, 0, '', NULL, 0),
(937, '苏家屯区', '0', 164, 0, '', 1, 0, '', NULL, 0),
(938, '东陵区', '0', 164, 0, '', 1, 0, '', NULL, 0),
(939, '新城子区', '0', 164, 0, '', 1, 0, '', NULL, 0),
(940, '于洪区', '0', 164, 0, '', 1, 0, '', NULL, 0),
(941, '辽中县', '0', 164, 0, '', 1, 0, '', NULL, 0),
(942, '康平县', '0', 164, 0, '', 1, 0, '', NULL, 0),
(943, '法库县', '0', 164, 0, '', 1, 0, '', NULL, 0),
(944, '新民市', '0', 164, 0, '', 1, 0, '', NULL, 0),
(945, '中山区', '0', 165, 0, '', 1, 0, '', NULL, 0),
(946, '西岗区', '0', 165, 0, '', 1, 0, '', NULL, 0),
(947, '沙河口区', '0', 165, 0, '', 1, 0, '', NULL, 0),
(948, '甘井子区', '0', 165, 0, '', 1, 0, '', NULL, 0),
(949, '旅顺口区', '0', 165, 0, '', 1, 0, '', NULL, 0),
(950, '金州区', '0', 165, 0, '', 1, 0, '', NULL, 0),
(951, '长海县', '0', 165, 0, '', 1, 0, '', NULL, 0),
(952, '瓦房店市', '0', 165, 0, '', 1, 0, '', NULL, 0),
(953, '普兰店市', '0', 165, 0, '', 1, 0, '', NULL, 0),
(954, '庄河市', '0', 165, 0, '', 1, 0, '', NULL, 0),
(955, '铁东区', '0', 166, 0, '', 1, 0, '', NULL, 0),
(956, '铁西区', '0', 166, 0, '', 1, 0, '', NULL, 0),
(957, '立山区', '0', 166, 0, '', 1, 0, '', NULL, 0),
(958, '千山区', '0', 166, 0, '', 1, 0, '', NULL, 0),
(959, '台安县', '0', 166, 0, '', 1, 0, '', NULL, 0),
(960, '岫岩满族自治县', '0', 166, 0, '', 1, 0, '', NULL, 0),
(961, '海城市', '0', 166, 0, '', 1, 0, '', NULL, 0),
(962, '新抚区', '0', 167, 0, '', 1, 0, '', NULL, 0),
(963, '东洲区', '0', 167, 0, '', 1, 0, '', NULL, 0),
(964, '望花区', '0', 167, 0, '', 1, 0, '', NULL, 0),
(965, '顺城区', '0', 167, 0, '', 1, 0, '', NULL, 0),
(966, '抚顺县', '0', 167, 0, '', 1, 0, '', NULL, 0),
(967, '新宾满族自治县', '0', 167, 0, '', 1, 0, '', NULL, 0),
(968, '清原满族自治县', '0', 167, 0, '', 1, 0, '', NULL, 0),
(969, '平山区', '0', 168, 0, '', 1, 0, '', NULL, 0),
(970, '溪湖区', '0', 168, 0, '', 1, 0, '', NULL, 0),
(971, '明山区', '0', 168, 0, '', 1, 0, '', NULL, 0),
(972, '南芬区', '0', 168, 0, '', 1, 0, '', NULL, 0),
(973, '本溪满族自治县', '0', 168, 0, '', 1, 0, '', NULL, 0),
(974, '桓仁满族自治县', '0', 168, 0, '', 1, 0, '', NULL, 0),
(975, '元宝区', '0', 169, 0, '', 1, 0, '', NULL, 0),
(976, '振兴区', '0', 169, 0, '', 1, 0, '', NULL, 0),
(977, '振安区', '0', 169, 0, '', 1, 0, '', NULL, 0),
(978, '宽甸满族自治县', '0', 169, 0, '', 1, 0, '', NULL, 0),
(979, '东港市', '0', 169, 0, '', 1, 0, '', NULL, 0),
(980, '凤城市', '0', 169, 0, '', 1, 0, '', NULL, 0),
(981, '古塔区', '0', 170, 0, '', 1, 0, '', NULL, 0),
(982, '凌河区', '0', 170, 0, '', 1, 0, '', NULL, 0),
(983, '太和区', '0', 170, 0, '', 1, 0, '', NULL, 0),
(984, '黑山县', '0', 170, 0, '', 1, 0, '', NULL, 0),
(985, '义县', '0', 170, 0, '', 1, 0, '', NULL, 0),
(986, '凌海市', '0', 170, 0, '', 1, 0, '', NULL, 0),
(987, '北镇市', '0', 170, 0, '', 1, 0, '', NULL, 0),
(988, '站前区', '0', 171, 0, '', 1, 0, '', NULL, 0),
(989, '西市区', '0', 171, 0, '', 1, 0, '', NULL, 0),
(990, '鲅鱼圈区', '0', 171, 0, '', 1, 0, '', NULL, 0),
(991, '老边区', '0', 171, 0, '', 1, 0, '', NULL, 0),
(992, '盖州市', '0', 171, 0, '', 1, 0, '', NULL, 0),
(993, '大石桥市', '0', 171, 0, '', 1, 0, '', NULL, 0),
(994, '海州区', '0', 172, 0, '', 1, 0, '', NULL, 0),
(995, '新邱区', '0', 172, 0, '', 1, 0, '', NULL, 0),
(996, '太平区', '0', 172, 0, '', 1, 0, '', NULL, 0),
(997, '清河门区', '0', 172, 0, '', 1, 0, '', NULL, 0),
(998, '细河区', '0', 172, 0, '', 1, 0, '', NULL, 0),
(999, '阜新蒙古族自治县', '0', 172, 0, '', 1, 0, '', NULL, 0),
(1000, '彰武县', '0', 172, 0, '', 1, 0, '', NULL, 0),
(1001, '白塔区', '0', 173, 0, '', 1, 0, '', NULL, 0),
(1002, '文圣区', '0', 173, 0, '', 1, 0, '', NULL, 0),
(1003, '宏伟区', '0', 173, 0, '', 1, 0, '', NULL, 0),
(1004, '弓长岭区', '0', 173, 0, '', 1, 0, '', NULL, 0),
(1005, '太子河区', '0', 173, 0, '', 1, 0, '', NULL, 0),
(1006, '辽阳县', '0', 173, 0, '', 1, 0, '', NULL, 0),
(1007, '灯塔市', '0', 173, 0, '', 1, 0, '', NULL, 0),
(1008, '双台子区', '0', 174, 0, '', 1, 0, '', NULL, 0),
(1009, '兴隆台区', '0', 174, 0, '', 1, 0, '', NULL, 0),
(1010, '大洼县', '0', 174, 0, '', 1, 0, '', NULL, 0),
(1011, '盘山县', '0', 174, 0, '', 1, 0, '', NULL, 0),
(1012, '银州区', '0', 175, 0, '', 1, 0, '', NULL, 0),
(1013, '清河区', '0', 175, 0, '', 1, 0, '', NULL, 0),
(1014, '铁岭县', '0', 175, 0, '', 1, 0, '', NULL, 0),
(1015, '西丰县', '0', 175, 0, '', 1, 0, '', NULL, 0),
(1016, '昌图县', '0', 175, 0, '', 1, 0, '', NULL, 0),
(1017, '调兵山市', '0', 175, 0, '', 1, 0, '', NULL, 0),
(1018, '开原市', '0', 175, 0, '', 1, 0, '', NULL, 0),
(1019, '双塔区', '0', 176, 0, '', 1, 0, '', NULL, 0),
(1020, '龙城区', '0', 176, 0, '', 1, 0, '', NULL, 0),
(1021, '朝阳县', '0', 176, 0, '', 1, 0, '', NULL, 0),
(1022, '建平县', '0', 176, 0, '', 1, 0, '', NULL, 0),
(1023, '喀喇沁左翼蒙古族自治县', '0', 176, 0, '', 1, 0, '', NULL, 0),
(1024, '北票市', '0', 176, 0, '', 1, 0, '', NULL, 0),
(1025, '凌源市', '0', 176, 0, '', 1, 0, '', NULL, 0),
(1026, '连山区', '0', 177, 0, '', 1, 0, '', NULL, 0),
(1027, '龙港区', '0', 177, 0, '', 1, 0, '', NULL, 0),
(1028, '南票区', '0', 177, 0, '', 1, 0, '', NULL, 0),
(1029, '绥中县', '0', 177, 0, '', 1, 0, '', NULL, 0),
(1030, '建昌县', '0', 177, 0, '', 1, 0, '', NULL, 0),
(1031, '兴城市', '0', 177, 0, '', 1, 0, '', NULL, 0),
(1032, '南关区', '0', 178, 0, '', 1, 0, '', NULL, 0),
(1033, '宽城区', '0', 178, 0, '', 1, 0, '', NULL, 0),
(1034, '朝阳区', '0', 178, 0, '', 1, 0, '', NULL, 0),
(1035, '二道区', '0', 178, 0, '', 1, 0, '', NULL, 0),
(1036, '绿园区', '0', 178, 0, '', 1, 0, '', NULL, 0),
(1037, '双阳区', '0', 178, 0, '', 1, 0, '', NULL, 0),
(1038, '农安县', '0', 178, 0, '', 1, 0, '', NULL, 0),
(1039, '九台市', '0', 178, 0, '', 1, 0, '', NULL, 0),
(1040, '榆树市', '0', 178, 0, '', 1, 0, '', NULL, 0),
(1041, '德惠市', '0', 178, 0, '', 1, 0, '', NULL, 0),
(1042, '昌邑区', '0', 179, 0, '', 1, 0, '', NULL, 0),
(1043, '龙潭区', '0', 179, 0, '', 1, 0, '', NULL, 0),
(1044, '船营区', '0', 179, 0, '', 1, 0, '', NULL, 0),
(1045, '丰满区', '0', 179, 0, '', 1, 0, '', NULL, 0),
(1046, '永吉县', '0', 179, 0, '', 1, 0, '', NULL, 0),
(1047, '蛟河市', '0', 179, 0, '', 1, 0, '', NULL, 0),
(1048, '桦甸市', '0', 179, 0, '', 1, 0, '', NULL, 0),
(1049, '舒兰市', '0', 179, 0, '', 1, 0, '', NULL, 0),
(1050, '磐石市', '0', 179, 0, '', 1, 0, '', NULL, 0),
(1051, '铁西区', '0', 180, 0, '', 1, 0, '', NULL, 0),
(1052, '铁东区', '0', 180, 0, '', 1, 0, '', NULL, 0),
(1053, '梨树县', '0', 180, 0, '', 1, 0, '', NULL, 0),
(1054, '伊通满族自治县', '0', 180, 0, '', 1, 0, '', NULL, 0),
(1055, '公主岭市', '0', 180, 0, '', 1, 0, '', NULL, 0),
(1056, '双辽市', '0', 180, 0, '', 1, 0, '', NULL, 0),
(1057, '龙山区', '0', 181, 0, '', 1, 0, '', NULL, 0),
(1058, '西安区', '0', 181, 0, '', 1, 0, '', NULL, 0),
(1059, '东丰县', '0', 181, 0, '', 1, 0, '', NULL, 0),
(1060, '东辽县', '0', 181, 0, '', 1, 0, '', NULL, 0),
(1061, '东昌区', '0', 182, 0, '', 1, 0, '', NULL, 0),
(1062, '二道江区', '0', 182, 0, '', 1, 0, '', NULL, 0),
(1063, '通化县', '0', 182, 0, '', 1, 0, '', NULL, 0),
(1064, '辉南县', '0', 182, 0, '', 1, 0, '', NULL, 0),
(1065, '柳河县', '0', 182, 0, '', 1, 0, '', NULL, 0),
(1066, '梅河口市', '0', 182, 0, '', 1, 0, '', NULL, 0),
(1067, '集安市', '0', 182, 0, '', 1, 0, '', NULL, 0),
(1068, '八道江区', '0', 183, 0, '', 1, 0, '', NULL, 0),
(1069, '抚松县', '0', 183, 0, '', 1, 0, '', NULL, 0),
(1070, '靖宇县', '0', 183, 0, '', 1, 0, '', NULL, 0),
(1071, '长白朝鲜族自治县', '0', 183, 0, '', 1, 0, '', NULL, 0),
(1072, '江源县', '0', 183, 0, '', 1, 0, '', NULL, 0),
(1073, '临江市', '0', 183, 0, '', 1, 0, '', NULL, 0),
(1074, '宁江区', '0', 184, 0, '', 1, 0, '', NULL, 0),
(1075, '前郭尔罗斯蒙古族自治县', '0', 184, 0, '', 1, 0, '', NULL, 0),
(1076, '长岭县', '0', 184, 0, '', 1, 0, '', NULL, 0),
(1077, '乾安县', '0', 184, 0, '', 1, 0, '', NULL, 0),
(1078, '扶余县', '0', 184, 0, '', 1, 0, '', NULL, 0),
(1079, '洮北区', '0', 185, 0, '', 1, 0, '', NULL, 0),
(1080, '镇赉县', '0', 185, 0, '', 1, 0, '', NULL, 0),
(1081, '通榆县', '0', 185, 0, '', 1, 0, '', NULL, 0),
(1082, '洮南市', '0', 185, 0, '', 1, 0, '', NULL, 0),
(1083, '大安市', '0', 185, 0, '', 1, 0, '', NULL, 0),
(1084, '延吉市', '0', 186, 0, '', 1, 0, '', NULL, 0),
(1085, '图们市', '0', 186, 0, '', 1, 0, '', NULL, 0),
(1086, '敦化市', '0', 186, 0, '', 1, 0, '', NULL, 0),
(1087, '珲春市', '0', 186, 0, '', 1, 0, '', NULL, 0),
(1088, '龙井市', '0', 186, 0, '', 1, 0, '', NULL, 0),
(1089, '和龙市', '0', 186, 0, '', 1, 0, '', NULL, 0),
(1090, '汪清县', '0', 186, 0, '', 1, 0, '', NULL, 0),
(1091, '安图县', '0', 186, 0, '', 1, 0, '', NULL, 0),
(1092, '道里区', '0', 187, 0, '', 1, 0, '', NULL, 0),
(1093, '南岗区', '0', 187, 0, '', 1, 0, '', NULL, 0),
(1094, '道外区', '0', 187, 0, '', 1, 0, '', NULL, 0),
(1095, '香坊区', '0', 187, 0, '', 1, 0, '', NULL, 0),
(1096, '动力区', '0', 187, 0, '', 1, 0, '', NULL, 0),
(1097, '平房区', '0', 187, 0, '', 1, 0, '', NULL, 0),
(1098, '松北区', '0', 187, 0, '', 1, 0, '', NULL, 0),
(1099, '呼兰区', '0', 187, 0, '', 1, 0, '', NULL, 0),
(1100, '依兰县', '0', 187, 0, '', 1, 0, '', NULL, 0),
(1101, '方正县', '0', 187, 0, '', 1, 0, '', NULL, 0),
(1102, '宾县', '0', 187, 0, '', 1, 0, '', NULL, 0),
(1103, '巴彦县', '0', 187, 0, '', 1, 0, '', NULL, 0),
(1104, '木兰县', '0', 187, 0, '', 1, 0, '', NULL, 0),
(1105, '通河县', '0', 187, 0, '', 1, 0, '', NULL, 0),
(1106, '延寿县', '0', 187, 0, '', 1, 0, '', NULL, 0),
(1107, '阿城市', '0', 187, 0, '', 1, 0, '', NULL, 0),
(1108, '双城市', '0', 187, 0, '', 1, 0, '', NULL, 0),
(1109, '尚志市', '0', 187, 0, '', 1, 0, '', NULL, 0),
(1110, '五常市', '0', 187, 0, '', 1, 0, '', NULL, 0),
(1111, '龙沙区', '0', 188, 0, '', 1, 0, '', NULL, 0),
(1112, '建华区', '0', 188, 0, '', 1, 0, '', NULL, 0),
(1113, '铁锋区', '0', 188, 0, '', 1, 0, '', NULL, 0),
(1114, '昂昂溪区', '0', 188, 0, '', 1, 0, '', NULL, 0),
(1115, '富拉尔基区', '0', 188, 0, '', 1, 0, '', NULL, 0),
(1116, '碾子山区', '0', 188, 0, '', 1, 0, '', NULL, 0),
(1117, '梅里斯达斡尔族区', '0', 188, 0, '', 1, 0, '', NULL, 0),
(1118, '龙江县', '0', 188, 0, '', 1, 0, '', NULL, 0),
(1119, '依安县', '0', 188, 0, '', 1, 0, '', NULL, 0),
(1120, '泰来县', '0', 188, 0, '', 1, 0, '', NULL, 0),
(1121, '甘南县', '0', 188, 0, '', 1, 0, '', NULL, 0),
(1122, '富裕县', '0', 188, 0, '', 1, 0, '', NULL, 0),
(1123, '克山县', '0', 188, 0, '', 1, 0, '', NULL, 0),
(1124, '克东县', '0', 188, 0, '', 1, 0, '', NULL, 0),
(1125, '拜泉县', '0', 188, 0, '', 1, 0, '', NULL, 0),
(1126, '讷河市', '0', 188, 0, '', 1, 0, '', NULL, 0),
(1127, '鸡冠区', '0', 189, 0, '', 1, 0, '', NULL, 0),
(1128, '恒山区', '0', 189, 0, '', 1, 0, '', NULL, 0),
(1129, '滴道区', '0', 189, 0, '', 1, 0, '', NULL, 0),
(1130, '梨树区', '0', 189, 0, '', 1, 0, '', NULL, 0),
(1131, '城子河区', '0', 189, 0, '', 1, 0, '', NULL, 0),
(1132, '麻山区', '0', 189, 0, '', 1, 0, '', NULL, 0),
(1133, '鸡东县', '0', 189, 0, '', 1, 0, '', NULL, 0),
(1134, '虎林市', '0', 189, 0, '', 1, 0, '', NULL, 0),
(1135, '密山市', '0', 189, 0, '', 1, 0, '', NULL, 0),
(1136, '向阳区', '0', 190, 0, '', 1, 0, '', NULL, 0),
(1137, '工农区', '0', 190, 0, '', 1, 0, '', NULL, 0),
(1138, '南山区', '0', 190, 0, '', 1, 0, '', NULL, 0),
(1139, '兴安区', '0', 190, 0, '', 1, 0, '', NULL, 0),
(1140, '东山区', '0', 190, 0, '', 1, 0, '', NULL, 0),
(1141, '兴山区', '0', 190, 0, '', 1, 0, '', NULL, 0),
(1142, '萝北县', '0', 190, 0, '', 1, 0, '', NULL, 0),
(1143, '绥滨县', '0', 190, 0, '', 1, 0, '', NULL, 0),
(1144, '尖山区', '0', 191, 0, '', 1, 0, '', NULL, 0),
(1145, '岭东区', '0', 191, 0, '', 1, 0, '', NULL, 0),
(1146, '四方台区', '0', 191, 0, '', 1, 0, '', NULL, 0),
(1147, '宝山区', '0', 191, 0, '', 1, 0, '', NULL, 0),
(1148, '集贤县', '0', 191, 0, '', 1, 0, '', NULL, 0),
(1149, '友谊县', '0', 191, 0, '', 1, 0, '', NULL, 0),
(1150, '宝清县', '0', 191, 0, '', 1, 0, '', NULL, 0),
(1151, '饶河县', '0', 191, 0, '', 1, 0, '', NULL, 0),
(1152, '萨尔图区', '0', 192, 0, '', 1, 0, '', NULL, 0),
(1153, '龙凤区', '0', 192, 0, '', 1, 0, '', NULL, 0),
(1154, '让胡路区', '0', 192, 0, '', 1, 0, '', NULL, 0),
(1155, '红岗区', '0', 192, 0, '', 1, 0, '', NULL, 0),
(1156, '大同区', '0', 192, 0, '', 1, 0, '', NULL, 0),
(1157, '肇州县', '0', 192, 0, '', 1, 0, '', NULL, 0),
(1158, '肇源县', '0', 192, 0, '', 1, 0, '', NULL, 0),
(1159, '林甸县', '0', 192, 0, '', 1, 0, '', NULL, 0),
(1160, '杜尔伯特蒙古族自治县', '0', 192, 0, '', 1, 0, '', NULL, 0),
(1161, '伊春区', '0', 193, 0, '', 1, 0, '', NULL, 0),
(1162, '南岔区', '0', 193, 0, '', 1, 0, '', NULL, 0),
(1163, '友好区', '0', 193, 0, '', 1, 0, '', NULL, 0),
(1164, '西林区', '0', 193, 0, '', 1, 0, '', NULL, 0),
(1165, '翠峦区', '0', 193, 0, '', 1, 0, '', NULL, 0),
(1166, '新青区', '0', 193, 0, '', 1, 0, '', NULL, 0),
(1167, '美溪区', '0', 193, 0, '', 1, 0, '', NULL, 0),
(1168, '金山屯区', '0', 193, 0, '', 1, 0, '', NULL, 0),
(1169, '五营区', '0', 193, 0, '', 1, 0, '', NULL, 0),
(1170, '乌马河区', '0', 193, 0, '', 1, 0, '', NULL, 0),
(1171, '汤旺河区', '0', 193, 0, '', 1, 0, '', NULL, 0),
(1172, '带岭区', '0', 193, 0, '', 1, 0, '', NULL, 0),
(1173, '乌伊岭区', '0', 193, 0, '', 1, 0, '', NULL, 0),
(1174, '红星区', '0', 193, 0, '', 1, 0, '', NULL, 0),
(1175, '上甘岭区', '0', 193, 0, '', 1, 0, '', NULL, 0),
(1176, '嘉荫县', '0', 193, 0, '', 1, 0, '', NULL, 0),
(1177, '铁力市', '0', 193, 0, '', 1, 0, '', NULL, 0),
(1178, '永红区', '0', 194, 0, '', 1, 0, '', NULL, 0),
(1179, '向阳区', '0', 194, 0, '', 1, 0, '', NULL, 0),
(1180, '前进区', '0', 194, 0, '', 1, 0, '', NULL, 0),
(1181, '东风区', '0', 194, 0, '', 1, 0, '', NULL, 0),
(1182, '郊区', '0', 194, 0, '', 1, 0, '', NULL, 0),
(1183, '桦南县', '0', 194, 0, '', 1, 0, '', NULL, 0),
(1184, '桦川县', '0', 194, 0, '', 1, 0, '', NULL, 0),
(1185, '汤原县', '0', 194, 0, '', 1, 0, '', NULL, 0),
(1186, '抚远县', '0', 194, 0, '', 1, 0, '', NULL, 0),
(1187, '同江市', '0', 194, 0, '', 1, 0, '', NULL, 0),
(1188, '富锦市', '0', 194, 0, '', 1, 0, '', NULL, 0),
(1189, '新兴区', '0', 195, 0, '', 1, 0, '', NULL, 0),
(1190, '桃山区', '0', 195, 0, '', 1, 0, '', NULL, 0),
(1191, '茄子河区', '0', 195, 0, '', 1, 0, '', NULL, 0),
(1192, '勃利县', '0', 195, 0, '', 1, 0, '', NULL, 0),
(1193, '东安区', '0', 196, 0, '', 1, 0, '', NULL, 0),
(1194, '阳明区', '0', 196, 0, '', 1, 0, '', NULL, 0),
(1195, '爱民区', '0', 196, 0, '', 1, 0, '', NULL, 0),
(1196, '西安区', '0', 196, 0, '', 1, 0, '', NULL, 0),
(1197, '东宁县', '0', 196, 0, '', 1, 0, '', NULL, 0),
(1198, '林口县', '0', 196, 0, '', 1, 0, '', NULL, 0),
(1199, '绥芬河市', '0', 196, 0, '', 1, 0, '', NULL, 0),
(1200, '海林市', '0', 196, 0, '', 1, 0, '', NULL, 0),
(1201, '宁安市', '0', 196, 0, '', 1, 0, '', NULL, 0),
(1202, '穆棱市', '0', 196, 0, '', 1, 0, '', NULL, 0),
(1203, '爱辉区', '0', 197, 0, '', 1, 0, '', NULL, 0),
(1204, '嫩江县', '0', 197, 0, '', 1, 0, '', NULL, 0),
(1205, '逊克县', '0', 197, 0, '', 1, 0, '', NULL, 0),
(1206, '孙吴县', '0', 197, 0, '', 1, 0, '', NULL, 0),
(1207, '北安市', '0', 197, 0, '', 1, 0, '', NULL, 0),
(1208, '五大连池市', '0', 197, 0, '', 1, 0, '', NULL, 0),
(1209, '北林区', '0', 198, 0, '', 1, 0, '', NULL, 0),
(1210, '望奎县', '0', 198, 0, '', 1, 0, '', NULL, 0),
(1211, '兰西县', '0', 198, 0, '', 1, 0, '', NULL, 0),
(1212, '青冈县', '0', 198, 0, '', 1, 0, '', NULL, 0),
(1213, '庆安县', '0', 198, 0, '', 1, 0, '', NULL, 0),
(1214, '明水县', '0', 198, 0, '', 1, 0, '', NULL, 0),
(1215, '绥棱县', '0', 198, 0, '', 1, 0, '', NULL, 0),
(1216, '安达市', '0', 198, 0, '', 1, 0, '', NULL, 0),
(1217, '肇东市', '0', 198, 0, '', 1, 0, '', NULL, 0),
(1218, '海伦市', '0', 198, 0, '', 1, 0, '', NULL, 0),
(1219, '呼玛县', '0', 199, 0, '', 1, 0, '', NULL, 0),
(1220, '塔河县', '0', 199, 0, '', 1, 0, '', NULL, 0),
(1221, '漠河县', '0', 199, 0, '', 1, 0, '', NULL, 0),
(1222, '玄武区', '0', 200, 0, '', 1, 0, '', NULL, 0),
(1223, '白下区', '0', 200, 0, '', 1, 0, '', NULL, 0),
(1224, '秦淮区', '0', 200, 0, '', 1, 0, '', NULL, 0),
(1225, '建邺区', '0', 200, 0, '', 1, 0, '', NULL, 0),
(1226, '鼓楼区', '0', 200, 0, '', 1, 0, '', NULL, 0),
(1227, '下关区', '0', 200, 0, '', 1, 0, '', NULL, 0),
(1228, '浦口区', '0', 200, 0, '', 1, 0, '', NULL, 0),
(1229, '栖霞区', '0', 200, 0, '', 1, 0, '', NULL, 0),
(1230, '雨花台区', '0', 200, 0, '', 1, 0, '', NULL, 0),
(1231, '江宁区', '0', 200, 0, '', 1, 0, '', NULL, 0),
(1232, '六合区', '0', 200, 0, '', 1, 0, '', NULL, 0),
(1233, '溧水县', '0', 200, 0, '', 1, 0, '', NULL, 0),
(1234, '高淳县', '0', 200, 0, '', 1, 0, '', NULL, 0),
(1235, '崇安区', '0', 201, 0, '', 1, 0, '', NULL, 0),
(1236, '南长区', '0', 201, 0, '', 1, 0, '', NULL, 0),
(1237, '北塘区', '0', 201, 0, '', 1, 0, '', NULL, 0),
(1238, '锡山区', '0', 201, 0, '', 1, 0, '', NULL, 0),
(1239, '惠山区', '0', 201, 0, '', 1, 0, '', NULL, 0),
(1240, '滨湖区', '0', 201, 0, '', 1, 0, '', NULL, 0),
(1241, '江阴市', '0', 201, 0, '', 1, 0, '', NULL, 0),
(1242, '宜兴市', '0', 201, 0, '', 1, 0, '', NULL, 0),
(1243, '鼓楼区', '0', 202, 0, '', 1, 0, '', NULL, 0),
(1244, '云龙区', '0', 202, 0, '', 1, 0, '', NULL, 0),
(1245, '九里区', '0', 202, 0, '', 1, 0, '', NULL, 0),
(1246, '贾汪区', '0', 202, 0, '', 1, 0, '', NULL, 0),
(1247, '泉山区', '0', 202, 0, '', 1, 0, '', NULL, 0),
(1248, '丰县', '0', 202, 0, '', 1, 0, '', NULL, 0),
(1249, '沛县', '0', 202, 0, '', 1, 0, '', NULL, 0),
(1250, '铜山县', '0', 202, 0, '', 1, 0, '', NULL, 0),
(1251, '睢宁县', '0', 202, 0, '', 1, 0, '', NULL, 0),
(1252, '新沂市', '0', 202, 0, '', 1, 0, '', NULL, 0),
(1253, '邳州市', '0', 202, 0, '', 1, 0, '', NULL, 0),
(1254, '天宁区', '0', 203, 0, '', 1, 0, '', NULL, 0),
(1255, '钟楼区', '0', 203, 0, '', 1, 0, '', NULL, 0),
(1256, '戚墅堰区', '0', 203, 0, '', 1, 0, '', NULL, 0),
(1257, '新北区', '0', 203, 0, '', 1, 0, '', NULL, 0),
(1258, '武进区', '0', 203, 0, '', 1, 0, '', NULL, 0),
(1259, '溧阳市', '0', 203, 0, '', 1, 0, '', NULL, 0),
(1260, '金坛市', '0', 203, 0, '', 1, 0, '', NULL, 0),
(1261, '沧浪区', '0', 204, 0, '', 1, 0, '', NULL, 0),
(1262, '平江区', '0', 204, 0, '', 1, 0, '', NULL, 0),
(1263, '金阊区', '0', 204, 0, '', 1, 0, '', NULL, 0),
(1264, '虎丘区', '0', 204, 0, '', 1, 0, '', NULL, 0),
(1265, '吴中区', '0', 204, 0, '', 1, 0, '', NULL, 0),
(1266, '相城区', '0', 204, 0, '', 1, 0, '', NULL, 0),
(1267, '常熟市', '0', 204, 0, '', 1, 0, '', NULL, 0),
(1268, '张家港市', '0', 204, 0, '', 1, 0, '', NULL, 0),
(1269, '昆山市', '0', 204, 0, '', 1, 0, '', NULL, 0),
(1270, '吴江市', '0', 204, 0, '', 1, 0, '', NULL, 0),
(1271, '太仓市', '0', 204, 0, '', 1, 0, '', NULL, 0),
(1272, '崇川区', '0', 205, 0, '', 1, 0, '', NULL, 0),
(1273, '港闸区', '0', 205, 0, '', 1, 0, '', NULL, 0),
(1274, '海安县', '0', 205, 0, '', 1, 0, '', NULL, 0),
(1275, '如东县', '0', 205, 0, '', 1, 0, '', NULL, 0),
(1276, '启东市', '0', 205, 0, '', 1, 0, '', NULL, 0),
(1277, '如皋市', '0', 205, 0, '', 1, 0, '', NULL, 0),
(1278, '通州市', '0', 205, 0, '', 1, 0, '', NULL, 0),
(1279, '海门市', '0', 205, 0, '', 1, 0, '', NULL, 0),
(1280, '连云区', '0', 206, 0, '', 1, 0, '', NULL, 0),
(1281, '新浦区', '0', 206, 0, '', 1, 0, '', NULL, 0),
(1282, '海州区', '0', 206, 0, '', 1, 0, '', NULL, 0),
(1283, '赣榆县', '0', 206, 0, '', 1, 0, '', NULL, 0),
(1284, '东海县', '0', 206, 0, '', 1, 0, '', NULL, 0),
(1285, '灌云县', '0', 206, 0, '', 1, 0, '', NULL, 0),
(1286, '灌南县', '0', 206, 0, '', 1, 0, '', NULL, 0),
(1287, '清河区', '0', 207, 0, '', 1, 0, '', NULL, 0),
(1288, '楚州区', '0', 207, 0, '', 1, 0, '', NULL, 0),
(1289, '淮阴区', '0', 207, 0, '', 1, 0, '', NULL, 0),
(1290, '清浦区', '0', 207, 0, '', 1, 0, '', NULL, 0),
(1291, '涟水县', '0', 207, 0, '', 1, 0, '', NULL, 0),
(1292, '洪泽县', '0', 207, 0, '', 1, 0, '', NULL, 0),
(1293, '盱眙县', '0', 207, 0, '', 1, 0, '', NULL, 0),
(1294, '金湖县', '0', 207, 0, '', 1, 0, '', NULL, 0),
(1295, '亭湖区', '0', 208, 0, '', 1, 0, '', NULL, 0),
(1296, '盐都区', '0', 208, 0, '', 1, 0, '', NULL, 0),
(1297, '响水县', '0', 208, 0, '', 1, 0, '', NULL, 0),
(1298, '滨海县', '0', 208, 0, '', 1, 0, '', NULL, 0),
(1299, '阜宁县', '0', 208, 0, '', 1, 0, '', NULL, 0),
(1300, '射阳县', '0', 208, 0, '', 1, 0, '', NULL, 0),
(1301, '建湖县', '0', 208, 0, '', 1, 0, '', NULL, 0),
(1302, '东台市', '0', 208, 0, '', 1, 0, '', NULL, 0),
(1303, '大丰市', '0', 208, 0, '', 1, 0, '', NULL, 0),
(1304, '广陵区', '0', 209, 0, '', 1, 0, '', NULL, 0),
(1305, '邗江区', '0', 209, 0, '', 1, 0, '', NULL, 0),
(1306, '维扬区', '0', 209, 0, '', 1, 0, '', NULL, 0),
(1307, '宝应县', '0', 209, 0, '', 1, 0, '', NULL, 0),
(1308, '仪征市', '0', 209, 0, '', 1, 0, '', NULL, 0),
(1309, '高邮市', '0', 209, 0, '', 1, 0, '', NULL, 0),
(1310, '江都市', '0', 209, 0, '', 1, 0, '', NULL, 0),
(1311, '京口区', '0', 210, 0, '', 1, 0, '', NULL, 0),
(1312, '润州区', '0', 210, 0, '', 1, 0, '', NULL, 0),
(1313, '丹徒区', '0', 210, 0, '', 1, 0, '', NULL, 0),
(1314, '丹阳市', '0', 210, 0, '', 1, 0, '', NULL, 0),
(1315, '扬中市', '0', 210, 0, '', 1, 0, '', NULL, 0),
(1316, '句容市', '0', 210, 0, '', 1, 0, '', NULL, 0),
(1317, '海陵区', '0', 211, 0, '', 1, 0, '', NULL, 0),
(1318, '高港区', '0', 211, 0, '', 1, 0, '', NULL, 0),
(1319, '兴化市', '0', 211, 0, '', 1, 0, '', NULL, 0),
(1320, '靖江市', '0', 211, 0, '', 1, 0, '', NULL, 0),
(1321, '泰兴市', '0', 211, 0, '', 1, 0, '', NULL, 0),
(1322, '姜堰市', '0', 211, 0, '', 1, 0, '', NULL, 0),
(1323, '宿城区', '0', 212, 0, '', 1, 0, '', NULL, 0),
(1324, '宿豫区', '0', 212, 0, '', 1, 0, '', NULL, 0),
(1325, '沭阳县', '0', 212, 0, '', 1, 0, '', NULL, 0),
(1326, '泗阳县', '0', 212, 0, '', 1, 0, '', NULL, 0),
(1327, '泗洪县', '0', 212, 0, '', 1, 0, '', NULL, 0),
(1328, '上城区', '0', 213, 0, '', 1, 0, '', NULL, 0),
(1329, '下城区', '0', 213, 0, '', 1, 0, '', NULL, 0),
(1330, '江干区', '0', 213, 0, '', 1, 0, '', NULL, 0),
(1331, '拱墅区', '0', 213, 0, '', 1, 0, '', NULL, 0),
(1332, '西湖区', '0', 213, 0, '', 1, 0, '', NULL, 0),
(1333, '滨江区', '0', 213, 0, '', 1, 0, '', NULL, 0),
(1334, '萧山区', '0', 213, 0, '', 1, 0, '', NULL, 0),
(1335, '余杭区', '0', 213, 0, '', 1, 0, '', NULL, 0),
(1336, '桐庐县', '0', 213, 0, '', 1, 0, '', NULL, 0),
(1337, '淳安县', '0', 213, 0, '', 1, 0, '', NULL, 0),
(1338, '建德市', '0', 213, 0, '', 1, 0, '', NULL, 0),
(1339, '富阳市', '0', 213, 0, '', 1, 0, '', NULL, 0),
(1340, '临安市', '0', 213, 0, '', 1, 0, '', NULL, 0),
(1341, '海曙区', '0', 214, 0, '', 1, 0, '', NULL, 0),
(1342, '江东区', '0', 214, 0, '', 1, 0, '', NULL, 0),
(1343, '江北区', '0', 214, 0, '', 1, 0, '', NULL, 0),
(1344, '北仑区', '0', 214, 0, '', 1, 0, '', NULL, 0),
(1345, '镇海区', '0', 214, 0, '', 1, 0, '', NULL, 0),
(1346, '鄞州区', '0', 214, 0, '', 1, 0, '', NULL, 0),
(1347, '象山县', '0', 214, 0, '', 1, 0, '', NULL, 0),
(1348, '宁海县', '0', 214, 0, '', 1, 0, '', NULL, 0),
(1349, '余姚市', '0', 214, 0, '', 1, 0, '', NULL, 0),
(1350, '慈溪市', '0', 214, 0, '', 1, 0, '', NULL, 0),
(1351, '奉化市', '0', 214, 0, '', 1, 0, '', NULL, 0),
(1352, '鹿城区', '0', 215, 0, '', 1, 0, '', NULL, 0),
(1353, '龙湾区', '0', 215, 0, '', 1, 0, '', NULL, 0),
(1354, '瓯海区', '0', 215, 0, '', 1, 0, '', NULL, 0),
(1355, '洞头县', '0', 215, 0, '', 1, 0, '', NULL, 0),
(1356, '永嘉县', '0', 215, 0, '', 1, 0, '', NULL, 0),
(1357, '平阳县', '0', 215, 0, '', 1, 0, '', NULL, 0),
(1358, '苍南县', '0', 215, 0, '', 1, 0, '', NULL, 0),
(1359, '文成县', '0', 215, 0, '', 1, 0, '', NULL, 0),
(1360, '泰顺县', '0', 215, 0, '', 1, 0, '', NULL, 0),
(1361, '瑞安市', '0', 215, 0, '', 1, 0, '', NULL, 0),
(1362, '乐清市', '0', 215, 0, '', 1, 0, '', NULL, 0),
(1363, '秀城区', '0', 216, 0, '', 1, 0, '', NULL, 0),
(1364, '秀洲区', '0', 216, 0, '', 1, 0, '', NULL, 0),
(1365, '嘉善县', '0', 216, 0, '', 1, 0, '', NULL, 0),
(1366, '海盐县', '0', 216, 0, '', 1, 0, '', NULL, 0),
(1367, '海宁市', '0', 216, 0, '', 1, 0, '', NULL, 0),
(1368, '平湖市', '0', 216, 0, '', 1, 0, '', NULL, 0),
(1369, '桐乡市', '0', 216, 0, '', 1, 0, '', NULL, 0),
(1370, '吴兴区', '0', 217, 0, '', 1, 0, '', NULL, 0),
(1371, '南浔区', '0', 217, 0, '', 1, 0, '', NULL, 0),
(1372, '德清县', '0', 217, 0, '', 1, 0, '', NULL, 0),
(1373, '长兴县', '0', 217, 0, '', 1, 0, '', NULL, 0),
(1374, '安吉县', '0', 217, 0, '', 1, 0, '', NULL, 0),
(1375, '越城区', '0', 218, 0, '', 1, 0, '', NULL, 0),
(1376, '绍兴县', '0', 218, 0, '', 1, 0, '', NULL, 0),
(1377, '新昌县', '0', 218, 0, '', 1, 0, '', NULL, 0),
(1378, '诸暨市', '0', 218, 0, '', 1, 0, '', NULL, 0),
(1379, '上虞市', '0', 218, 0, '', 1, 0, '', NULL, 0),
(1380, '嵊州市', '0', 218, 0, '', 1, 0, '', NULL, 0),
(1381, '婺城区', '0', 219, 0, '', 1, 0, '', NULL, 0),
(1382, '金东区', '0', 219, 0, '', 1, 0, '', NULL, 0),
(1383, '武义县', '0', 219, 0, '', 1, 0, '', NULL, 0),
(1384, '浦江县', '0', 219, 0, '', 1, 0, '', NULL, 0),
(1385, '磐安县', '0', 219, 0, '', 1, 0, '', NULL, 0),
(1386, '兰溪市', '0', 219, 0, '', 1, 0, '', NULL, 0),
(1387, '义乌市', '0', 219, 0, '', 1, 0, '', NULL, 0),
(1388, '东阳市', '0', 219, 0, '', 1, 0, '', NULL, 0),
(1389, '永康市', '0', 219, 0, '', 1, 0, '', NULL, 0),
(1390, '柯城区', '0', 220, 0, '', 1, 0, '', NULL, 0),
(1391, '衢江区', '0', 220, 0, '', 1, 0, '', NULL, 0),
(1392, '常山县', '0', 220, 0, '', 1, 0, '', NULL, 0),
(1393, '开化县', '0', 220, 0, '', 1, 0, '', NULL, 0),
(1394, '龙游县', '0', 220, 0, '', 1, 0, '', NULL, 0),
(1395, '江山市', '0', 220, 0, '', 1, 0, '', NULL, 0),
(1396, '定海区', '0', 221, 0, '', 1, 0, '', NULL, 0),
(1397, '普陀区', '0', 221, 0, '', 1, 0, '', NULL, 0),
(1398, '岱山县', '0', 221, 0, '', 1, 0, '', NULL, 0),
(1399, '嵊泗县', '0', 221, 0, '', 1, 0, '', NULL, 0),
(1400, '椒江区', '0', 222, 0, '', 1, 0, '', NULL, 0),
(1401, '黄岩区', '0', 222, 0, '', 1, 0, '', NULL, 0),
(1402, '路桥区', '0', 222, 0, '', 1, 0, '', NULL, 0),
(1403, '玉环县', '0', 222, 0, '', 1, 0, '', NULL, 0),
(1404, '三门县', '0', 222, 0, '', 1, 0, '', NULL, 0),
(1405, '天台县', '0', 222, 0, '', 1, 0, '', NULL, 0),
(1406, '仙居县', '0', 222, 0, '', 1, 0, '', NULL, 0),
(1407, '温岭市', '0', 222, 0, '', 1, 0, '', NULL, 0),
(1408, '临海市', '0', 222, 0, '', 1, 0, '', NULL, 0),
(1409, '莲都区', '0', 223, 0, '', 1, 0, '', NULL, 0),
(1410, '青田县', '0', 223, 0, '', 1, 0, '', NULL, 0),
(1411, '缙云县', '0', 223, 0, '', 1, 0, '', NULL, 0),
(1412, '遂昌县', '0', 223, 0, '', 1, 0, '', NULL, 0),
(1413, '松阳县', '0', 223, 0, '', 1, 0, '', NULL, 0),
(1414, '云和县', '0', 223, 0, '', 1, 0, '', NULL, 0),
(1415, '庆元县', '0', 223, 0, '', 1, 0, '', NULL, 0),
(1416, '景宁畲族自治县', '0', 223, 0, '', 1, 0, '', NULL, 0),
(1417, '龙泉市', '0', 223, 0, '', 1, 0, '', NULL, 0),
(1418, '瑶海区', '0', 224, 0, '', 1, 0, '', NULL, 0),
(1419, '庐阳区', '0', 224, 0, '', 1, 0, '', NULL, 0),
(1420, '蜀山区', '0', 224, 0, '', 1, 0, '', NULL, 0),
(1421, '包河区', '0', 224, 0, '', 1, 0, '', NULL, 0),
(1422, '长丰县', '0', 224, 0, '', 1, 0, '', NULL, 0),
(1423, '肥东县', '0', 224, 0, '', 1, 0, '', NULL, 0),
(1424, '肥西县', '0', 224, 0, '', 1, 0, '', NULL, 0),
(1425, '镜湖区', '0', 225, 0, '', 1, 0, '', NULL, 0),
(1426, '弋江区', '0', 225, 0, '', 1, 0, '', NULL, 0),
(1427, '鸠江区', '0', 225, 0, '', 1, 0, '', NULL, 0),
(1428, '三山区', '0', 225, 0, '', 1, 0, '', NULL, 0),
(1429, '芜湖县', '0', 225, 0, '', 1, 0, '', NULL, 0),
(1430, '繁昌县', '0', 225, 0, '', 1, 0, '', NULL, 0),
(1431, '南陵县', '0', 225, 0, '', 1, 0, '', NULL, 0),
(1432, '龙子湖区', '0', 226, 0, '', 1, 0, '', NULL, 0),
(1433, '蚌山区', '0', 226, 0, '', 1, 0, '', NULL, 0),
(1434, '禹会区', '0', 226, 0, '', 1, 0, '', NULL, 0),
(1435, '淮上区', '0', 226, 0, '', 1, 0, '', NULL, 0),
(1436, '怀远县', '0', 226, 0, '', 1, 0, '', NULL, 0),
(1437, '五河县', '0', 226, 0, '', 1, 0, '', NULL, 0),
(1438, '固镇县', '0', 226, 0, '', 1, 0, '', NULL, 0),
(1439, '大通区', '0', 227, 0, '', 1, 0, '', NULL, 0),
(1440, '田家庵区', '0', 227, 0, '', 1, 0, '', NULL, 0),
(1441, '谢家集区', '0', 227, 0, '', 1, 0, '', NULL, 0),
(1442, '八公山区', '0', 227, 0, '', 1, 0, '', NULL, 0),
(1443, '潘集区', '0', 227, 0, '', 1, 0, '', NULL, 0),
(1444, '凤台县', '0', 227, 0, '', 1, 0, '', NULL, 0),
(1445, '金家庄区', '0', 228, 0, '', 1, 0, '', NULL, 0),
(1446, '花山区', '0', 228, 0, '', 1, 0, '', NULL, 0),
(1447, '雨山区', '0', 228, 0, '', 1, 0, '', NULL, 0),
(1448, '当涂县', '0', 228, 0, '', 1, 0, '', NULL, 0),
(1449, '杜集区', '0', 229, 0, '', 1, 0, '', NULL, 0),
(1450, '相山区', '0', 229, 0, '', 1, 0, '', NULL, 0),
(1451, '烈山区', '0', 229, 0, '', 1, 0, '', NULL, 0),
(1452, '濉溪县', '0', 229, 0, '', 1, 0, '', NULL, 0),
(1453, '铜官山区', '0', 230, 0, '', 1, 0, '', NULL, 0),
(1454, '狮子山区', '0', 230, 0, '', 1, 0, '', NULL, 0),
(1455, '郊区', '0', 230, 0, '', 1, 0, '', NULL, 0),
(1456, '铜陵县', '0', 230, 0, '', 1, 0, '', NULL, 0),
(1457, '迎江区', '0', 231, 0, '', 1, 0, '', NULL, 0),
(1458, '大观区', '0', 231, 0, '', 1, 0, '', NULL, 0),
(1459, '宜秀区', '0', 231, 0, '', 1, 0, '', NULL, 0),
(1460, '怀宁县', '0', 231, 0, '', 1, 0, '', NULL, 0),
(1461, '枞阳县', '0', 231, 0, '', 1, 0, '', NULL, 0),
(1462, '潜山县', '0', 231, 0, '', 1, 0, '', NULL, 0),
(1463, '太湖县', '0', 231, 0, '', 1, 0, '', NULL, 0),
(1464, '宿松县', '0', 231, 0, '', 1, 0, '', NULL, 0),
(1465, '望江县', '0', 231, 0, '', 1, 0, '', NULL, 0),
(1466, '岳西县', '0', 231, 0, '', 1, 0, '', NULL, 0),
(1467, '桐城市', '0', 231, 0, '', 1, 0, '', NULL, 0),
(1468, '屯溪区', '0', 232, 0, '', 1, 0, '', NULL, 0),
(1469, '黄山区', '0', 232, 0, '', 1, 0, '', NULL, 0),
(1470, '徽州区', '0', 232, 0, '', 1, 0, '', NULL, 0),
(1471, '歙县', '0', 232, 0, '', 1, 0, '', NULL, 0),
(1472, '休宁县', '0', 232, 0, '', 1, 0, '', NULL, 0),
(1473, '黟县', '0', 232, 0, '', 1, 0, '', NULL, 0),
(1474, '祁门县', '0', 232, 0, '', 1, 0, '', NULL, 0),
(1475, '琅琊区', '0', 233, 0, '', 1, 0, '', NULL, 0),
(1476, '南谯区', '0', 233, 0, '', 1, 0, '', NULL, 0),
(1477, '来安县', '0', 233, 0, '', 1, 0, '', NULL, 0),
(1478, '全椒县', '0', 233, 0, '', 1, 0, '', NULL, 0),
(1479, '定远县', '0', 233, 0, '', 1, 0, '', NULL, 0),
(1480, '凤阳县', '0', 233, 0, '', 1, 0, '', NULL, 0),
(1481, '天长市', '0', 233, 0, '', 1, 0, '', NULL, 0),
(1482, '明光市', '0', 233, 0, '', 1, 0, '', NULL, 0),
(1483, '颍州区', '0', 234, 0, '', 1, 0, '', NULL, 0),
(1484, '颍东区', '0', 234, 0, '', 1, 0, '', NULL, 0),
(1485, '颍泉区', '0', 234, 0, '', 1, 0, '', NULL, 0),
(1486, '临泉县', '0', 234, 0, '', 1, 0, '', NULL, 0),
(1487, '太和县', '0', 234, 0, '', 1, 0, '', NULL, 0),
(1488, '阜南县', '0', 234, 0, '', 1, 0, '', NULL, 0),
(1489, '颍上县', '0', 234, 0, '', 1, 0, '', NULL, 0),
(1490, '界首市', '0', 234, 0, '', 1, 0, '', NULL, 0),
(1491, '埇桥区', '0', 235, 0, '', 1, 0, '', NULL, 0),
(1492, '砀山县', '0', 235, 0, '', 1, 0, '', NULL, 0),
(1493, '萧县', '0', 235, 0, '', 1, 0, '', NULL, 0),
(1494, '灵璧县', '0', 235, 0, '', 1, 0, '', NULL, 0),
(1495, '泗县', '0', 235, 0, '', 1, 0, '', NULL, 0),
(1496, '居巢区', '0', 236, 0, '', 1, 0, '', NULL, 0),
(1497, '庐江县', '0', 236, 0, '', 1, 0, '', NULL, 0),
(1498, '无为县', '0', 236, 0, '', 1, 0, '', NULL, 0),
(1499, '含山县', '0', 236, 0, '', 1, 0, '', NULL, 0),
(1500, '和县', '0', 236, 0, '', 1, 0, '', NULL, 0),
(1501, '金安区', '0', 237, 0, '', 1, 0, '', NULL, 0),
(1502, '裕安区', '0', 237, 0, '', 1, 0, '', NULL, 0),
(1503, '寿县', '0', 237, 0, '', 1, 0, '', NULL, 0),
(1504, '霍邱县', '0', 237, 0, '', 1, 0, '', NULL, 0),
(1505, '舒城县', '0', 237, 0, '', 1, 0, '', NULL, 0),
(1506, '金寨县', '0', 237, 0, '', 1, 0, '', NULL, 0),
(1507, '霍山县', '0', 237, 0, '', 1, 0, '', NULL, 0),
(1508, '谯城区', '0', 238, 0, '', 1, 0, '', NULL, 0),
(1509, '涡阳县', '0', 238, 0, '', 1, 0, '', NULL, 0),
(1510, '蒙城县', '0', 238, 0, '', 1, 0, '', NULL, 0),
(1511, '利辛县', '0', 238, 0, '', 1, 0, '', NULL, 0),
(1512, '贵池区', '0', 239, 0, '', 1, 0, '', NULL, 0),
(1513, '东至县', '0', 239, 0, '', 1, 0, '', NULL, 0),
(1514, '石台县', '0', 239, 0, '', 1, 0, '', NULL, 0),
(1515, '青阳县', '0', 239, 0, '', 1, 0, '', NULL, 0),
(1516, '宣州区', '0', 240, 0, '', 1, 0, '', NULL, 0),
(1517, '郎溪县', '0', 240, 0, '', 1, 0, '', NULL, 0),
(1518, '广德县', '0', 240, 0, '', 1, 0, '', NULL, 0),
(1519, '泾县', '0', 240, 0, '', 1, 0, '', NULL, 0),
(1520, '绩溪县', '0', 240, 0, '', 1, 0, '', NULL, 0),
(1521, '旌德县', '0', 240, 0, '', 1, 0, '', NULL, 0),
(1522, '宁国市', '0', 240, 0, '', 1, 0, '', NULL, 0),
(1523, '鼓楼区', '0', 241, 0, '', 1, 0, '', NULL, 0),
(1524, '台江区', '0', 241, 0, '', 1, 0, '', NULL, 0),
(1525, '仓山区', '0', 241, 0, '', 1, 0, '', NULL, 0),
(1526, '马尾区', '0', 241, 0, '', 1, 0, '', NULL, 0),
(1527, '晋安区', '0', 241, 0, '', 1, 0, '', NULL, 0),
(1528, '闽侯县', '0', 241, 0, '', 1, 0, '', NULL, 0),
(1529, '连江县', '0', 241, 0, '', 1, 0, '', NULL, 0),
(1530, '罗源县', '0', 241, 0, '', 1, 0, '', NULL, 0),
(1531, '闽清县', '0', 241, 0, '', 1, 0, '', NULL, 0),
(1532, '永泰县', '0', 241, 0, '', 1, 0, '', NULL, 0),
(1533, '平潭县', '0', 241, 0, '', 1, 0, '', NULL, 0),
(1534, '福清市', '0', 241, 0, '', 1, 0, '', NULL, 0),
(1535, '长乐市', '0', 241, 0, '', 1, 0, '', NULL, 0),
(1536, '思明区', '0', 242, 0, '', 1, 0, '', NULL, 0),
(1537, '海沧区', '0', 242, 0, '', 1, 0, '', NULL, 0),
(1538, '湖里区', '0', 242, 0, '', 1, 0, '', NULL, 0),
(1539, '集美区', '0', 242, 0, '', 1, 0, '', NULL, 0),
(1540, '同安区', '0', 242, 0, '', 1, 0, '', NULL, 0),
(1541, '翔安区', '0', 242, 0, '', 1, 0, '', NULL, 0),
(1542, '城厢区', '0', 243, 0, '', 1, 0, '', NULL, 0),
(1543, '涵江区', '0', 243, 0, '', 1, 0, '', NULL, 0),
(1544, '荔城区', '0', 243, 0, '', 1, 0, '', NULL, 0),
(1545, '秀屿区', '0', 243, 0, '', 1, 0, '', NULL, 0),
(1546, '仙游县', '0', 243, 0, '', 1, 0, '', NULL, 0),
(1547, '梅列区', '0', 244, 0, '', 1, 0, '', NULL, 0),
(1548, '三元区', '0', 244, 0, '', 1, 0, '', NULL, 0),
(1549, '明溪县', '0', 244, 0, '', 1, 0, '', NULL, 0),
(1550, '清流县', '0', 244, 0, '', 1, 0, '', NULL, 0),
(1551, '宁化县', '0', 244, 0, '', 1, 0, '', NULL, 0),
(1552, '大田县', '0', 244, 0, '', 1, 0, '', NULL, 0),
(1553, '尤溪县', '0', 244, 0, '', 1, 0, '', NULL, 0),
(1554, '沙县', '0', 244, 0, '', 1, 0, '', NULL, 0),
(1555, '将乐县', '0', 244, 0, '', 1, 0, '', NULL, 0),
(1556, '泰宁县', '0', 244, 0, '', 1, 0, '', NULL, 0),
(1557, '建宁县', '0', 244, 0, '', 1, 0, '', NULL, 0),
(1558, '永安市', '0', 244, 0, '', 1, 0, '', NULL, 0),
(1559, '鲤城区', '0', 245, 0, '', 1, 0, '', NULL, 0),
(1560, '丰泽区', '0', 245, 0, '', 1, 0, '', NULL, 0),
(1561, '洛江区', '0', 245, 0, '', 1, 0, '', NULL, 0),
(1562, '泉港区', '0', 245, 0, '', 1, 0, '', NULL, 0),
(1563, '惠安县', '0', 245, 0, '', 1, 0, '', NULL, 0),
(1564, '安溪县', '0', 245, 0, '', 1, 0, '', NULL, 0),
(1565, '永春县', '0', 245, 0, '', 1, 0, '', NULL, 0),
(1566, '德化县', '0', 245, 0, '', 1, 0, '', NULL, 0),
(1567, '金门县', '0', 245, 0, '', 1, 0, '', NULL, 0),
(1568, '石狮市', '0', 245, 0, '', 1, 0, '', NULL, 0),
(1569, '晋江市', '0', 245, 0, '', 1, 0, '', NULL, 0),
(1570, '南安市', '0', 245, 0, '', 1, 0, '', NULL, 0),
(1571, '芗城区', '0', 246, 0, '', 1, 0, '', NULL, 0),
(1572, '龙文区', '0', 246, 0, '', 1, 0, '', NULL, 0),
(1573, '云霄县', '0', 246, 0, '', 1, 0, '', NULL, 0),
(1574, '漳浦县', '0', 246, 0, '', 1, 0, '', NULL, 0),
(1575, '诏安县', '0', 246, 0, '', 1, 0, '', NULL, 0),
(1576, '长泰县', '0', 246, 0, '', 1, 0, '', NULL, 0),
(1577, '东山县', '0', 246, 0, '', 1, 0, '', NULL, 0),
(1578, '南靖县', '0', 246, 0, '', 1, 0, '', NULL, 0),
(1579, '平和县', '0', 246, 0, '', 1, 0, '', NULL, 0),
(1580, '华安县', '0', 246, 0, '', 1, 0, '', NULL, 0),
(1581, '龙海市', '0', 246, 0, '', 1, 0, '', NULL, 0),
(1582, '延平区', '0', 247, 0, '', 1, 0, '', NULL, 0),
(1583, '顺昌县', '0', 247, 0, '', 1, 0, '', NULL, 0),
(1584, '浦城县', '0', 247, 0, '', 1, 0, '', NULL, 0),
(1585, '光泽县', '0', 247, 0, '', 1, 0, '', NULL, 0),
(1586, '松溪县', '0', 247, 0, '', 1, 0, '', NULL, 0),
(1587, '政和县', '0', 247, 0, '', 1, 0, '', NULL, 0),
(1588, '邵武市', '0', 247, 0, '', 1, 0, '', NULL, 0),
(1589, '武夷山市', '0', 247, 0, '', 1, 0, '', NULL, 0),
(1590, '建瓯市', '0', 247, 0, '', 1, 0, '', NULL, 0),
(1591, '建阳市', '0', 247, 0, '', 1, 0, '', NULL, 0),
(1592, '新罗区', '0', 248, 0, '', 1, 0, '', NULL, 0),
(1593, '长汀县', '0', 248, 0, '', 1, 0, '', NULL, 0),
(1594, '永定县', '0', 248, 0, '', 1, 0, '', NULL, 0),
(1595, '上杭县', '0', 248, 0, '', 1, 0, '', NULL, 0),
(1596, '武平县', '0', 248, 0, '', 1, 0, '', NULL, 0),
(1597, '连城县', '0', 248, 0, '', 1, 0, '', NULL, 0),
(1598, '漳平市', '0', 248, 0, '', 1, 0, '', NULL, 0),
(1599, '蕉城区', '0', 249, 0, '', 1, 0, '', NULL, 0),
(1600, '霞浦县', '0', 249, 0, '', 1, 0, '', NULL, 0),
(1601, '古田县', '0', 249, 0, '', 1, 0, '', NULL, 0),
(1602, '屏南县', '0', 249, 0, '', 1, 0, '', NULL, 0),
(1603, '寿宁县', '0', 249, 0, '', 1, 0, '', NULL, 0),
(1604, '周宁县', '0', 249, 0, '', 1, 0, '', NULL, 0),
(1605, '柘荣县', '0', 249, 0, '', 1, 0, '', NULL, 0),
(1606, '福安市', '0', 249, 0, '', 1, 0, '', NULL, 0),
(1607, '福鼎市', '0', 249, 0, '', 1, 0, '', NULL, 0),
(1608, '东湖区', '0', 250, 0, '', 1, 0, '', NULL, 0),
(1609, '西湖区', '0', 250, 0, '', 1, 0, '', NULL, 0),
(1610, '青云谱区', '0', 250, 0, '', 1, 0, '', NULL, 0),
(1611, '湾里区', '0', 250, 0, '', 1, 0, '', NULL, 0),
(1612, '青山湖区', '0', 250, 0, '', 1, 0, '', NULL, 0),
(1613, '南昌县', '0', 250, 0, '', 1, 0, '', NULL, 0),
(1614, '新建县', '0', 250, 0, '', 1, 0, '', NULL, 0),
(1615, '安义县', '0', 250, 0, '', 1, 0, '', NULL, 0),
(1616, '进贤县', '0', 250, 0, '', 1, 0, '', NULL, 0),
(1617, '昌江区', '0', 251, 0, '', 1, 0, '', NULL, 0),
(1618, '珠山区', '0', 251, 0, '', 1, 0, '', NULL, 0),
(1619, '浮梁县', '0', 251, 0, '', 1, 0, '', NULL, 0),
(1620, '乐平市', '0', 251, 0, '', 1, 0, '', NULL, 0),
(1621, '安源区', '0', 252, 0, '', 1, 0, '', NULL, 0),
(1622, '湘东区', '0', 252, 0, '', 1, 0, '', NULL, 0),
(1623, '莲花县', '0', 252, 0, '', 1, 0, '', NULL, 0),
(1624, '上栗县', '0', 252, 0, '', 1, 0, '', NULL, 0),
(1625, '芦溪县', '0', 252, 0, '', 1, 0, '', NULL, 0),
(1626, '庐山区', '0', 253, 0, '', 1, 0, '', NULL, 0),
(1627, '浔阳区', '0', 253, 0, '', 1, 0, '', NULL, 0),
(1628, '九江县', '0', 253, 0, '', 1, 0, '', NULL, 0),
(1629, '武宁县', '0', 253, 0, '', 1, 0, '', NULL, 0),
(1630, '修水县', '0', 253, 0, '', 1, 0, '', NULL, 0),
(1631, '永修县', '0', 253, 0, '', 1, 0, '', NULL, 0),
(1632, '德安县', '0', 253, 0, '', 1, 0, '', NULL, 0),
(1633, '星子县', '0', 253, 0, '', 1, 0, '', NULL, 0),
(1634, '都昌县', '0', 253, 0, '', 1, 0, '', NULL, 0),
(1635, '湖口县', '0', 253, 0, '', 1, 0, '', NULL, 0),
(1636, '彭泽县', '0', 253, 0, '', 1, 0, '', NULL, 0),
(1637, '瑞昌市', '0', 253, 0, '', 1, 0, '', NULL, 0),
(1638, '渝水区', '0', 254, 0, '', 1, 0, '', NULL, 0),
(1639, '分宜县', '0', 254, 0, '', 1, 0, '', NULL, 0),
(1640, '月湖区', '0', 255, 0, '', 1, 0, '', NULL, 0),
(1641, '余江县', '0', 255, 0, '', 1, 0, '', NULL, 0),
(1642, '贵溪市', '0', 255, 0, '', 1, 0, '', NULL, 0),
(1643, '章贡区', '0', 256, 0, '', 1, 0, '', NULL, 0),
(1644, '赣县', '0', 256, 0, '', 1, 0, '', NULL, 0),
(1645, '信丰县', '0', 256, 0, '', 1, 0, '', NULL, 0),
(1646, '大余县', '0', 256, 0, '', 1, 0, '', NULL, 0),
(1647, '上犹县', '0', 256, 0, '', 1, 0, '', NULL, 0),
(1648, '崇义县', '0', 256, 0, '', 1, 0, '', NULL, 0),
(1649, '安远县', '0', 256, 0, '', 1, 0, '', NULL, 0),
(1650, '龙南县', '0', 256, 0, '', 1, 0, '', NULL, 0),
(1651, '定南县', '0', 256, 0, '', 1, 0, '', NULL, 0),
(1652, '全南县', '0', 256, 0, '', 1, 0, '', NULL, 0),
(1653, '宁都县', '0', 256, 0, '', 1, 0, '', NULL, 0),
(1654, '于都县', '0', 256, 0, '', 1, 0, '', NULL, 0),
(1655, '兴国县', '0', 256, 0, '', 1, 0, '', NULL, 0),
(1656, '会昌县', '0', 256, 0, '', 1, 0, '', NULL, 0),
(1657, '寻乌县', '0', 256, 0, '', 1, 0, '', NULL, 0),
(1658, '石城县', '0', 256, 0, '', 1, 0, '', NULL, 0),
(1659, '瑞金市', '0', 256, 0, '', 1, 0, '', NULL, 0),
(1660, '南康市', '0', 256, 0, '', 1, 0, '', NULL, 0),
(1661, '吉州区', '0', 257, 0, '', 1, 0, '', NULL, 0),
(1662, '青原区', '0', 257, 0, '', 1, 0, '', NULL, 0),
(1663, '吉安县', '0', 257, 0, '', 1, 0, '', NULL, 0),
(1664, '吉水县', '0', 257, 0, '', 1, 0, '', NULL, 0),
(1665, '峡江县', '0', 257, 0, '', 1, 0, '', NULL, 0),
(1666, '新干县', '0', 257, 0, '', 1, 0, '', NULL, 0),
(1667, '永丰县', '0', 257, 0, '', 1, 0, '', NULL, 0),
(1668, '泰和县', '0', 257, 0, '', 1, 0, '', NULL, 0),
(1669, '遂川县', '0', 257, 0, '', 1, 0, '', NULL, 0),
(1670, '万安县', '0', 257, 0, '', 1, 0, '', NULL, 0),
(1671, '安福县', '0', 257, 0, '', 1, 0, '', NULL, 0),
(1672, '永新县', '0', 257, 0, '', 1, 0, '', NULL, 0),
(1673, '井冈山市', '0', 257, 0, '', 1, 0, '', NULL, 0),
(1674, '袁州区', '0', 258, 0, '', 1, 0, '', NULL, 0),
(1675, '奉新县', '0', 258, 0, '', 1, 0, '', NULL, 0),
(1676, '万载县', '0', 258, 0, '', 1, 0, '', NULL, 0),
(1677, '上高县', '0', 258, 0, '', 1, 0, '', NULL, 0),
(1678, '宜丰县', '0', 258, 0, '', 1, 0, '', NULL, 0),
(1679, '靖安县', '0', 258, 0, '', 1, 0, '', NULL, 0),
(1680, '铜鼓县', '0', 258, 0, '', 1, 0, '', NULL, 0),
(1681, '丰城市', '0', 258, 0, '', 1, 0, '', NULL, 0),
(1682, '樟树市', '0', 258, 0, '', 1, 0, '', NULL, 0),
(1683, '高安市', '0', 258, 0, '', 1, 0, '', NULL, 0),
(1684, '临川区', '0', 259, 0, '', 1, 0, '', NULL, 0),
(1685, '南城县', '0', 259, 0, '', 1, 0, '', NULL, 0),
(1686, '黎川县', '0', 259, 0, '', 1, 0, '', NULL, 0),
(1687, '南丰县', '0', 259, 0, '', 1, 0, '', NULL, 0),
(1688, '崇仁县', '0', 259, 0, '', 1, 0, '', NULL, 0),
(1689, '乐安县', '0', 259, 0, '', 1, 0, '', NULL, 0),
(1690, '宜黄县', '0', 259, 0, '', 1, 0, '', NULL, 0),
(1691, '金溪县', '0', 259, 0, '', 1, 0, '', NULL, 0),
(1692, '资溪县', '0', 259, 0, '', 1, 0, '', NULL, 0),
(1693, '东乡县', '0', 259, 0, '', 1, 0, '', NULL, 0),
(1694, '广昌县', '0', 259, 0, '', 1, 0, '', NULL, 0),
(1695, '信州区', '0', 260, 0, '', 1, 0, '', NULL, 0),
(1696, '上饶县', '0', 260, 0, '', 1, 0, '', NULL, 0),
(1697, '广丰县', '0', 260, 0, '', 1, 0, '', NULL, 0),
(1698, '玉山县', '0', 260, 0, '', 1, 0, '', NULL, 0),
(1699, '铅山县', '0', 260, 0, '', 1, 0, '', NULL, 0),
(1700, '横峰县', '0', 260, 0, '', 1, 0, '', NULL, 0),
(1701, '弋阳县', '0', 260, 0, '', 1, 0, '', NULL, 0),
(1702, '余干县', '0', 260, 0, '', 1, 0, '', NULL, 0),
(1703, '鄱阳县', '0', 260, 0, '', 1, 0, '', NULL, 0),
(1704, '万年县', '0', 260, 0, '', 1, 0, '', NULL, 0),
(1705, '婺源县', '0', 260, 0, '', 1, 0, '', NULL, 0),
(1706, '德兴市', '0', 260, 0, '', 1, 0, '', NULL, 0),
(1707, '历下区', '0', 261, 0, '', 1, 0, '', NULL, 0),
(1708, '市中区', '0', 261, 0, '', 1, 0, '', NULL, 0),
(1709, '槐荫区', '0', 261, 0, '', 1, 0, '', NULL, 0),
(1710, '天桥区', '0', 261, 0, '', 1, 0, '', NULL, 0),
(1711, '历城区', '0', 261, 0, '', 1, 0, '', NULL, 0),
(1712, '长清区', '0', 261, 0, '', 1, 0, '', NULL, 0),
(1713, '平阴县', '0', 261, 0, '', 1, 0, '', NULL, 0),
(1714, '济阳县', '0', 261, 0, '', 1, 0, '', NULL, 0),
(1715, '商河县', '0', 261, 0, '', 1, 0, '', NULL, 0),
(1716, '章丘市', '0', 261, 0, '', 1, 0, '', NULL, 0),
(1717, '市南区', '0', 262, 0, '', 1, 0, '', NULL, 0),
(1718, '市北区', '0', 262, 0, '', 1, 0, '', NULL, 0),
(1719, '四方区', '0', 262, 0, '', 1, 0, '', NULL, 0),
(1720, '黄岛区', '0', 262, 0, '', 1, 0, '', NULL, 0),
(1721, '崂山区', '0', 262, 0, '', 1, 0, '', NULL, 0),
(1722, '李沧区', '0', 262, 0, '', 1, 0, '', NULL, 0),
(1723, '城阳区', '0', 262, 0, '', 1, 0, '', NULL, 0),
(1724, '胶州市', '0', 262, 0, '', 1, 0, '', NULL, 0),
(1725, '即墨市', '0', 262, 0, '', 1, 0, '', NULL, 0),
(1726, '平度市', '0', 262, 0, '', 1, 0, '', NULL, 0),
(1727, '胶南市', '0', 262, 0, '', 1, 0, '', NULL, 0),
(1728, '莱西市', '0', 262, 0, '', 1, 0, '', NULL, 0),
(1729, '淄川区', '0', 263, 0, '', 1, 0, '', NULL, 0),
(1730, '张店区', '0', 263, 0, '', 1, 0, '', NULL, 0),
(1731, '博山区', '0', 263, 0, '', 1, 0, '', NULL, 0),
(1732, '临淄区', '0', 263, 0, '', 1, 0, '', NULL, 0),
(1733, '周村区', '0', 263, 0, '', 1, 0, '', NULL, 0),
(1734, '桓台县', '0', 263, 0, '', 1, 0, '', NULL, 0),
(1735, '高青县', '0', 263, 0, '', 1, 0, '', NULL, 0),
(1736, '沂源县', '0', 263, 0, '', 1, 0, '', NULL, 0),
(1737, '市中区', '0', 264, 0, '', 1, 0, '', NULL, 0),
(1738, '薛城区', '0', 264, 0, '', 1, 0, '', NULL, 0),
(1739, '峄城区', '0', 264, 0, '', 1, 0, '', NULL, 0),
(1740, '台儿庄区', '0', 264, 0, '', 1, 0, '', NULL, 0),
(1741, '山亭区', '0', 264, 0, '', 1, 0, '', NULL, 0),
(1742, '滕州市', '0', 264, 0, '', 1, 0, '', NULL, 0),
(1743, '东营区', '0', 265, 0, '', 1, 0, '', NULL, 0),
(1744, '河口区', '0', 265, 0, '', 1, 0, '', NULL, 0),
(1745, '垦利县', '0', 265, 0, '', 1, 0, '', NULL, 0),
(1746, '利津县', '0', 265, 0, '', 1, 0, '', NULL, 0),
(1747, '广饶县', '0', 265, 0, '', 1, 0, '', NULL, 0),
(1748, '芝罘区', '0', 266, 0, '', 1, 0, '', NULL, 0),
(1749, '福山区', '0', 266, 0, '', 1, 0, '', NULL, 0),
(1750, '牟平区', '0', 266, 0, '', 1, 0, '', NULL, 0),
(1751, '莱山区', '0', 266, 0, '', 1, 0, '', NULL, 0),
(1752, '长岛县', '0', 266, 0, '', 1, 0, '', NULL, 0),
(1753, '龙口市', '0', 266, 0, '', 1, 0, '', NULL, 0),
(1754, '莱阳市', '0', 266, 0, '', 1, 0, '', NULL, 0),
(1755, '莱州市', '0', 266, 0, '', 1, 0, '', NULL, 0),
(1756, '蓬莱市', '0', 266, 0, '', 1, 0, '', NULL, 0),
(1757, '招远市', '0', 266, 0, '', 1, 0, '', NULL, 0),
(1758, '栖霞市', '0', 266, 0, '', 1, 0, '', NULL, 0),
(1759, '海阳市', '0', 266, 0, '', 1, 0, '', NULL, 0),
(1760, '潍城区', '0', 267, 0, '', 1, 0, '', NULL, 0),
(1761, '寒亭区', '0', 267, 0, '', 1, 0, '', NULL, 0),
(1762, '坊子区', '0', 267, 0, '', 1, 0, '', NULL, 0),
(1763, '奎文区', '0', 267, 0, '', 1, 0, '', NULL, 0),
(1764, '临朐县', '0', 267, 0, '', 1, 0, '', NULL, 0),
(1765, '昌乐县', '0', 267, 0, '', 1, 0, '', NULL, 0),
(1766, '青州市', '0', 267, 0, '', 1, 0, '', NULL, 0),
(1767, '诸城市', '0', 267, 0, '', 1, 0, '', NULL, 0),
(1768, '寿光市', '0', 267, 0, '', 1, 0, '', NULL, 0),
(1769, '安丘市', '0', 267, 0, '', 1, 0, '', NULL, 0),
(1770, '高密市', '0', 267, 0, '', 1, 0, '', NULL, 0),
(1771, '昌邑市', '0', 267, 0, '', 1, 0, '', NULL, 0),
(1772, '市中区', '0', 268, 0, '', 1, 0, '', NULL, 0),
(1773, '任城区', '0', 268, 0, '', 1, 0, '', NULL, 0),
(1774, '微山县', '0', 268, 0, '', 1, 0, '', NULL, 0),
(1775, '鱼台县', '0', 268, 0, '', 1, 0, '', NULL, 0),
(1776, '金乡县', '0', 268, 0, '', 1, 0, '', NULL, 0),
(1777, '嘉祥县', '0', 268, 0, '', 1, 0, '', NULL, 0),
(1778, '汶上县', '0', 268, 0, '', 1, 0, '', NULL, 0),
(1779, '泗水县', '0', 268, 0, '', 1, 0, '', NULL, 0),
(1780, '梁山县', '0', 268, 0, '', 1, 0, '', NULL, 0),
(1781, '曲阜市', '0', 268, 0, '', 1, 0, '', NULL, 0),
(1782, '兖州市', '0', 268, 0, '', 1, 0, '', NULL, 0),
(1783, '邹城市', '0', 268, 0, '', 1, 0, '', NULL, 0),
(1784, '泰山区', '0', 269, 0, '', 1, 0, '', NULL, 0),
(1785, '岱岳区', '0', 269, 0, '', 1, 0, '', NULL, 0),
(1786, '宁阳县', '0', 269, 0, '', 1, 0, '', NULL, 0),
(1787, '东平县', '0', 269, 0, '', 1, 0, '', NULL, 0),
(1788, '新泰市', '0', 269, 0, '', 1, 0, '', NULL, 0),
(1789, '肥城市', '0', 269, 0, '', 1, 0, '', NULL, 0),
(1790, '环翠区', '0', 270, 0, '', 1, 0, '', NULL, 0),
(1791, '文登市', '0', 270, 0, '', 1, 0, '', NULL, 0),
(1792, '荣成市', '0', 270, 0, '', 1, 0, '', NULL, 0),
(1793, '乳山市', '0', 270, 0, '', 1, 0, '', NULL, 0),
(1794, '东港区', '0', 271, 0, '', 1, 0, '', NULL, 0),
(1795, '岚山区', '0', 271, 0, '', 1, 0, '', NULL, 0),
(1796, '五莲县', '0', 271, 0, '', 1, 0, '', NULL, 0),
(1797, '莒县', '0', 271, 0, '', 1, 0, '', NULL, 0),
(1798, '莱城区', '0', 272, 0, '', 1, 0, '', NULL, 0),
(1799, '钢城区', '0', 272, 0, '', 1, 0, '', NULL, 0),
(1800, '兰山区', '0', 273, 0, '', 1, 0, '', NULL, 0),
(1801, '罗庄区', '0', 273, 0, '', 1, 0, '', NULL, 0),
(1802, '河东区', '0', 273, 0, '', 1, 0, '', NULL, 0),
(1803, '沂南县', '0', 273, 0, '', 1, 0, '', NULL, 0),
(1804, '郯城县', '0', 273, 0, '', 1, 0, '', NULL, 0),
(1805, '沂水县', '0', 273, 0, '', 1, 0, '', NULL, 0),
(1806, '苍山县', '0', 273, 0, '', 1, 0, '', NULL, 0),
(1807, '费县', '0', 273, 0, '', 1, 0, '', NULL, 0),
(1808, '平邑县', '0', 273, 0, '', 1, 0, '', NULL, 0),
(1809, '莒南县', '0', 273, 0, '', 1, 0, '', NULL, 0),
(1810, '蒙阴县', '0', 273, 0, '', 1, 0, '', NULL, 0),
(1811, '临沭县', '0', 273, 0, '', 1, 0, '', NULL, 0),
(1812, '德城区', '0', 274, 0, '', 1, 0, '', NULL, 0),
(1813, '陵县', '0', 274, 0, '', 1, 0, '', NULL, 0),
(1814, '宁津县', '0', 274, 0, '', 1, 0, '', NULL, 0),
(1815, '庆云县', '0', 274, 0, '', 1, 0, '', NULL, 0),
(1816, '临邑县', '0', 274, 0, '', 1, 0, '', NULL, 0),
(1817, '齐河县', '0', 274, 0, '', 1, 0, '', NULL, 0),
(1818, '平原县', '0', 274, 0, '', 1, 0, '', NULL, 0),
(1819, '夏津县', '0', 274, 0, '', 1, 0, '', NULL, 0),
(1820, '武城县', '0', 274, 0, '', 1, 0, '', NULL, 0),
(1821, '乐陵市', '0', 274, 0, '', 1, 0, '', NULL, 0),
(1822, '禹城市', '0', 274, 0, '', 1, 0, '', NULL, 0),
(1823, '东昌府区', '0', 275, 0, '', 1, 0, '', NULL, 0),
(1824, '阳谷县', '0', 275, 0, '', 1, 0, '', NULL, 0),
(1825, '莘县', '0', 275, 0, '', 1, 0, '', NULL, 0),
(1826, '茌平县', '0', 275, 0, '', 1, 0, '', NULL, 0);
INSERT INTO `v9_linkage` (`linkageid`, `name`, `style`, `parentid`, `child`, `arrchildid`, `keyid`, `listorder`, `description`, `setting`, `siteid`) VALUES
(1827, '东阿县', '0', 275, 0, '', 1, 0, '', NULL, 0),
(1828, '冠县', '0', 275, 0, '', 1, 0, '', NULL, 0),
(1829, '高唐县', '0', 275, 0, '', 1, 0, '', NULL, 0),
(1830, '临清市', '0', 275, 0, '', 1, 0, '', NULL, 0),
(1831, '滨城区', '0', 276, 0, '', 1, 0, '', NULL, 0),
(1832, '惠民县', '0', 276, 0, '', 1, 0, '', NULL, 0),
(1833, '阳信县', '0', 276, 0, '', 1, 0, '', NULL, 0),
(1834, '无棣县', '0', 276, 0, '', 1, 0, '', NULL, 0),
(1835, '沾化县', '0', 276, 0, '', 1, 0, '', NULL, 0),
(1836, '博兴县', '0', 276, 0, '', 1, 0, '', NULL, 0),
(1837, '邹平县', '0', 276, 0, '', 1, 0, '', NULL, 0),
(1838, '牡丹区', '0', 277, 0, '', 1, 0, '', NULL, 0),
(1839, '曹县', '0', 277, 0, '', 1, 0, '', NULL, 0),
(1840, '单县', '0', 277, 0, '', 1, 0, '', NULL, 0),
(1841, '成武县', '0', 277, 0, '', 1, 0, '', NULL, 0),
(1842, '巨野县', '0', 277, 0, '', 1, 0, '', NULL, 0),
(1843, '郓城县', '0', 277, 0, '', 1, 0, '', NULL, 0),
(1844, '鄄城县', '0', 277, 0, '', 1, 0, '', NULL, 0),
(1845, '定陶县', '0', 277, 0, '', 1, 0, '', NULL, 0),
(1846, '东明县', '0', 277, 0, '', 1, 0, '', NULL, 0),
(1847, '中原区', '0', 278, 0, '', 1, 0, '', NULL, 0),
(1848, '二七区', '0', 278, 0, '', 1, 0, '', NULL, 0),
(1849, '管城回族区', '0', 278, 0, '', 1, 0, '', NULL, 0),
(1850, '金水区', '0', 278, 0, '', 1, 0, '', NULL, 0),
(1851, '上街区', '0', 278, 0, '', 1, 0, '', NULL, 0),
(1852, '惠济区', '0', 278, 0, '', 1, 0, '', NULL, 0),
(1853, '中牟县', '0', 278, 0, '', 1, 0, '', NULL, 0),
(1854, '巩义市', '0', 278, 0, '', 1, 0, '', NULL, 0),
(1855, '荥阳市', '0', 278, 0, '', 1, 0, '', NULL, 0),
(1856, '新密市', '0', 278, 0, '', 1, 0, '', NULL, 0),
(1857, '新郑市', '0', 278, 0, '', 1, 0, '', NULL, 0),
(1858, '登封市', '0', 278, 0, '', 1, 0, '', NULL, 0),
(1859, '龙亭区', '0', 279, 0, '', 1, 0, '', NULL, 0),
(1860, '顺河回族区', '0', 279, 0, '', 1, 0, '', NULL, 0),
(1861, '鼓楼区', '0', 279, 0, '', 1, 0, '', NULL, 0),
(1862, '禹王台区', '0', 279, 0, '', 1, 0, '', NULL, 0),
(1863, '金明区', '0', 279, 0, '', 1, 0, '', NULL, 0),
(1864, '杞县', '0', 279, 0, '', 1, 0, '', NULL, 0),
(1865, '通许县', '0', 279, 0, '', 1, 0, '', NULL, 0),
(1866, '尉氏县', '0', 279, 0, '', 1, 0, '', NULL, 0),
(1867, '开封县', '0', 279, 0, '', 1, 0, '', NULL, 0),
(1868, '兰考县', '0', 279, 0, '', 1, 0, '', NULL, 0),
(1869, '老城区', '0', 280, 0, '', 1, 0, '', NULL, 0),
(1870, '西工区', '0', 280, 0, '', 1, 0, '', NULL, 0),
(1871, '廛河回族区', '0', 280, 0, '', 1, 0, '', NULL, 0),
(1872, '涧西区', '0', 280, 0, '', 1, 0, '', NULL, 0),
(1873, '吉利区', '0', 280, 0, '', 1, 0, '', NULL, 0),
(1874, '洛龙区', '0', 280, 0, '', 1, 0, '', NULL, 0),
(1875, '孟津县', '0', 280, 0, '', 1, 0, '', NULL, 0),
(1876, '新安县', '0', 280, 0, '', 1, 0, '', NULL, 0),
(1877, '栾川县', '0', 280, 0, '', 1, 0, '', NULL, 0),
(1878, '嵩县', '0', 280, 0, '', 1, 0, '', NULL, 0),
(1879, '汝阳县', '0', 280, 0, '', 1, 0, '', NULL, 0),
(1880, '宜阳县', '0', 280, 0, '', 1, 0, '', NULL, 0),
(1881, '洛宁县', '0', 280, 0, '', 1, 0, '', NULL, 0),
(1882, '伊川县', '0', 280, 0, '', 1, 0, '', NULL, 0),
(1883, '偃师市', '0', 280, 0, '', 1, 0, '', NULL, 0),
(1884, '新华区', '0', 281, 0, '', 1, 0, '', NULL, 0),
(1885, '卫东区', '0', 281, 0, '', 1, 0, '', NULL, 0),
(1886, '石龙区', '0', 281, 0, '', 1, 0, '', NULL, 0),
(1887, '湛河区', '0', 281, 0, '', 1, 0, '', NULL, 0),
(1888, '宝丰县', '0', 281, 0, '', 1, 0, '', NULL, 0),
(1889, '叶县', '0', 281, 0, '', 1, 0, '', NULL, 0),
(1890, '鲁山县', '0', 281, 0, '', 1, 0, '', NULL, 0),
(1891, '郏县', '0', 281, 0, '', 1, 0, '', NULL, 0),
(1892, '舞钢市', '0', 281, 0, '', 1, 0, '', NULL, 0),
(1893, '汝州市', '0', 281, 0, '', 1, 0, '', NULL, 0),
(1894, '文峰区', '0', 282, 0, '', 1, 0, '', NULL, 0),
(1895, '北关区', '0', 282, 0, '', 1, 0, '', NULL, 0),
(1896, '殷都区', '0', 282, 0, '', 1, 0, '', NULL, 0),
(1897, '龙安区', '0', 282, 0, '', 1, 0, '', NULL, 0),
(1898, '安阳县', '0', 282, 0, '', 1, 0, '', NULL, 0),
(1899, '汤阴县', '0', 282, 0, '', 1, 0, '', NULL, 0),
(1900, '滑县', '0', 282, 0, '', 1, 0, '', NULL, 0),
(1901, '内黄县', '0', 282, 0, '', 1, 0, '', NULL, 0),
(1902, '林州市', '0', 282, 0, '', 1, 0, '', NULL, 0),
(1903, '鹤山区', '0', 283, 0, '', 1, 0, '', NULL, 0),
(1904, '山城区', '0', 283, 0, '', 1, 0, '', NULL, 0),
(1905, '淇滨区', '0', 283, 0, '', 1, 0, '', NULL, 0),
(1906, '浚县', '0', 283, 0, '', 1, 0, '', NULL, 0),
(1907, '淇县', '0', 283, 0, '', 1, 0, '', NULL, 0),
(1908, '红旗区', '0', 284, 0, '', 1, 0, '', NULL, 0),
(1909, '卫滨区', '0', 284, 0, '', 1, 0, '', NULL, 0),
(1910, '凤泉区', '0', 284, 0, '', 1, 0, '', NULL, 0),
(1911, '牧野区', '0', 284, 0, '', 1, 0, '', NULL, 0),
(1912, '新乡县', '0', 284, 0, '', 1, 0, '', NULL, 0),
(1913, '获嘉县', '0', 284, 0, '', 1, 0, '', NULL, 0),
(1914, '原阳县', '0', 284, 0, '', 1, 0, '', NULL, 0),
(1915, '延津县', '0', 284, 0, '', 1, 0, '', NULL, 0),
(1916, '封丘县', '0', 284, 0, '', 1, 0, '', NULL, 0),
(1917, '长垣县', '0', 284, 0, '', 1, 0, '', NULL, 0),
(1918, '卫辉市', '0', 284, 0, '', 1, 0, '', NULL, 0),
(1919, '辉县市', '0', 284, 0, '', 1, 0, '', NULL, 0),
(1920, '解放区', '0', 285, 0, '', 1, 0, '', NULL, 0),
(1921, '中站区', '0', 285, 0, '', 1, 0, '', NULL, 0),
(1922, '马村区', '0', 285, 0, '', 1, 0, '', NULL, 0),
(1923, '山阳区', '0', 285, 0, '', 1, 0, '', NULL, 0),
(1924, '修武县', '0', 285, 0, '', 1, 0, '', NULL, 0),
(1925, '博爱县', '0', 285, 0, '', 1, 0, '', NULL, 0),
(1926, '武陟县', '0', 285, 0, '', 1, 0, '', NULL, 0),
(1927, '温县', '0', 285, 0, '', 1, 0, '', NULL, 0),
(1928, '济源市', '0', 285, 0, '', 1, 0, '', NULL, 0),
(1929, '沁阳市', '0', 285, 0, '', 1, 0, '', NULL, 0),
(1930, '孟州市', '0', 285, 0, '', 1, 0, '', NULL, 0),
(1931, '华龙区', '0', 286, 0, '', 1, 0, '', NULL, 0),
(1932, '清丰县', '0', 286, 0, '', 1, 0, '', NULL, 0),
(1933, '南乐县', '0', 286, 0, '', 1, 0, '', NULL, 0),
(1934, '范县', '0', 286, 0, '', 1, 0, '', NULL, 0),
(1935, '台前县', '0', 286, 0, '', 1, 0, '', NULL, 0),
(1936, '濮阳县', '0', 286, 0, '', 1, 0, '', NULL, 0),
(1937, '魏都区', '0', 287, 0, '', 1, 0, '', NULL, 0),
(1938, '许昌县', '0', 287, 0, '', 1, 0, '', NULL, 0),
(1939, '鄢陵县', '0', 287, 0, '', 1, 0, '', NULL, 0),
(1940, '襄城县', '0', 287, 0, '', 1, 0, '', NULL, 0),
(1941, '禹州市', '0', 287, 0, '', 1, 0, '', NULL, 0),
(1942, '长葛市', '0', 287, 0, '', 1, 0, '', NULL, 0),
(1943, '源汇区', '0', 288, 0, '', 1, 0, '', NULL, 0),
(1944, '郾城区', '0', 288, 0, '', 1, 0, '', NULL, 0),
(1945, '召陵区', '0', 288, 0, '', 1, 0, '', NULL, 0),
(1946, '舞阳县', '0', 288, 0, '', 1, 0, '', NULL, 0),
(1947, '临颍县', '0', 288, 0, '', 1, 0, '', NULL, 0),
(1948, '湖滨区', '0', 289, 0, '', 1, 0, '', NULL, 0),
(1949, '渑池县', '0', 289, 0, '', 1, 0, '', NULL, 0),
(1950, '陕县', '0', 289, 0, '', 1, 0, '', NULL, 0),
(1951, '卢氏县', '0', 289, 0, '', 1, 0, '', NULL, 0),
(1952, '义马市', '0', 289, 0, '', 1, 0, '', NULL, 0),
(1953, '灵宝市', '0', 289, 0, '', 1, 0, '', NULL, 0),
(1954, '宛城区', '0', 290, 0, '', 1, 0, '', NULL, 0),
(1955, '卧龙区', '0', 290, 0, '', 1, 0, '', NULL, 0),
(1956, '南召县', '0', 290, 0, '', 1, 0, '', NULL, 0),
(1957, '方城县', '0', 290, 0, '', 1, 0, '', NULL, 0),
(1958, '西峡县', '0', 290, 0, '', 1, 0, '', NULL, 0),
(1959, '镇平县', '0', 290, 0, '', 1, 0, '', NULL, 0),
(1960, '内乡县', '0', 290, 0, '', 1, 0, '', NULL, 0),
(1961, '淅川县', '0', 290, 0, '', 1, 0, '', NULL, 0),
(1962, '社旗县', '0', 290, 0, '', 1, 0, '', NULL, 0),
(1963, '唐河县', '0', 290, 0, '', 1, 0, '', NULL, 0),
(1964, '新野县', '0', 290, 0, '', 1, 0, '', NULL, 0),
(1965, '桐柏县', '0', 290, 0, '', 1, 0, '', NULL, 0),
(1966, '邓州市', '0', 290, 0, '', 1, 0, '', NULL, 0),
(1967, '梁园区', '0', 291, 0, '', 1, 0, '', NULL, 0),
(1968, '睢阳区', '0', 291, 0, '', 1, 0, '', NULL, 0),
(1969, '民权县', '0', 291, 0, '', 1, 0, '', NULL, 0),
(1970, '睢县', '0', 291, 0, '', 1, 0, '', NULL, 0),
(1971, '宁陵县', '0', 291, 0, '', 1, 0, '', NULL, 0),
(1972, '柘城县', '0', 291, 0, '', 1, 0, '', NULL, 0),
(1973, '虞城县', '0', 291, 0, '', 1, 0, '', NULL, 0),
(1974, '夏邑县', '0', 291, 0, '', 1, 0, '', NULL, 0),
(1975, '永城市', '0', 291, 0, '', 1, 0, '', NULL, 0),
(1976, '浉河区', '0', 292, 0, '', 1, 0, '', NULL, 0),
(1977, '平桥区', '0', 292, 0, '', 1, 0, '', NULL, 0),
(1978, '罗山县', '0', 292, 0, '', 1, 0, '', NULL, 0),
(1979, '光山县', '0', 292, 0, '', 1, 0, '', NULL, 0),
(1980, '新县', '0', 292, 0, '', 1, 0, '', NULL, 0),
(1981, '商城县', '0', 292, 0, '', 1, 0, '', NULL, 0),
(1982, '固始县', '0', 292, 0, '', 1, 0, '', NULL, 0),
(1983, '潢川县', '0', 292, 0, '', 1, 0, '', NULL, 0),
(1984, '淮滨县', '0', 292, 0, '', 1, 0, '', NULL, 0),
(1985, '息县', '0', 292, 0, '', 1, 0, '', NULL, 0),
(1986, '川汇区', '0', 293, 0, '', 1, 0, '', NULL, 0),
(1987, '扶沟县', '0', 293, 0, '', 1, 0, '', NULL, 0),
(1988, '西华县', '0', 293, 0, '', 1, 0, '', NULL, 0),
(1989, '商水县', '0', 293, 0, '', 1, 0, '', NULL, 0),
(1990, '沈丘县', '0', 293, 0, '', 1, 0, '', NULL, 0),
(1991, '郸城县', '0', 293, 0, '', 1, 0, '', NULL, 0),
(1992, '淮阳县', '0', 293, 0, '', 1, 0, '', NULL, 0),
(1993, '太康县', '0', 293, 0, '', 1, 0, '', NULL, 0),
(1994, '鹿邑县', '0', 293, 0, '', 1, 0, '', NULL, 0),
(1995, '项城市', '0', 293, 0, '', 1, 0, '', NULL, 0),
(1996, '驿城区', '0', 294, 0, '', 1, 0, '', NULL, 0),
(1997, '西平县', '0', 294, 0, '', 1, 0, '', NULL, 0),
(1998, '上蔡县', '0', 294, 0, '', 1, 0, '', NULL, 0),
(1999, '平舆县', '0', 294, 0, '', 1, 0, '', NULL, 0),
(2000, '正阳县', '0', 294, 0, '', 1, 0, '', NULL, 0),
(2001, '确山县', '0', 294, 0, '', 1, 0, '', NULL, 0),
(2002, '泌阳县', '0', 294, 0, '', 1, 0, '', NULL, 0),
(2003, '汝南县', '0', 294, 0, '', 1, 0, '', NULL, 0),
(2004, '遂平县', '0', 294, 0, '', 1, 0, '', NULL, 0),
(2005, '新蔡县', '0', 294, 0, '', 1, 0, '', NULL, 0),
(2006, '江岸区', '0', 295, 0, '', 1, 0, '', NULL, 0),
(2007, '江汉区', '0', 295, 0, '', 1, 0, '', NULL, 0),
(2008, '硚口区', '0', 295, 0, '', 1, 0, '', NULL, 0),
(2009, '汉阳区', '0', 295, 0, '', 1, 0, '', NULL, 0),
(2010, '武昌区', '0', 295, 0, '', 1, 0, '', NULL, 0),
(2011, '青山区', '0', 295, 0, '', 1, 0, '', NULL, 0),
(2012, '洪山区', '0', 295, 0, '', 1, 0, '', NULL, 0),
(2013, '东西湖区', '0', 295, 0, '', 1, 0, '', NULL, 0),
(2014, '汉南区', '0', 295, 0, '', 1, 0, '', NULL, 0),
(2015, '蔡甸区', '0', 295, 0, '', 1, 0, '', NULL, 0),
(2016, '江夏区', '0', 295, 0, '', 1, 0, '', NULL, 0),
(2017, '黄陂区', '0', 295, 0, '', 1, 0, '', NULL, 0),
(2018, '新洲区', '0', 295, 0, '', 1, 0, '', NULL, 0),
(2019, '黄石港区', '0', 296, 0, '', 1, 0, '', NULL, 0),
(2020, '西塞山区', '0', 296, 0, '', 1, 0, '', NULL, 0),
(2021, '下陆区', '0', 296, 0, '', 1, 0, '', NULL, 0),
(2022, '铁山区', '0', 296, 0, '', 1, 0, '', NULL, 0),
(2023, '阳新县', '0', 296, 0, '', 1, 0, '', NULL, 0),
(2024, '大冶市', '0', 296, 0, '', 1, 0, '', NULL, 0),
(2025, '茅箭区', '0', 297, 0, '', 1, 0, '', NULL, 0),
(2026, '张湾区', '0', 297, 0, '', 1, 0, '', NULL, 0),
(2027, '郧县', '0', 297, 0, '', 1, 0, '', NULL, 0),
(2028, '郧西县', '0', 297, 0, '', 1, 0, '', NULL, 0),
(2029, '竹山县', '0', 297, 0, '', 1, 0, '', NULL, 0),
(2030, '竹溪县', '0', 297, 0, '', 1, 0, '', NULL, 0),
(2031, '房县', '0', 297, 0, '', 1, 0, '', NULL, 0),
(2032, '丹江口市', '0', 297, 0, '', 1, 0, '', NULL, 0),
(2033, '西陵区', '0', 298, 0, '', 1, 0, '', NULL, 0),
(2034, '伍家岗区', '0', 298, 0, '', 1, 0, '', NULL, 0),
(2035, '点军区', '0', 298, 0, '', 1, 0, '', NULL, 0),
(2036, '猇亭区', '0', 298, 0, '', 1, 0, '', NULL, 0),
(2037, '夷陵区', '0', 298, 0, '', 1, 0, '', NULL, 0),
(2038, '远安县', '0', 298, 0, '', 1, 0, '', NULL, 0),
(2039, '兴山县', '0', 298, 0, '', 1, 0, '', NULL, 0),
(2040, '秭归县', '0', 298, 0, '', 1, 0, '', NULL, 0),
(2041, '长阳土家族自治县', '0', 298, 0, '', 1, 0, '', NULL, 0),
(2042, '五峰土家族自治县', '0', 298, 0, '', 1, 0, '', NULL, 0),
(2043, '宜都市', '0', 298, 0, '', 1, 0, '', NULL, 0),
(2044, '当阳市', '0', 298, 0, '', 1, 0, '', NULL, 0),
(2045, '枝江市', '0', 298, 0, '', 1, 0, '', NULL, 0),
(2046, '襄城区', '0', 299, 0, '', 1, 0, '', NULL, 0),
(2047, '樊城区', '0', 299, 0, '', 1, 0, '', NULL, 0),
(2048, '襄阳区', '0', 299, 0, '', 1, 0, '', NULL, 0),
(2049, '南漳县', '0', 299, 0, '', 1, 0, '', NULL, 0),
(2050, '谷城县', '0', 299, 0, '', 1, 0, '', NULL, 0),
(2051, '保康县', '0', 299, 0, '', 1, 0, '', NULL, 0),
(2052, '老河口市', '0', 299, 0, '', 1, 0, '', NULL, 0),
(2053, '枣阳市', '0', 299, 0, '', 1, 0, '', NULL, 0),
(2054, '宜城市', '0', 299, 0, '', 1, 0, '', NULL, 0),
(2055, '梁子湖区', '0', 300, 0, '', 1, 0, '', NULL, 0),
(2056, '华容区', '0', 300, 0, '', 1, 0, '', NULL, 0),
(2057, '鄂城区', '0', 300, 0, '', 1, 0, '', NULL, 0),
(2058, '东宝区', '0', 301, 0, '', 1, 0, '', NULL, 0),
(2059, '掇刀区', '0', 301, 0, '', 1, 0, '', NULL, 0),
(2060, '京山县', '0', 301, 0, '', 1, 0, '', NULL, 0),
(2061, '沙洋县', '0', 301, 0, '', 1, 0, '', NULL, 0),
(2062, '钟祥市', '0', 301, 0, '', 1, 0, '', NULL, 0),
(2063, '孝南区', '0', 302, 0, '', 1, 0, '', NULL, 0),
(2064, '孝昌县', '0', 302, 0, '', 1, 0, '', NULL, 0),
(2065, '大悟县', '0', 302, 0, '', 1, 0, '', NULL, 0),
(2066, '云梦县', '0', 302, 0, '', 1, 0, '', NULL, 0),
(2067, '应城市', '0', 302, 0, '', 1, 0, '', NULL, 0),
(2068, '安陆市', '0', 302, 0, '', 1, 0, '', NULL, 0),
(2069, '汉川市', '0', 302, 0, '', 1, 0, '', NULL, 0),
(2070, '沙市区', '0', 303, 0, '', 1, 0, '', NULL, 0),
(2071, '荆州区', '0', 303, 0, '', 1, 0, '', NULL, 0),
(2072, '公安县', '0', 303, 0, '', 1, 0, '', NULL, 0),
(2073, '监利县', '0', 303, 0, '', 1, 0, '', NULL, 0),
(2074, '江陵县', '0', 303, 0, '', 1, 0, '', NULL, 0),
(2075, '石首市', '0', 303, 0, '', 1, 0, '', NULL, 0),
(2076, '洪湖市', '0', 303, 0, '', 1, 0, '', NULL, 0),
(2077, '松滋市', '0', 303, 0, '', 1, 0, '', NULL, 0),
(2078, '黄州区', '0', 304, 0, '', 1, 0, '', NULL, 0),
(2079, '团风县', '0', 304, 0, '', 1, 0, '', NULL, 0),
(2080, '红安县', '0', 304, 0, '', 1, 0, '', NULL, 0),
(2081, '罗田县', '0', 304, 0, '', 1, 0, '', NULL, 0),
(2082, '英山县', '0', 304, 0, '', 1, 0, '', NULL, 0),
(2083, '浠水县', '0', 304, 0, '', 1, 0, '', NULL, 0),
(2084, '蕲春县', '0', 304, 0, '', 1, 0, '', NULL, 0),
(2085, '黄梅县', '0', 304, 0, '', 1, 0, '', NULL, 0),
(2086, '麻城市', '0', 304, 0, '', 1, 0, '', NULL, 0),
(2087, '武穴市', '0', 304, 0, '', 1, 0, '', NULL, 0),
(2088, '咸安区', '0', 305, 0, '', 1, 0, '', NULL, 0),
(2089, '嘉鱼县', '0', 305, 0, '', 1, 0, '', NULL, 0),
(2090, '通城县', '0', 305, 0, '', 1, 0, '', NULL, 0),
(2091, '崇阳县', '0', 305, 0, '', 1, 0, '', NULL, 0),
(2092, '通山县', '0', 305, 0, '', 1, 0, '', NULL, 0),
(2093, '赤壁市', '0', 305, 0, '', 1, 0, '', NULL, 0),
(2094, '曾都区', '0', 306, 0, '', 1, 0, '', NULL, 0),
(2095, '广水市', '0', 306, 0, '', 1, 0, '', NULL, 0),
(2096, '恩施市', '0', 307, 0, '', 1, 0, '', NULL, 0),
(2097, '利川市', '0', 307, 0, '', 1, 0, '', NULL, 0),
(2098, '建始县', '0', 307, 0, '', 1, 0, '', NULL, 0),
(2099, '巴东县', '0', 307, 0, '', 1, 0, '', NULL, 0),
(2100, '宣恩县', '0', 307, 0, '', 1, 0, '', NULL, 0),
(2101, '咸丰县', '0', 307, 0, '', 1, 0, '', NULL, 0),
(2102, '来凤县', '0', 307, 0, '', 1, 0, '', NULL, 0),
(2103, '鹤峰县', '0', 307, 0, '', 1, 0, '', NULL, 0),
(2104, '芙蓉区', '0', 312, 0, '', 1, 0, '', NULL, 0),
(2105, '天心区', '0', 312, 0, '', 1, 0, '', NULL, 0),
(2106, '岳麓区', '0', 312, 0, '', 1, 0, '', NULL, 0),
(2107, '开福区', '0', 312, 0, '', 1, 0, '', NULL, 0),
(2108, '雨花区', '0', 312, 0, '', 1, 0, '', NULL, 0),
(2109, '长沙县', '0', 312, 0, '', 1, 0, '', NULL, 0),
(2110, '望城县', '0', 312, 0, '', 1, 0, '', NULL, 0),
(2111, '宁乡县', '0', 312, 0, '', 1, 0, '', NULL, 0),
(2112, '浏阳市', '0', 312, 0, '', 1, 0, '', NULL, 0),
(2113, '荷塘区', '0', 313, 0, '', 1, 0, '', NULL, 0),
(2114, '芦淞区', '0', 313, 0, '', 1, 0, '', NULL, 0),
(2115, '石峰区', '0', 313, 0, '', 1, 0, '', NULL, 0),
(2116, '天元区', '0', 313, 0, '', 1, 0, '', NULL, 0),
(2117, '株洲县', '0', 313, 0, '', 1, 0, '', NULL, 0),
(2118, '攸县', '0', 313, 0, '', 1, 0, '', NULL, 0),
(2119, '茶陵县', '0', 313, 0, '', 1, 0, '', NULL, 0),
(2120, '炎陵县', '0', 313, 0, '', 1, 0, '', NULL, 0),
(2121, '醴陵市', '0', 313, 0, '', 1, 0, '', NULL, 0),
(2122, '雨湖区', '0', 314, 0, '', 1, 0, '', NULL, 0),
(2123, '岳塘区', '0', 314, 0, '', 1, 0, '', NULL, 0),
(2124, '湘潭县', '0', 314, 0, '', 1, 0, '', NULL, 0),
(2125, '湘乡市', '0', 314, 0, '', 1, 0, '', NULL, 0),
(2126, '韶山市', '0', 314, 0, '', 1, 0, '', NULL, 0),
(2127, '珠晖区', '0', 315, 0, '', 1, 0, '', NULL, 0),
(2128, '雁峰区', '0', 315, 0, '', 1, 0, '', NULL, 0),
(2129, '石鼓区', '0', 315, 0, '', 1, 0, '', NULL, 0),
(2130, '蒸湘区', '0', 315, 0, '', 1, 0, '', NULL, 0),
(2131, '南岳区', '0', 315, 0, '', 1, 0, '', NULL, 0),
(2132, '衡阳县', '0', 315, 0, '', 1, 0, '', NULL, 0),
(2133, '衡南县', '0', 315, 0, '', 1, 0, '', NULL, 0),
(2134, '衡山县', '0', 315, 0, '', 1, 0, '', NULL, 0),
(2135, '衡东县', '0', 315, 0, '', 1, 0, '', NULL, 0),
(2136, '祁东县', '0', 315, 0, '', 1, 0, '', NULL, 0),
(2137, '耒阳市', '0', 315, 0, '', 1, 0, '', NULL, 0),
(2138, '常宁市', '0', 315, 0, '', 1, 0, '', NULL, 0),
(2139, '双清区', '0', 316, 0, '', 1, 0, '', NULL, 0),
(2140, '大祥区', '0', 316, 0, '', 1, 0, '', NULL, 0),
(2141, '北塔区', '0', 316, 0, '', 1, 0, '', NULL, 0),
(2142, '邵东县', '0', 316, 0, '', 1, 0, '', NULL, 0),
(2143, '新邵县', '0', 316, 0, '', 1, 0, '', NULL, 0),
(2144, '邵阳县', '0', 316, 0, '', 1, 0, '', NULL, 0),
(2145, '隆回县', '0', 316, 0, '', 1, 0, '', NULL, 0),
(2146, '洞口县', '0', 316, 0, '', 1, 0, '', NULL, 0),
(2147, '绥宁县', '0', 316, 0, '', 1, 0, '', NULL, 0),
(2148, '新宁县', '0', 316, 0, '', 1, 0, '', NULL, 0),
(2149, '城步苗族自治县', '0', 316, 0, '', 1, 0, '', NULL, 0),
(2150, '武冈市', '0', 316, 0, '', 1, 0, '', NULL, 0),
(2151, '岳阳楼区', '0', 317, 0, '', 1, 0, '', NULL, 0),
(2152, '云溪区', '0', 317, 0, '', 1, 0, '', NULL, 0),
(2153, '君山区', '0', 317, 0, '', 1, 0, '', NULL, 0),
(2154, '岳阳县', '0', 317, 0, '', 1, 0, '', NULL, 0),
(2155, '华容县', '0', 317, 0, '', 1, 0, '', NULL, 0),
(2156, '湘阴县', '0', 317, 0, '', 1, 0, '', NULL, 0),
(2157, '平江县', '0', 317, 0, '', 1, 0, '', NULL, 0),
(2158, '汨罗市', '0', 317, 0, '', 1, 0, '', NULL, 0),
(2159, '临湘市', '0', 317, 0, '', 1, 0, '', NULL, 0),
(2160, '武陵区', '0', 318, 0, '', 1, 0, '', NULL, 0),
(2161, '鼎城区', '0', 318, 0, '', 1, 0, '', NULL, 0),
(2162, '安乡县', '0', 318, 0, '', 1, 0, '', NULL, 0),
(2163, '汉寿县', '0', 318, 0, '', 1, 0, '', NULL, 0),
(2164, '澧县', '0', 318, 0, '', 1, 0, '', NULL, 0),
(2165, '临澧县', '0', 318, 0, '', 1, 0, '', NULL, 0),
(2166, '桃源县', '0', 318, 0, '', 1, 0, '', NULL, 0),
(2167, '石门县', '0', 318, 0, '', 1, 0, '', NULL, 0),
(2168, '津市市', '0', 318, 0, '', 1, 0, '', NULL, 0),
(2169, '永定区', '0', 319, 0, '', 1, 0, '', NULL, 0),
(2170, '武陵源区', '0', 319, 0, '', 1, 0, '', NULL, 0),
(2171, '慈利县', '0', 319, 0, '', 1, 0, '', NULL, 0),
(2172, '桑植县', '0', 319, 0, '', 1, 0, '', NULL, 0),
(2173, '资阳区', '0', 320, 0, '', 1, 0, '', NULL, 0),
(2174, '赫山区', '0', 320, 0, '', 1, 0, '', NULL, 0),
(2175, '南县', '0', 320, 0, '', 1, 0, '', NULL, 0),
(2176, '桃江县', '0', 320, 0, '', 1, 0, '', NULL, 0),
(2177, '安化县', '0', 320, 0, '', 1, 0, '', NULL, 0),
(2178, '沅江市', '0', 320, 0, '', 1, 0, '', NULL, 0),
(2179, '北湖区', '0', 321, 0, '', 1, 0, '', NULL, 0),
(2180, '苏仙区', '0', 321, 0, '', 1, 0, '', NULL, 0),
(2181, '桂阳县', '0', 321, 0, '', 1, 0, '', NULL, 0),
(2182, '宜章县', '0', 321, 0, '', 1, 0, '', NULL, 0),
(2183, '永兴县', '0', 321, 0, '', 1, 0, '', NULL, 0),
(2184, '嘉禾县', '0', 321, 0, '', 1, 0, '', NULL, 0),
(2185, '临武县', '0', 321, 0, '', 1, 0, '', NULL, 0),
(2186, '汝城县', '0', 321, 0, '', 1, 0, '', NULL, 0),
(2187, '桂东县', '0', 321, 0, '', 1, 0, '', NULL, 0),
(2188, '安仁县', '0', 321, 0, '', 1, 0, '', NULL, 0),
(2189, '资兴市', '0', 321, 0, '', 1, 0, '', NULL, 0),
(2190, '零陵区', '0', 322, 0, '', 1, 0, '', NULL, 0),
(2191, '冷水滩区', '0', 322, 0, '', 1, 0, '', NULL, 0),
(2192, '祁阳县', '0', 322, 0, '', 1, 0, '', NULL, 0),
(2193, '东安县', '0', 322, 0, '', 1, 0, '', NULL, 0),
(2194, '双牌县', '0', 322, 0, '', 1, 0, '', NULL, 0),
(2195, '道县', '0', 322, 0, '', 1, 0, '', NULL, 0),
(2196, '江永县', '0', 322, 0, '', 1, 0, '', NULL, 0),
(2197, '宁远县', '0', 322, 0, '', 1, 0, '', NULL, 0),
(2198, '蓝山县', '0', 322, 0, '', 1, 0, '', NULL, 0),
(2199, '新田县', '0', 322, 0, '', 1, 0, '', NULL, 0),
(2200, '江华瑶族自治县', '0', 322, 0, '', 1, 0, '', NULL, 0),
(2201, '鹤城区', '0', 323, 0, '', 1, 0, '', NULL, 0),
(2202, '中方县', '0', 323, 0, '', 1, 0, '', NULL, 0),
(2203, '沅陵县', '0', 323, 0, '', 1, 0, '', NULL, 0),
(2204, '辰溪县', '0', 323, 0, '', 1, 0, '', NULL, 0),
(2205, '溆浦县', '0', 323, 0, '', 1, 0, '', NULL, 0),
(2206, '会同县', '0', 323, 0, '', 1, 0, '', NULL, 0),
(2207, '麻阳苗族自治县', '0', 323, 0, '', 1, 0, '', NULL, 0),
(2208, '新晃侗族自治县', '0', 323, 0, '', 1, 0, '', NULL, 0),
(2209, '芷江侗族自治县', '0', 323, 0, '', 1, 0, '', NULL, 0),
(2210, '靖州苗族侗族自治县', '0', 323, 0, '', 1, 0, '', NULL, 0),
(2211, '通道侗族自治县', '0', 323, 0, '', 1, 0, '', NULL, 0),
(2212, '洪江市', '0', 323, 0, '', 1, 0, '', NULL, 0),
(2213, '娄星区', '0', 324, 0, '', 1, 0, '', NULL, 0),
(2214, '双峰县', '0', 324, 0, '', 1, 0, '', NULL, 0),
(2215, '新化县', '0', 324, 0, '', 1, 0, '', NULL, 0),
(2216, '冷水江市', '0', 324, 0, '', 1, 0, '', NULL, 0),
(2217, '涟源市', '0', 324, 0, '', 1, 0, '', NULL, 0),
(2218, '吉首市', '0', 325, 0, '', 1, 0, '', NULL, 0),
(2219, '泸溪县', '0', 325, 0, '', 1, 0, '', NULL, 0),
(2220, '凤凰县', '0', 325, 0, '', 1, 0, '', NULL, 0),
(2221, '花垣县', '0', 325, 0, '', 1, 0, '', NULL, 0),
(2222, '保靖县', '0', 325, 0, '', 1, 0, '', NULL, 0),
(2223, '古丈县', '0', 325, 0, '', 1, 0, '', NULL, 0),
(2224, '永顺县', '0', 325, 0, '', 1, 0, '', NULL, 0),
(2225, '龙山县', '0', 325, 0, '', 1, 0, '', NULL, 0),
(2226, '荔湾区', '0', 326, 0, '', 1, 0, '', NULL, 0),
(2227, '越秀区', '0', 326, 0, '', 1, 0, '', NULL, 0),
(2228, '海珠区', '0', 326, 0, '', 1, 0, '', NULL, 0),
(2229, '天河区', '0', 326, 0, '', 1, 0, '', NULL, 0),
(2230, '白云区', '0', 326, 0, '', 1, 0, '', NULL, 0),
(2231, '黄埔区', '0', 326, 0, '', 1, 0, '', NULL, 0),
(2232, '番禺区', '0', 326, 0, '', 1, 0, '', NULL, 0),
(2233, '花都区', '0', 326, 0, '', 1, 0, '', NULL, 0),
(2234, '南沙区', '0', 326, 0, '', 1, 0, '', NULL, 0),
(2235, '萝岗区', '0', 326, 0, '', 1, 0, '', NULL, 0),
(2236, '增城市', '0', 326, 0, '', 1, 0, '', NULL, 0),
(2237, '从化市', '0', 326, 0, '', 1, 0, '', NULL, 0),
(2238, '武江区', '0', 327, 0, '', 1, 0, '', NULL, 0),
(2239, '浈江区', '0', 327, 0, '', 1, 0, '', NULL, 0),
(2240, '曲江区', '0', 327, 0, '', 1, 0, '', NULL, 0),
(2241, '始兴县', '0', 327, 0, '', 1, 0, '', NULL, 0),
(2242, '仁化县', '0', 327, 0, '', 1, 0, '', NULL, 0),
(2243, '翁源县', '0', 327, 0, '', 1, 0, '', NULL, 0),
(2244, '乳源瑶族自治县', '0', 327, 0, '', 1, 0, '', NULL, 0),
(2245, '新丰县', '0', 327, 0, '', 1, 0, '', NULL, 0),
(2246, '乐昌市', '0', 327, 0, '', 1, 0, '', NULL, 0),
(2247, '南雄市', '0', 327, 0, '', 1, 0, '', NULL, 0),
(2248, '罗湖区', '0', 328, 0, '', 1, 0, '', NULL, 0),
(2249, '福田区', '0', 328, 0, '', 1, 0, '', NULL, 0),
(2250, '南山区', '0', 328, 0, '', 1, 0, '', NULL, 0),
(2251, '宝安区', '0', 328, 0, '', 1, 0, '', NULL, 0),
(2252, '龙岗区', '0', 328, 0, '', 1, 0, '', NULL, 0),
(2253, '盐田区', '0', 328, 0, '', 1, 0, '', NULL, 0),
(2254, '香洲区', '0', 329, 0, '', 1, 0, '', NULL, 0),
(2255, '斗门区', '0', 329, 0, '', 1, 0, '', NULL, 0),
(2256, '金湾区', '0', 329, 0, '', 1, 0, '', NULL, 0),
(2257, '龙湖区', '0', 330, 0, '', 1, 0, '', NULL, 0),
(2258, '金平区', '0', 330, 0, '', 1, 0, '', NULL, 0),
(2259, '濠江区', '0', 330, 0, '', 1, 0, '', NULL, 0),
(2260, '潮阳区', '0', 330, 0, '', 1, 0, '', NULL, 0),
(2261, '潮南区', '0', 330, 0, '', 1, 0, '', NULL, 0),
(2262, '澄海区', '0', 330, 0, '', 1, 0, '', NULL, 0),
(2263, '南澳县', '0', 330, 0, '', 1, 0, '', NULL, 0),
(2264, '禅城区', '0', 331, 0, '', 1, 0, '', NULL, 0),
(2265, '南海区', '0', 331, 0, '', 1, 0, '', NULL, 0),
(2266, '顺德区', '0', 331, 0, '', 1, 0, '', NULL, 0),
(2267, '三水区', '0', 331, 0, '', 1, 0, '', NULL, 0),
(2268, '高明区', '0', 331, 0, '', 1, 0, '', NULL, 0),
(2269, '蓬江区', '0', 332, 0, '', 1, 0, '', NULL, 0),
(2270, '江海区', '0', 332, 0, '', 1, 0, '', NULL, 0),
(2271, '新会区', '0', 332, 0, '', 1, 0, '', NULL, 0),
(2272, '台山市', '0', 332, 0, '', 1, 0, '', NULL, 0),
(2273, '开平市', '0', 332, 0, '', 1, 0, '', NULL, 0),
(2274, '鹤山市', '0', 332, 0, '', 1, 0, '', NULL, 0),
(2275, '恩平市', '0', 332, 0, '', 1, 0, '', NULL, 0),
(2276, '赤坎区', '0', 333, 0, '', 1, 0, '', NULL, 0),
(2277, '霞山区', '0', 333, 0, '', 1, 0, '', NULL, 0),
(2278, '坡头区', '0', 333, 0, '', 1, 0, '', NULL, 0),
(2279, '麻章区', '0', 333, 0, '', 1, 0, '', NULL, 0),
(2280, '遂溪县', '0', 333, 0, '', 1, 0, '', NULL, 0),
(2281, '徐闻县', '0', 333, 0, '', 1, 0, '', NULL, 0),
(2282, '廉江市', '0', 333, 0, '', 1, 0, '', NULL, 0),
(2283, '雷州市', '0', 333, 0, '', 1, 0, '', NULL, 0),
(2284, '吴川市', '0', 333, 0, '', 1, 0, '', NULL, 0),
(2285, '茂南区', '0', 334, 0, '', 1, 0, '', NULL, 0),
(2286, '茂港区', '0', 334, 0, '', 1, 0, '', NULL, 0),
(2287, '电白县', '0', 334, 0, '', 1, 0, '', NULL, 0),
(2288, '高州市', '0', 334, 0, '', 1, 0, '', NULL, 0),
(2289, '化州市', '0', 334, 0, '', 1, 0, '', NULL, 0),
(2290, '信宜市', '0', 334, 0, '', 1, 0, '', NULL, 0),
(2291, '端州区', '0', 335, 0, '', 1, 0, '', NULL, 0),
(2292, '鼎湖区', '0', 335, 0, '', 1, 0, '', NULL, 0),
(2293, '广宁县', '0', 335, 0, '', 1, 0, '', NULL, 0),
(2294, '怀集县', '0', 335, 0, '', 1, 0, '', NULL, 0),
(2295, '封开县', '0', 335, 0, '', 1, 0, '', NULL, 0),
(2296, '德庆县', '0', 335, 0, '', 1, 0, '', NULL, 0),
(2297, '高要市', '0', 335, 0, '', 1, 0, '', NULL, 0),
(2298, '四会市', '0', 335, 0, '', 1, 0, '', NULL, 0),
(2299, '惠城区', '0', 336, 0, '', 1, 0, '', NULL, 0),
(2300, '惠阳区', '0', 336, 0, '', 1, 0, '', NULL, 0),
(2301, '博罗县', '0', 336, 0, '', 1, 0, '', NULL, 0),
(2302, '惠东县', '0', 336, 0, '', 1, 0, '', NULL, 0),
(2303, '龙门县', '0', 336, 0, '', 1, 0, '', NULL, 0),
(2304, '梅江区', '0', 337, 0, '', 1, 0, '', NULL, 0),
(2305, '梅县', '0', 337, 0, '', 1, 0, '', NULL, 0),
(2306, '大埔县', '0', 337, 0, '', 1, 0, '', NULL, 0),
(2307, '丰顺县', '0', 337, 0, '', 1, 0, '', NULL, 0),
(2308, '五华县', '0', 337, 0, '', 1, 0, '', NULL, 0),
(2309, '平远县', '0', 337, 0, '', 1, 0, '', NULL, 0),
(2310, '蕉岭县', '0', 337, 0, '', 1, 0, '', NULL, 0),
(2311, '兴宁市', '0', 337, 0, '', 1, 0, '', NULL, 0),
(2312, '城区', '0', 338, 0, '', 1, 0, '', NULL, 0),
(2313, '海丰县', '0', 338, 0, '', 1, 0, '', NULL, 0),
(2314, '陆河县', '0', 338, 0, '', 1, 0, '', NULL, 0),
(2315, '陆丰市', '0', 338, 0, '', 1, 0, '', NULL, 0),
(2316, '源城区', '0', 339, 0, '', 1, 0, '', NULL, 0),
(2317, '紫金县', '0', 339, 0, '', 1, 0, '', NULL, 0),
(2318, '龙川县', '0', 339, 0, '', 1, 0, '', NULL, 0),
(2319, '连平县', '0', 339, 0, '', 1, 0, '', NULL, 0),
(2320, '和平县', '0', 339, 0, '', 1, 0, '', NULL, 0),
(2321, '东源县', '0', 339, 0, '', 1, 0, '', NULL, 0),
(2322, '江城区', '0', 340, 0, '', 1, 0, '', NULL, 0),
(2323, '阳西县', '0', 340, 0, '', 1, 0, '', NULL, 0),
(2324, '阳东县', '0', 340, 0, '', 1, 0, '', NULL, 0),
(2325, '阳春市', '0', 340, 0, '', 1, 0, '', NULL, 0),
(2326, '清城区', '0', 341, 0, '', 1, 0, '', NULL, 0),
(2327, '佛冈县', '0', 341, 0, '', 1, 0, '', NULL, 0),
(2328, '阳山县', '0', 341, 0, '', 1, 0, '', NULL, 0),
(2329, '连山壮族瑶族自治县', '0', 341, 0, '', 1, 0, '', NULL, 0),
(2330, '连南瑶族自治县', '0', 341, 0, '', 1, 0, '', NULL, 0),
(2331, '清新县', '0', 341, 0, '', 1, 0, '', NULL, 0),
(2332, '英德市', '0', 341, 0, '', 1, 0, '', NULL, 0),
(2333, '连州市', '0', 341, 0, '', 1, 0, '', NULL, 0),
(2334, '湘桥区', '0', 344, 0, '', 1, 0, '', NULL, 0),
(2335, '潮安县', '0', 344, 0, '', 1, 0, '', NULL, 0),
(2336, '饶平县', '0', 344, 0, '', 1, 0, '', NULL, 0),
(2337, '榕城区', '0', 345, 0, '', 1, 0, '', NULL, 0),
(2338, '揭东县', '0', 345, 0, '', 1, 0, '', NULL, 0),
(2339, '揭西县', '0', 345, 0, '', 1, 0, '', NULL, 0),
(2340, '惠来县', '0', 345, 0, '', 1, 0, '', NULL, 0),
(2341, '普宁市', '0', 345, 0, '', 1, 0, '', NULL, 0),
(2342, '云城区', '0', 346, 0, '', 1, 0, '', NULL, 0),
(2343, '新兴县', '0', 346, 0, '', 1, 0, '', NULL, 0),
(2344, '郁南县', '0', 346, 0, '', 1, 0, '', NULL, 0),
(2345, '云安县', '0', 346, 0, '', 1, 0, '', NULL, 0),
(2346, '罗定市', '0', 346, 0, '', 1, 0, '', NULL, 0),
(2347, '兴宁区', '0', 347, 0, '', 1, 0, '', NULL, 0),
(2348, '青秀区', '0', 347, 0, '', 1, 0, '', NULL, 0),
(2349, '江南区', '0', 347, 0, '', 1, 0, '', NULL, 0),
(2350, '西乡塘区', '0', 347, 0, '', 1, 0, '', NULL, 0),
(2351, '良庆区', '0', 347, 0, '', 1, 0, '', NULL, 0),
(2352, '邕宁区', '0', 347, 0, '', 1, 0, '', NULL, 0),
(2353, '武鸣县', '0', 347, 0, '', 1, 0, '', NULL, 0),
(2354, '隆安县', '0', 347, 0, '', 1, 0, '', NULL, 0),
(2355, '马山县', '0', 347, 0, '', 1, 0, '', NULL, 0),
(2356, '上林县', '0', 347, 0, '', 1, 0, '', NULL, 0),
(2357, '宾阳县', '0', 347, 0, '', 1, 0, '', NULL, 0),
(2358, '横县', '0', 347, 0, '', 1, 0, '', NULL, 0),
(2359, '城中区', '0', 348, 0, '', 1, 0, '', NULL, 0),
(2360, '鱼峰区', '0', 348, 0, '', 1, 0, '', NULL, 0),
(2361, '柳南区', '0', 348, 0, '', 1, 0, '', NULL, 0),
(2362, '柳北区', '0', 348, 0, '', 1, 0, '', NULL, 0),
(2363, '柳江县', '0', 348, 0, '', 1, 0, '', NULL, 0),
(2364, '柳城县', '0', 348, 0, '', 1, 0, '', NULL, 0),
(2365, '鹿寨县', '0', 348, 0, '', 1, 0, '', NULL, 0),
(2366, '融安县', '0', 348, 0, '', 1, 0, '', NULL, 0),
(2367, '融水苗族自治县', '0', 348, 0, '', 1, 0, '', NULL, 0),
(2368, '三江侗族自治县', '0', 348, 0, '', 1, 0, '', NULL, 0),
(2369, '秀峰区', '0', 349, 0, '', 1, 0, '', NULL, 0),
(2370, '叠彩区', '0', 349, 0, '', 1, 0, '', NULL, 0),
(2371, '象山区', '0', 349, 0, '', 1, 0, '', NULL, 0),
(2372, '七星区', '0', 349, 0, '', 1, 0, '', NULL, 0),
(2373, '雁山区', '0', 349, 0, '', 1, 0, '', NULL, 0),
(2374, '阳朔县', '0', 349, 0, '', 1, 0, '', NULL, 0),
(2375, '临桂县', '0', 349, 0, '', 1, 0, '', NULL, 0),
(2376, '灵川县', '0', 349, 0, '', 1, 0, '', NULL, 0),
(2377, '全州县', '0', 349, 0, '', 1, 0, '', NULL, 0),
(2378, '兴安县', '0', 349, 0, '', 1, 0, '', NULL, 0),
(2379, '永福县', '0', 349, 0, '', 1, 0, '', NULL, 0),
(2380, '灌阳县', '0', 349, 0, '', 1, 0, '', NULL, 0),
(2381, '龙胜各族自治县', '0', 349, 0, '', 1, 0, '', NULL, 0),
(2382, '资源县', '0', 349, 0, '', 1, 0, '', NULL, 0),
(2383, '平乐县', '0', 349, 0, '', 1, 0, '', NULL, 0),
(2384, '荔蒲县', '0', 349, 0, '', 1, 0, '', NULL, 0),
(2385, '恭城瑶族自治县', '0', 349, 0, '', 1, 0, '', NULL, 0),
(2386, '万秀区', '0', 350, 0, '', 1, 0, '', NULL, 0),
(2387, '蝶山区', '0', 350, 0, '', 1, 0, '', NULL, 0),
(2388, '长洲区', '0', 350, 0, '', 1, 0, '', NULL, 0),
(2389, '苍梧县', '0', 350, 0, '', 1, 0, '', NULL, 0),
(2390, '藤县', '0', 350, 0, '', 1, 0, '', NULL, 0),
(2391, '蒙山县', '0', 350, 0, '', 1, 0, '', NULL, 0),
(2392, '岑溪市', '0', 350, 0, '', 1, 0, '', NULL, 0),
(2393, '海城区', '0', 351, 0, '', 1, 0, '', NULL, 0),
(2394, '银海区', '0', 351, 0, '', 1, 0, '', NULL, 0),
(2395, '铁山港区', '0', 351, 0, '', 1, 0, '', NULL, 0),
(2396, '合浦县', '0', 351, 0, '', 1, 0, '', NULL, 0),
(2397, '港口区', '0', 352, 0, '', 1, 0, '', NULL, 0),
(2398, '防城区', '0', 352, 0, '', 1, 0, '', NULL, 0),
(2399, '上思县', '0', 352, 0, '', 1, 0, '', NULL, 0),
(2400, '东兴市', '0', 352, 0, '', 1, 0, '', NULL, 0),
(2401, '钦南区', '0', 353, 0, '', 1, 0, '', NULL, 0),
(2402, '钦北区', '0', 353, 0, '', 1, 0, '', NULL, 0),
(2403, '灵山县', '0', 353, 0, '', 1, 0, '', NULL, 0),
(2404, '浦北县', '0', 353, 0, '', 1, 0, '', NULL, 0),
(2405, '港北区', '0', 354, 0, '', 1, 0, '', NULL, 0),
(2406, '港南区', '0', 354, 0, '', 1, 0, '', NULL, 0),
(2407, '覃塘区', '0', 354, 0, '', 1, 0, '', NULL, 0),
(2408, '平南县', '0', 354, 0, '', 1, 0, '', NULL, 0),
(2409, '桂平市', '0', 354, 0, '', 1, 0, '', NULL, 0),
(2410, '玉州区', '0', 355, 0, '', 1, 0, '', NULL, 0),
(2411, '容县', '0', 355, 0, '', 1, 0, '', NULL, 0),
(2412, '陆川县', '0', 355, 0, '', 1, 0, '', NULL, 0),
(2413, '博白县', '0', 355, 0, '', 1, 0, '', NULL, 0),
(2414, '兴业县', '0', 355, 0, '', 1, 0, '', NULL, 0),
(2415, '北流市', '0', 355, 0, '', 1, 0, '', NULL, 0),
(2416, '右江区', '0', 356, 0, '', 1, 0, '', NULL, 0),
(2417, '田阳县', '0', 356, 0, '', 1, 0, '', NULL, 0),
(2418, '田东县', '0', 356, 0, '', 1, 0, '', NULL, 0),
(2419, '平果县', '0', 356, 0, '', 1, 0, '', NULL, 0),
(2420, '德保县', '0', 356, 0, '', 1, 0, '', NULL, 0),
(2421, '靖西县', '0', 356, 0, '', 1, 0, '', NULL, 0),
(2422, '那坡县', '0', 356, 0, '', 1, 0, '', NULL, 0),
(2423, '凌云县', '0', 356, 0, '', 1, 0, '', NULL, 0),
(2424, '乐业县', '0', 356, 0, '', 1, 0, '', NULL, 0),
(2425, '田林县', '0', 356, 0, '', 1, 0, '', NULL, 0),
(2426, '西林县', '0', 356, 0, '', 1, 0, '', NULL, 0),
(2427, '隆林各族自治县', '0', 356, 0, '', 1, 0, '', NULL, 0),
(2428, '八步区', '0', 357, 0, '', 1, 0, '', NULL, 0),
(2429, '昭平县', '0', 357, 0, '', 1, 0, '', NULL, 0),
(2430, '钟山县', '0', 357, 0, '', 1, 0, '', NULL, 0),
(2431, '富川瑶族自治县', '0', 357, 0, '', 1, 0, '', NULL, 0),
(2432, '金城江区', '0', 358, 0, '', 1, 0, '', NULL, 0),
(2433, '南丹县', '0', 358, 0, '', 1, 0, '', NULL, 0),
(2434, '天峨县', '0', 358, 0, '', 1, 0, '', NULL, 0),
(2435, '凤山县', '0', 358, 0, '', 1, 0, '', NULL, 0),
(2436, '东兰县', '0', 358, 0, '', 1, 0, '', NULL, 0),
(2437, '罗城仫佬族自治县', '0', 358, 0, '', 1, 0, '', NULL, 0),
(2438, '环江毛南族自治县', '0', 358, 0, '', 1, 0, '', NULL, 0),
(2439, '巴马瑶族自治县', '0', 358, 0, '', 1, 0, '', NULL, 0),
(2440, '都安瑶族自治县', '0', 358, 0, '', 1, 0, '', NULL, 0),
(2441, '大化瑶族自治县', '0', 358, 0, '', 1, 0, '', NULL, 0),
(2442, '宜州市', '0', 358, 0, '', 1, 0, '', NULL, 0),
(2443, '兴宾区', '0', 359, 0, '', 1, 0, '', NULL, 0),
(2444, '忻城县', '0', 359, 0, '', 1, 0, '', NULL, 0),
(2445, '象州县', '0', 359, 0, '', 1, 0, '', NULL, 0),
(2446, '武宣县', '0', 359, 0, '', 1, 0, '', NULL, 0),
(2447, '金秀瑶族自治县', '0', 359, 0, '', 1, 0, '', NULL, 0),
(2448, '合山市', '0', 359, 0, '', 1, 0, '', NULL, 0),
(2449, '江洲区', '0', 360, 0, '', 1, 0, '', NULL, 0),
(2450, '扶绥县', '0', 360, 0, '', 1, 0, '', NULL, 0),
(2451, '宁明县', '0', 360, 0, '', 1, 0, '', NULL, 0),
(2452, '龙州县', '0', 360, 0, '', 1, 0, '', NULL, 0),
(2453, '大新县', '0', 360, 0, '', 1, 0, '', NULL, 0),
(2454, '天等县', '0', 360, 0, '', 1, 0, '', NULL, 0),
(2455, '凭祥市', '0', 360, 0, '', 1, 0, '', NULL, 0),
(2456, '秀英区', '0', 361, 0, '', 1, 0, '', NULL, 0),
(2457, '龙华区', '0', 361, 0, '', 1, 0, '', NULL, 0),
(2458, '琼山区', '0', 361, 0, '', 1, 0, '', NULL, 0),
(2459, '美兰区', '0', 361, 0, '', 1, 0, '', NULL, 0),
(2460, '锦江区', '0', 382, 0, '', 1, 0, '', NULL, 0),
(2461, '青羊区', '0', 382, 0, '', 1, 0, '', NULL, 0),
(2462, '金牛区', '0', 382, 0, '', 1, 0, '', NULL, 0),
(2463, '武侯区', '0', 382, 0, '', 1, 0, '', NULL, 0),
(2464, '成华区', '0', 382, 0, '', 1, 0, '', NULL, 0),
(2465, '龙泉驿区', '0', 382, 0, '', 1, 0, '', NULL, 0),
(2466, '青白江区', '0', 382, 0, '', 1, 0, '', NULL, 0),
(2467, '新都区', '0', 382, 0, '', 1, 0, '', NULL, 0),
(2468, '温江区', '0', 382, 0, '', 1, 0, '', NULL, 0),
(2469, '金堂县', '0', 382, 0, '', 1, 0, '', NULL, 0),
(2470, '双流县', '0', 382, 0, '', 1, 0, '', NULL, 0),
(2471, '郫县', '0', 382, 0, '', 1, 0, '', NULL, 0),
(2472, '大邑县', '0', 382, 0, '', 1, 0, '', NULL, 0),
(2473, '蒲江县', '0', 382, 0, '', 1, 0, '', NULL, 0),
(2474, '新津县', '0', 382, 0, '', 1, 0, '', NULL, 0),
(2475, '都江堰市', '0', 382, 0, '', 1, 0, '', NULL, 0),
(2476, '彭州市', '0', 382, 0, '', 1, 0, '', NULL, 0),
(2477, '邛崃市', '0', 382, 0, '', 1, 0, '', NULL, 0),
(2478, '崇州市', '0', 382, 0, '', 1, 0, '', NULL, 0),
(2479, '自流井区', '0', 383, 0, '', 1, 0, '', NULL, 0),
(2480, '贡井区', '0', 383, 0, '', 1, 0, '', NULL, 0),
(2481, '大安区', '0', 383, 0, '', 1, 0, '', NULL, 0),
(2482, '沿滩区', '0', 383, 0, '', 1, 0, '', NULL, 0),
(2483, '荣县', '0', 383, 0, '', 1, 0, '', NULL, 0),
(2484, '富顺县', '0', 383, 0, '', 1, 0, '', NULL, 0),
(2485, '东区', '0', 384, 0, '', 1, 0, '', NULL, 0),
(2486, '西区', '0', 384, 0, '', 1, 0, '', NULL, 0),
(2487, '仁和区', '0', 384, 0, '', 1, 0, '', NULL, 0),
(2488, '米易县', '0', 384, 0, '', 1, 0, '', NULL, 0),
(2489, '盐边县', '0', 384, 0, '', 1, 0, '', NULL, 0),
(2490, '江阳区', '0', 385, 0, '', 1, 0, '', NULL, 0),
(2491, '纳溪区', '0', 385, 0, '', 1, 0, '', NULL, 0),
(2492, '龙马潭区', '0', 385, 0, '', 1, 0, '', NULL, 0),
(2493, '泸县', '0', 385, 0, '', 1, 0, '', NULL, 0),
(2494, '合江县', '0', 385, 0, '', 1, 0, '', NULL, 0),
(2495, '叙永县', '0', 385, 0, '', 1, 0, '', NULL, 0),
(2496, '古蔺县', '0', 385, 0, '', 1, 0, '', NULL, 0),
(2497, '旌阳区', '0', 386, 0, '', 1, 0, '', NULL, 0),
(2498, '中江县', '0', 386, 0, '', 1, 0, '', NULL, 0),
(2499, '罗江县', '0', 386, 0, '', 1, 0, '', NULL, 0),
(2500, '广汉市', '0', 386, 0, '', 1, 0, '', NULL, 0),
(2501, '什邡市', '0', 386, 0, '', 1, 0, '', NULL, 0),
(2502, '绵竹市', '0', 386, 0, '', 1, 0, '', NULL, 0),
(2503, '涪城区', '0', 387, 0, '', 1, 0, '', NULL, 0),
(2504, '游仙区', '0', 387, 0, '', 1, 0, '', NULL, 0),
(2505, '三台县', '0', 387, 0, '', 1, 0, '', NULL, 0),
(2506, '盐亭县', '0', 387, 0, '', 1, 0, '', NULL, 0),
(2507, '安县', '0', 387, 0, '', 1, 0, '', NULL, 0),
(2508, '梓潼县', '0', 387, 0, '', 1, 0, '', NULL, 0),
(2509, '北川羌族自治县', '0', 387, 0, '', 1, 0, '', NULL, 0),
(2510, '平武县', '0', 387, 0, '', 1, 0, '', NULL, 0),
(2511, '江油市', '0', 387, 0, '', 1, 0, '', NULL, 0),
(2512, '市中区', '0', 388, 0, '', 1, 0, '', NULL, 0),
(2513, '元坝区', '0', 388, 0, '', 1, 0, '', NULL, 0),
(2514, '朝天区', '0', 388, 0, '', 1, 0, '', NULL, 0),
(2515, '旺苍县', '0', 388, 0, '', 1, 0, '', NULL, 0),
(2516, '青川县', '0', 388, 0, '', 1, 0, '', NULL, 0),
(2517, '剑阁县', '0', 388, 0, '', 1, 0, '', NULL, 0),
(2518, '苍溪县', '0', 388, 0, '', 1, 0, '', NULL, 0),
(2519, '船山区', '0', 389, 0, '', 1, 0, '', NULL, 0),
(2520, '安居区', '0', 389, 0, '', 1, 0, '', NULL, 0),
(2521, '蓬溪县', '0', 389, 0, '', 1, 0, '', NULL, 0),
(2522, '射洪县', '0', 389, 0, '', 1, 0, '', NULL, 0),
(2523, '大英县', '0', 389, 0, '', 1, 0, '', NULL, 0),
(2524, '市中区', '0', 390, 0, '', 1, 0, '', NULL, 0),
(2525, '东兴区', '0', 390, 0, '', 1, 0, '', NULL, 0),
(2526, '威远县', '0', 390, 0, '', 1, 0, '', NULL, 0),
(2527, '资中县', '0', 390, 0, '', 1, 0, '', NULL, 0),
(2528, '隆昌县', '0', 390, 0, '', 1, 0, '', NULL, 0),
(2529, '市中区', '0', 391, 0, '', 1, 0, '', NULL, 0),
(2530, '沙湾区', '0', 391, 0, '', 1, 0, '', NULL, 0),
(2531, '五通桥区', '0', 391, 0, '', 1, 0, '', NULL, 0),
(2532, '金口河区', '0', 391, 0, '', 1, 0, '', NULL, 0),
(2533, '犍为县', '0', 391, 0, '', 1, 0, '', NULL, 0),
(2534, '井研县', '0', 391, 0, '', 1, 0, '', NULL, 0),
(2535, '夹江县', '0', 391, 0, '', 1, 0, '', NULL, 0),
(2536, '沐川县', '0', 391, 0, '', 1, 0, '', NULL, 0),
(2537, '峨边彝族自治县', '0', 391, 0, '', 1, 0, '', NULL, 0),
(2538, '马边彝族自治县', '0', 391, 0, '', 1, 0, '', NULL, 0),
(2539, '峨眉山市', '0', 391, 0, '', 1, 0, '', NULL, 0),
(2540, '顺庆区', '0', 392, 0, '', 1, 0, '', NULL, 0),
(2541, '高坪区', '0', 392, 0, '', 1, 0, '', NULL, 0),
(2542, '嘉陵区', '0', 392, 0, '', 1, 0, '', NULL, 0),
(2543, '南部县', '0', 392, 0, '', 1, 0, '', NULL, 0),
(2544, '营山县', '0', 392, 0, '', 1, 0, '', NULL, 0),
(2545, '蓬安县', '0', 392, 0, '', 1, 0, '', NULL, 0),
(2546, '仪陇县', '0', 392, 0, '', 1, 0, '', NULL, 0),
(2547, '西充县', '0', 392, 0, '', 1, 0, '', NULL, 0),
(2548, '阆中市', '0', 392, 0, '', 1, 0, '', NULL, 0),
(2549, '东坡区', '0', 393, 0, '', 1, 0, '', NULL, 0),
(2550, '仁寿县', '0', 393, 0, '', 1, 0, '', NULL, 0),
(2551, '彭山县', '0', 393, 0, '', 1, 0, '', NULL, 0),
(2552, '洪雅县', '0', 393, 0, '', 1, 0, '', NULL, 0),
(2553, '丹棱县', '0', 393, 0, '', 1, 0, '', NULL, 0),
(2554, '青神县', '0', 393, 0, '', 1, 0, '', NULL, 0),
(2555, '翠屏区', '0', 394, 0, '', 1, 0, '', NULL, 0),
(2556, '宜宾县', '0', 394, 0, '', 1, 0, '', NULL, 0),
(2557, '南溪县', '0', 394, 0, '', 1, 0, '', NULL, 0),
(2558, '江安县', '0', 394, 0, '', 1, 0, '', NULL, 0),
(2559, '长宁县', '0', 394, 0, '', 1, 0, '', NULL, 0),
(2560, '高县', '0', 394, 0, '', 1, 0, '', NULL, 0),
(2561, '珙县', '0', 394, 0, '', 1, 0, '', NULL, 0),
(2562, '筠连县', '0', 394, 0, '', 1, 0, '', NULL, 0),
(2563, '兴文县', '0', 394, 0, '', 1, 0, '', NULL, 0),
(2564, '屏山县', '0', 394, 0, '', 1, 0, '', NULL, 0),
(2565, '广安区', '0', 395, 0, '', 1, 0, '', NULL, 0),
(2566, '岳池县', '0', 395, 0, '', 1, 0, '', NULL, 0),
(2567, '武胜县', '0', 395, 0, '', 1, 0, '', NULL, 0),
(2568, '邻水县', '0', 395, 0, '', 1, 0, '', NULL, 0),
(2569, '华蓥市', '0', 395, 0, '', 1, 0, '', NULL, 0),
(2570, '通川区', '0', 396, 0, '', 1, 0, '', NULL, 0),
(2571, '达县', '0', 396, 0, '', 1, 0, '', NULL, 0),
(2572, '宣汉县', '0', 396, 0, '', 1, 0, '', NULL, 0),
(2573, '开江县', '0', 396, 0, '', 1, 0, '', NULL, 0),
(2574, '大竹县', '0', 396, 0, '', 1, 0, '', NULL, 0),
(2575, '渠县', '0', 396, 0, '', 1, 0, '', NULL, 0),
(2576, '万源市', '0', 396, 0, '', 1, 0, '', NULL, 0),
(2577, '雨城区', '0', 397, 0, '', 1, 0, '', NULL, 0),
(2578, '名山县', '0', 397, 0, '', 1, 0, '', NULL, 0),
(2579, '荥经县', '0', 397, 0, '', 1, 0, '', NULL, 0),
(2580, '汉源县', '0', 397, 0, '', 1, 0, '', NULL, 0),
(2581, '石棉县', '0', 397, 0, '', 1, 0, '', NULL, 0),
(2582, '天全县', '0', 397, 0, '', 1, 0, '', NULL, 0),
(2583, '芦山县', '0', 397, 0, '', 1, 0, '', NULL, 0),
(2584, '宝兴县', '0', 397, 0, '', 1, 0, '', NULL, 0),
(2585, '巴州区', '0', 398, 0, '', 1, 0, '', NULL, 0),
(2586, '通江县', '0', 398, 0, '', 1, 0, '', NULL, 0),
(2587, '南江县', '0', 398, 0, '', 1, 0, '', NULL, 0),
(2588, '平昌县', '0', 398, 0, '', 1, 0, '', NULL, 0),
(2589, '雁江区', '0', 399, 0, '', 1, 0, '', NULL, 0),
(2590, '安岳县', '0', 399, 0, '', 1, 0, '', NULL, 0),
(2591, '乐至县', '0', 399, 0, '', 1, 0, '', NULL, 0),
(2592, '简阳市', '0', 399, 0, '', 1, 0, '', NULL, 0),
(2593, '汶川县', '0', 400, 0, '', 1, 0, '', NULL, 0),
(2594, '理县', '0', 400, 0, '', 1, 0, '', NULL, 0),
(2595, '茂县', '0', 400, 0, '', 1, 0, '', NULL, 0),
(2596, '松潘县', '0', 400, 0, '', 1, 0, '', NULL, 0),
(2597, '九寨沟县', '0', 400, 0, '', 1, 0, '', NULL, 0),
(2598, '金川县', '0', 400, 0, '', 1, 0, '', NULL, 0),
(2599, '小金县', '0', 400, 0, '', 1, 0, '', NULL, 0),
(2600, '黑水县', '0', 400, 0, '', 1, 0, '', NULL, 0),
(2601, '马尔康县', '0', 400, 0, '', 1, 0, '', NULL, 0),
(2602, '壤塘县', '0', 400, 0, '', 1, 0, '', NULL, 0),
(2603, '阿坝县', '0', 400, 0, '', 1, 0, '', NULL, 0),
(2604, '若尔盖县', '0', 400, 0, '', 1, 0, '', NULL, 0),
(2605, '红原县', '0', 400, 0, '', 1, 0, '', NULL, 0),
(2606, '康定县', '0', 401, 0, '', 1, 0, '', NULL, 0),
(2607, '泸定县', '0', 401, 0, '', 1, 0, '', NULL, 0),
(2608, '丹巴县', '0', 401, 0, '', 1, 0, '', NULL, 0),
(2609, '九龙县', '0', 401, 0, '', 1, 0, '', NULL, 0),
(2610, '雅江县', '0', 401, 0, '', 1, 0, '', NULL, 0),
(2611, '道孚县', '0', 401, 0, '', 1, 0, '', NULL, 0),
(2612, '炉霍县', '0', 401, 0, '', 1, 0, '', NULL, 0),
(2613, '甘孜县', '0', 401, 0, '', 1, 0, '', NULL, 0),
(2614, '新龙县', '0', 401, 0, '', 1, 0, '', NULL, 0),
(2615, '德格县', '0', 401, 0, '', 1, 0, '', NULL, 0),
(2616, '白玉县', '0', 401, 0, '', 1, 0, '', NULL, 0),
(2617, '石渠县', '0', 401, 0, '', 1, 0, '', NULL, 0),
(2618, '色达县', '0', 401, 0, '', 1, 0, '', NULL, 0),
(2619, '理塘县', '0', 401, 0, '', 1, 0, '', NULL, 0),
(2620, '巴塘县', '0', 401, 0, '', 1, 0, '', NULL, 0),
(2621, '乡城县', '0', 401, 0, '', 1, 0, '', NULL, 0),
(2622, '稻城县', '0', 401, 0, '', 1, 0, '', NULL, 0),
(2623, '得荣县', '0', 401, 0, '', 1, 0, '', NULL, 0),
(2624, '西昌市', '0', 402, 0, '', 1, 0, '', NULL, 0),
(2625, '木里藏族自治县', '0', 402, 0, '', 1, 0, '', NULL, 0),
(2626, '盐源县', '0', 402, 0, '', 1, 0, '', NULL, 0),
(2627, '德昌县', '0', 402, 0, '', 1, 0, '', NULL, 0),
(2628, '会理县', '0', 402, 0, '', 1, 0, '', NULL, 0),
(2629, '会东县', '0', 402, 0, '', 1, 0, '', NULL, 0),
(2630, '宁南县', '0', 402, 0, '', 1, 0, '', NULL, 0),
(2631, '普格县', '0', 402, 0, '', 1, 0, '', NULL, 0),
(2632, '布拖县', '0', 402, 0, '', 1, 0, '', NULL, 0),
(2633, '金阳县', '0', 402, 0, '', 1, 0, '', NULL, 0),
(2634, '昭觉县', '0', 402, 0, '', 1, 0, '', NULL, 0),
(2635, '喜德县', '0', 402, 0, '', 1, 0, '', NULL, 0),
(2636, '冕宁县', '0', 402, 0, '', 1, 0, '', NULL, 0),
(2637, '越西县', '0', 402, 0, '', 1, 0, '', NULL, 0),
(2638, '甘洛县', '0', 402, 0, '', 1, 0, '', NULL, 0),
(2639, '美姑县', '0', 402, 0, '', 1, 0, '', NULL, 0),
(2640, '雷波县', '0', 402, 0, '', 1, 0, '', NULL, 0),
(2641, '南明区', '0', 403, 0, '', 1, 0, '', NULL, 0),
(2642, '云岩区', '0', 403, 0, '', 1, 0, '', NULL, 0),
(2643, '花溪区', '0', 403, 0, '', 1, 0, '', NULL, 0),
(2644, '乌当区', '0', 403, 0, '', 1, 0, '', NULL, 0),
(2645, '白云区', '0', 403, 0, '', 1, 0, '', NULL, 0),
(2646, '小河区', '0', 403, 0, '', 1, 0, '', NULL, 0),
(2647, '开阳县', '0', 403, 0, '', 1, 0, '', NULL, 0),
(2648, '息烽县', '0', 403, 0, '', 1, 0, '', NULL, 0),
(2649, '修文县', '0', 403, 0, '', 1, 0, '', NULL, 0),
(2650, '清镇市', '0', 403, 0, '', 1, 0, '', NULL, 0),
(2651, '钟山区', '0', 404, 0, '', 1, 0, '', NULL, 0),
(2652, '六枝特区', '0', 404, 0, '', 1, 0, '', NULL, 0),
(2653, '水城县', '0', 404, 0, '', 1, 0, '', NULL, 0),
(2654, '盘县', '0', 404, 0, '', 1, 0, '', NULL, 0),
(2655, '红花岗区', '0', 405, 0, '', 1, 0, '', NULL, 0),
(2656, '汇川区', '0', 405, 0, '', 1, 0, '', NULL, 0),
(2657, '遵义县', '0', 405, 0, '', 1, 0, '', NULL, 0),
(2658, '桐梓县', '0', 405, 0, '', 1, 0, '', NULL, 0),
(2659, '绥阳县', '0', 405, 0, '', 1, 0, '', NULL, 0),
(2660, '正安县', '0', 405, 0, '', 1, 0, '', NULL, 0),
(2661, '道真仡佬族苗族自治县', '0', 405, 0, '', 1, 0, '', NULL, 0),
(2662, '务川仡佬族苗族自治县', '0', 405, 0, '', 1, 0, '', NULL, 0),
(2663, '凤冈县', '0', 405, 0, '', 1, 0, '', NULL, 0),
(2664, '湄潭县', '0', 405, 0, '', 1, 0, '', NULL, 0),
(2665, '余庆县', '0', 405, 0, '', 1, 0, '', NULL, 0),
(2666, '习水县', '0', 405, 0, '', 1, 0, '', NULL, 0),
(2667, '赤水市', '0', 405, 0, '', 1, 0, '', NULL, 0),
(2668, '仁怀市', '0', 405, 0, '', 1, 0, '', NULL, 0),
(2669, '西秀区', '0', 406, 0, '', 1, 0, '', NULL, 0),
(2670, '平坝县', '0', 406, 0, '', 1, 0, '', NULL, 0),
(2671, '普定县', '0', 406, 0, '', 1, 0, '', NULL, 0),
(2672, '镇宁布依族苗族自治县', '0', 406, 0, '', 1, 0, '', NULL, 0),
(2673, '关岭布依族苗族自治县', '0', 406, 0, '', 1, 0, '', NULL, 0),
(2674, '紫云苗族布依族自治县', '0', 406, 0, '', 1, 0, '', NULL, 0),
(2675, '铜仁市', '0', 407, 0, '', 1, 0, '', NULL, 0),
(2676, '江口县', '0', 407, 0, '', 1, 0, '', NULL, 0),
(2677, '玉屏侗族自治县', '0', 407, 0, '', 1, 0, '', NULL, 0),
(2678, '石阡县', '0', 407, 0, '', 1, 0, '', NULL, 0),
(2679, '思南县', '0', 407, 0, '', 1, 0, '', NULL, 0),
(2680, '印江土家族苗族自治县', '0', 407, 0, '', 1, 0, '', NULL, 0),
(2681, '德江县', '0', 407, 0, '', 1, 0, '', NULL, 0),
(2682, '沿河土家族自治县', '0', 407, 0, '', 1, 0, '', NULL, 0),
(2683, '松桃苗族自治县', '0', 407, 0, '', 1, 0, '', NULL, 0),
(2684, '万山特区', '0', 407, 0, '', 1, 0, '', NULL, 0),
(2685, '兴义市', '0', 408, 0, '', 1, 0, '', NULL, 0),
(2686, '兴仁县', '0', 408, 0, '', 1, 0, '', NULL, 0),
(2687, '普安县', '0', 408, 0, '', 1, 0, '', NULL, 0),
(2688, '晴隆县', '0', 408, 0, '', 1, 0, '', NULL, 0),
(2689, '贞丰县', '0', 408, 0, '', 1, 0, '', NULL, 0),
(2690, '望谟县', '0', 408, 0, '', 1, 0, '', NULL, 0),
(2691, '册亨县', '0', 408, 0, '', 1, 0, '', NULL, 0),
(2692, '安龙县', '0', 408, 0, '', 1, 0, '', NULL, 0),
(2693, '毕节市', '0', 409, 0, '', 1, 0, '', NULL, 0),
(2694, '大方县', '0', 409, 0, '', 1, 0, '', NULL, 0),
(2695, '黔西县', '0', 409, 0, '', 1, 0, '', NULL, 0),
(2696, '金沙县', '0', 409, 0, '', 1, 0, '', NULL, 0),
(2697, '织金县', '0', 409, 0, '', 1, 0, '', NULL, 0),
(2698, '纳雍县', '0', 409, 0, '', 1, 0, '', NULL, 0),
(2699, '威宁彝族回族苗族自治县', '0', 409, 0, '', 1, 0, '', NULL, 0),
(2700, '赫章县', '0', 409, 0, '', 1, 0, '', NULL, 0),
(2701, '凯里市', '0', 410, 0, '', 1, 0, '', NULL, 0),
(2702, '黄平县', '0', 410, 0, '', 1, 0, '', NULL, 0),
(2703, '施秉县', '0', 410, 0, '', 1, 0, '', NULL, 0),
(2704, '三穗县', '0', 410, 0, '', 1, 0, '', NULL, 0),
(2705, '镇远县', '0', 410, 0, '', 1, 0, '', NULL, 0),
(2706, '岑巩县', '0', 410, 0, '', 1, 0, '', NULL, 0),
(2707, '天柱县', '0', 410, 0, '', 1, 0, '', NULL, 0),
(2708, '锦屏县', '0', 410, 0, '', 1, 0, '', NULL, 0),
(2709, '剑河县', '0', 410, 0, '', 1, 0, '', NULL, 0),
(2710, '台江县', '0', 410, 0, '', 1, 0, '', NULL, 0),
(2711, '黎平县', '0', 410, 0, '', 1, 0, '', NULL, 0),
(2712, '榕江县', '0', 410, 0, '', 1, 0, '', NULL, 0),
(2713, '从江县', '0', 410, 0, '', 1, 0, '', NULL, 0),
(2714, '雷山县', '0', 410, 0, '', 1, 0, '', NULL, 0),
(2715, '麻江县', '0', 410, 0, '', 1, 0, '', NULL, 0),
(2716, '丹寨县', '0', 410, 0, '', 1, 0, '', NULL, 0),
(2717, '都匀市', '0', 411, 0, '', 1, 0, '', NULL, 0),
(2718, '福泉市', '0', 411, 0, '', 1, 0, '', NULL, 0),
(2719, '荔波县', '0', 411, 0, '', 1, 0, '', NULL, 0),
(2720, '贵定县', '0', 411, 0, '', 1, 0, '', NULL, 0),
(2721, '瓮安县', '0', 411, 0, '', 1, 0, '', NULL, 0),
(2722, '独山县', '0', 411, 0, '', 1, 0, '', NULL, 0);
INSERT INTO `v9_linkage` (`linkageid`, `name`, `style`, `parentid`, `child`, `arrchildid`, `keyid`, `listorder`, `description`, `setting`, `siteid`) VALUES
(2723, '平塘县', '0', 411, 0, '', 1, 0, '', NULL, 0),
(2724, '罗甸县', '0', 411, 0, '', 1, 0, '', NULL, 0),
(2725, '长顺县', '0', 411, 0, '', 1, 0, '', NULL, 0),
(2726, '龙里县', '0', 411, 0, '', 1, 0, '', NULL, 0),
(2727, '惠水县', '0', 411, 0, '', 1, 0, '', NULL, 0),
(2728, '三都水族自治县', '0', 411, 0, '', 1, 0, '', NULL, 0),
(2729, '五华区', '0', 412, 0, '', 1, 0, '', NULL, 0),
(2730, '盘龙区', '0', 412, 0, '', 1, 0, '', NULL, 0),
(2731, '官渡区', '0', 412, 0, '', 1, 0, '', NULL, 0),
(2732, '西山区', '0', 412, 0, '', 1, 0, '', NULL, 0),
(2733, '东川区', '0', 412, 0, '', 1, 0, '', NULL, 0),
(2734, '呈贡县', '0', 412, 0, '', 1, 0, '', NULL, 0),
(2735, '晋宁县', '0', 412, 0, '', 1, 0, '', NULL, 0),
(2736, '富民县', '0', 412, 0, '', 1, 0, '', NULL, 0),
(2737, '宜良县', '0', 412, 0, '', 1, 0, '', NULL, 0),
(2738, '石林彝族自治县', '0', 412, 0, '', 1, 0, '', NULL, 0),
(2739, '嵩明县', '0', 412, 0, '', 1, 0, '', NULL, 0),
(2740, '禄劝彝族苗族自治县', '0', 412, 0, '', 1, 0, '', NULL, 0),
(2741, '寻甸回族彝族自治县', '0', 412, 0, '', 1, 0, '', NULL, 0),
(2742, '安宁市', '0', 412, 0, '', 1, 0, '', NULL, 0),
(2743, '麒麟区', '0', 413, 0, '', 1, 0, '', NULL, 0),
(2744, '马龙县', '0', 413, 0, '', 1, 0, '', NULL, 0),
(2745, '陆良县', '0', 413, 0, '', 1, 0, '', NULL, 0),
(2746, '师宗县', '0', 413, 0, '', 1, 0, '', NULL, 0),
(2747, '罗平县', '0', 413, 0, '', 1, 0, '', NULL, 0),
(2748, '富源县', '0', 413, 0, '', 1, 0, '', NULL, 0),
(2749, '会泽县', '0', 413, 0, '', 1, 0, '', NULL, 0),
(2750, '沾益县', '0', 413, 0, '', 1, 0, '', NULL, 0),
(2751, '宣威市', '0', 413, 0, '', 1, 0, '', NULL, 0),
(2752, '红塔区', '0', 414, 0, '', 1, 0, '', NULL, 0),
(2753, '江川县', '0', 414, 0, '', 1, 0, '', NULL, 0),
(2754, '澄江县', '0', 414, 0, '', 1, 0, '', NULL, 0),
(2755, '通海县', '0', 414, 0, '', 1, 0, '', NULL, 0),
(2756, '华宁县', '0', 414, 0, '', 1, 0, '', NULL, 0),
(2757, '易门县', '0', 414, 0, '', 1, 0, '', NULL, 0),
(2758, '峨山彝族自治县', '0', 414, 0, '', 1, 0, '', NULL, 0),
(2759, '新平彝族傣族自治县', '0', 414, 0, '', 1, 0, '', NULL, 0),
(2760, '元江哈尼族彝族傣族自治县', '0', 414, 0, '', 1, 0, '', NULL, 0),
(2761, '隆阳区', '0', 415, 0, '', 1, 0, '', NULL, 0),
(2762, '施甸县', '0', 415, 0, '', 1, 0, '', NULL, 0),
(2763, '腾冲县', '0', 415, 0, '', 1, 0, '', NULL, 0),
(2764, '龙陵县', '0', 415, 0, '', 1, 0, '', NULL, 0),
(2765, '昌宁县', '0', 415, 0, '', 1, 0, '', NULL, 0),
(2766, '昭阳区', '0', 416, 0, '', 1, 0, '', NULL, 0),
(2767, '鲁甸县', '0', 416, 0, '', 1, 0, '', NULL, 0),
(2768, '巧家县', '0', 416, 0, '', 1, 0, '', NULL, 0),
(2769, '盐津县', '0', 416, 0, '', 1, 0, '', NULL, 0),
(2770, '大关县', '0', 416, 0, '', 1, 0, '', NULL, 0),
(2771, '永善县', '0', 416, 0, '', 1, 0, '', NULL, 0),
(2772, '绥江县', '0', 416, 0, '', 1, 0, '', NULL, 0),
(2773, '镇雄县', '0', 416, 0, '', 1, 0, '', NULL, 0),
(2774, '彝良县', '0', 416, 0, '', 1, 0, '', NULL, 0),
(2775, '威信县', '0', 416, 0, '', 1, 0, '', NULL, 0),
(2776, '水富县', '0', 416, 0, '', 1, 0, '', NULL, 0),
(2777, '古城区', '0', 417, 0, '', 1, 0, '', NULL, 0),
(2778, '玉龙纳西族自治县', '0', 417, 0, '', 1, 0, '', NULL, 0),
(2779, '永胜县', '0', 417, 0, '', 1, 0, '', NULL, 0),
(2780, '华坪县', '0', 417, 0, '', 1, 0, '', NULL, 0),
(2781, '宁蒗彝族自治县', '0', 417, 0, '', 1, 0, '', NULL, 0),
(2782, '翠云区', '0', 418, 0, '', 1, 0, '', NULL, 0),
(2783, '普洱哈尼族彝族自治县', '0', 418, 0, '', 1, 0, '', NULL, 0),
(2784, '墨江哈尼族自治县', '0', 418, 0, '', 1, 0, '', NULL, 0),
(2785, '景东彝族自治县', '0', 418, 0, '', 1, 0, '', NULL, 0),
(2786, '景谷傣族彝族自治县', '0', 418, 0, '', 1, 0, '', NULL, 0),
(2787, '镇沅彝族哈尼族拉祜族自治县', '0', 418, 0, '', 1, 0, '', NULL, 0),
(2788, '江城哈尼族彝族自治县', '0', 418, 0, '', 1, 0, '', NULL, 0),
(2789, '孟连傣族拉祜族佤族自治县', '0', 418, 0, '', 1, 0, '', NULL, 0),
(2790, '澜沧拉祜族自治县', '0', 418, 0, '', 1, 0, '', NULL, 0),
(2791, '西盟佤族自治县', '0', 418, 0, '', 1, 0, '', NULL, 0),
(2792, '临翔区', '0', 419, 0, '', 1, 0, '', NULL, 0),
(2793, '凤庆县', '0', 419, 0, '', 1, 0, '', NULL, 0),
(2794, '云县', '0', 419, 0, '', 1, 0, '', NULL, 0),
(2795, '永德县', '0', 419, 0, '', 1, 0, '', NULL, 0),
(2796, '镇康县', '0', 419, 0, '', 1, 0, '', NULL, 0),
(2797, '双江拉祜族佤族布朗族傣族自治县', '0', 419, 0, '', 1, 0, '', NULL, 0),
(2798, '耿马傣族佤族自治县', '0', 419, 0, '', 1, 0, '', NULL, 0),
(2799, '沧源佤族自治县', '0', 420, 0, '', 1, 0, '', NULL, 0),
(2800, '楚雄市', '0', 420, 0, '', 1, 0, '', NULL, 0),
(2801, '双柏县', '0', 420, 0, '', 1, 0, '', NULL, 0),
(2802, '牟定县', '0', 420, 0, '', 1, 0, '', NULL, 0),
(2803, '南华县', '0', 420, 0, '', 1, 0, '', NULL, 0),
(2804, '姚安县', '0', 420, 0, '', 1, 0, '', NULL, 0),
(2805, '大姚县', '0', 420, 0, '', 1, 0, '', NULL, 0),
(2806, '永仁县', '0', 420, 0, '', 1, 0, '', NULL, 0),
(2807, '元谋县', '0', 420, 0, '', 1, 0, '', NULL, 0),
(2808, '武定县', '0', 420, 0, '', 1, 0, '', NULL, 0),
(2809, '禄丰县', '0', 420, 0, '', 1, 0, '', NULL, 0),
(2810, '个旧市', '0', 421, 0, '', 1, 0, '', NULL, 0),
(2811, '开远市', '0', 421, 0, '', 1, 0, '', NULL, 0),
(2812, '蒙自县', '0', 421, 0, '', 1, 0, '', NULL, 0),
(2813, '屏边苗族自治县', '0', 421, 0, '', 1, 0, '', NULL, 0),
(2814, '建水县', '0', 421, 0, '', 1, 0, '', NULL, 0),
(2815, '石屏县', '0', 421, 0, '', 1, 0, '', NULL, 0),
(2816, '弥勒县', '0', 421, 0, '', 1, 0, '', NULL, 0),
(2817, '泸西县', '0', 421, 0, '', 1, 0, '', NULL, 0),
(2818, '元阳县', '0', 421, 0, '', 1, 0, '', NULL, 0),
(2819, '红河县', '0', 421, 0, '', 1, 0, '', NULL, 0),
(2820, '金平苗族瑶族傣族自治县', '0', 421, 0, '', 1, 0, '', NULL, 0),
(2821, '绿春县', '0', 421, 0, '', 1, 0, '', NULL, 0),
(2822, '河口瑶族自治县', '0', 421, 0, '', 1, 0, '', NULL, 0),
(2823, '文山县', '0', 422, 0, '', 1, 0, '', NULL, 0),
(2824, '砚山县', '0', 422, 0, '', 1, 0, '', NULL, 0),
(2825, '西畴县', '0', 422, 0, '', 1, 0, '', NULL, 0),
(2826, '麻栗坡县', '0', 422, 0, '', 1, 0, '', NULL, 0),
(2827, '马关县', '0', 422, 0, '', 1, 0, '', NULL, 0),
(2828, '丘北县', '0', 422, 0, '', 1, 0, '', NULL, 0),
(2829, '广南县', '0', 422, 0, '', 1, 0, '', NULL, 0),
(2830, '富宁县', '0', 422, 0, '', 1, 0, '', NULL, 0),
(2831, '景洪市', '0', 423, 0, '', 1, 0, '', NULL, 0),
(2832, '勐海县', '0', 423, 0, '', 1, 0, '', NULL, 0),
(2833, '勐腊县', '0', 423, 0, '', 1, 0, '', NULL, 0),
(2834, '大理市', '0', 424, 0, '', 1, 0, '', NULL, 0),
(2835, '漾濞彝族自治县', '0', 424, 0, '', 1, 0, '', NULL, 0),
(2836, '祥云县', '0', 424, 0, '', 1, 0, '', NULL, 0),
(2837, '宾川县', '0', 424, 0, '', 1, 0, '', NULL, 0),
(2838, '弥渡县', '0', 424, 0, '', 1, 0, '', NULL, 0),
(2839, '南涧彝族自治县', '0', 424, 0, '', 1, 0, '', NULL, 0),
(2840, '巍山彝族回族自治县', '0', 424, 0, '', 1, 0, '', NULL, 0),
(2841, '永平县', '0', 424, 0, '', 1, 0, '', NULL, 0),
(2842, '云龙县', '0', 424, 0, '', 1, 0, '', NULL, 0),
(2843, '洱源县', '0', 424, 0, '', 1, 0, '', NULL, 0),
(2844, '剑川县', '0', 424, 0, '', 1, 0, '', NULL, 0),
(2845, '鹤庆县', '0', 424, 0, '', 1, 0, '', NULL, 0),
(2846, '瑞丽市', '0', 425, 0, '', 1, 0, '', NULL, 0),
(2847, '潞西市', '0', 425, 0, '', 1, 0, '', NULL, 0),
(2848, '梁河县', '0', 425, 0, '', 1, 0, '', NULL, 0),
(2849, '盈江县', '0', 425, 0, '', 1, 0, '', NULL, 0),
(2850, '陇川县', '0', 425, 0, '', 1, 0, '', NULL, 0),
(2851, '泸水县', '0', 426, 0, '', 1, 0, '', NULL, 0),
(2852, '福贡县', '0', 426, 0, '', 1, 0, '', NULL, 0),
(2853, '贡山独龙族怒族自治县', '0', 426, 0, '', 1, 0, '', NULL, 0),
(2854, '兰坪白族普米族自治县', '0', 426, 0, '', 1, 0, '', NULL, 0),
(2855, '香格里拉县', '0', 427, 0, '', 1, 0, '', NULL, 0),
(2856, '德钦县', '0', 427, 0, '', 1, 0, '', NULL, 0),
(2857, '维西傈僳族自治县', '0', 427, 0, '', 1, 0, '', NULL, 0),
(2858, '城关区', '0', 428, 0, '', 1, 0, '', NULL, 0),
(2859, '林周县', '0', 428, 0, '', 1, 0, '', NULL, 0),
(2860, '当雄县', '0', 428, 0, '', 1, 0, '', NULL, 0),
(2861, '尼木县', '0', 428, 0, '', 1, 0, '', NULL, 0),
(2862, '曲水县', '0', 428, 0, '', 1, 0, '', NULL, 0),
(2863, '堆龙德庆县', '0', 428, 0, '', 1, 0, '', NULL, 0),
(2864, '达孜县', '0', 428, 0, '', 1, 0, '', NULL, 0),
(2865, '墨竹工卡县', '0', 428, 0, '', 1, 0, '', NULL, 0),
(2866, '昌都县', '0', 429, 0, '', 1, 0, '', NULL, 0),
(2867, '江达县', '0', 429, 0, '', 1, 0, '', NULL, 0),
(2868, '贡觉县', '0', 429, 0, '', 1, 0, '', NULL, 0),
(2869, '类乌齐县', '0', 429, 0, '', 1, 0, '', NULL, 0),
(2870, '丁青县', '0', 429, 0, '', 1, 0, '', NULL, 0),
(2871, '察雅县', '0', 429, 0, '', 1, 0, '', NULL, 0),
(2872, '八宿县', '0', 429, 0, '', 1, 0, '', NULL, 0),
(2873, '左贡县', '0', 429, 0, '', 1, 0, '', NULL, 0),
(2874, '芒康县', '0', 429, 0, '', 1, 0, '', NULL, 0),
(2875, '洛隆县', '0', 429, 0, '', 1, 0, '', NULL, 0),
(2876, '边坝县', '0', 429, 0, '', 1, 0, '', NULL, 0),
(2877, '乃东县', '0', 430, 0, '', 1, 0, '', NULL, 0),
(2878, '扎囊县', '0', 430, 0, '', 1, 0, '', NULL, 0),
(2879, '贡嘎县', '0', 430, 0, '', 1, 0, '', NULL, 0),
(2880, '桑日县', '0', 430, 0, '', 1, 0, '', NULL, 0),
(2881, '琼结县', '0', 430, 0, '', 1, 0, '', NULL, 0),
(2882, '曲松县', '0', 430, 0, '', 1, 0, '', NULL, 0),
(2883, '措美县', '0', 430, 0, '', 1, 0, '', NULL, 0),
(2884, '洛扎县', '0', 430, 0, '', 1, 0, '', NULL, 0),
(2885, '加查县', '0', 430, 0, '', 1, 0, '', NULL, 0),
(2886, '隆子县', '0', 430, 0, '', 1, 0, '', NULL, 0),
(2887, '错那县', '0', 430, 0, '', 1, 0, '', NULL, 0),
(2888, '浪卡子县', '0', 430, 0, '', 1, 0, '', NULL, 0),
(2889, '日喀则市', '0', 431, 0, '', 1, 0, '', NULL, 0),
(2890, '南木林县', '0', 431, 0, '', 1, 0, '', NULL, 0),
(2891, '江孜县', '0', 431, 0, '', 1, 0, '', NULL, 0),
(2892, '定日县', '0', 431, 0, '', 1, 0, '', NULL, 0),
(2893, '萨迦县', '0', 431, 0, '', 1, 0, '', NULL, 0),
(2894, '拉孜县', '0', 431, 0, '', 1, 0, '', NULL, 0),
(2895, '昂仁县', '0', 431, 0, '', 1, 0, '', NULL, 0),
(2896, '谢通门县', '0', 431, 0, '', 1, 0, '', NULL, 0),
(2897, '白朗县', '0', 431, 0, '', 1, 0, '', NULL, 0),
(2898, '仁布县', '0', 431, 0, '', 1, 0, '', NULL, 0),
(2899, '康马县', '0', 431, 0, '', 1, 0, '', NULL, 0),
(2900, '定结县', '0', 431, 0, '', 1, 0, '', NULL, 0),
(2901, '仲巴县', '0', 431, 0, '', 1, 0, '', NULL, 0),
(2902, '亚东县', '0', 431, 0, '', 1, 0, '', NULL, 0),
(2903, '吉隆县', '0', 431, 0, '', 1, 0, '', NULL, 0),
(2904, '聂拉木县', '0', 431, 0, '', 1, 0, '', NULL, 0),
(2905, '萨嘎县', '0', 431, 0, '', 1, 0, '', NULL, 0),
(2906, '岗巴县', '0', 431, 0, '', 1, 0, '', NULL, 0),
(2907, '那曲县', '0', 432, 0, '', 1, 0, '', NULL, 0),
(2908, '嘉黎县', '0', 432, 0, '', 1, 0, '', NULL, 0),
(2909, '比如县', '0', 432, 0, '', 1, 0, '', NULL, 0),
(2910, '聂荣县', '0', 432, 0, '', 1, 0, '', NULL, 0),
(2911, '安多县', '0', 432, 0, '', 1, 0, '', NULL, 0),
(2912, '申扎县', '0', 432, 0, '', 1, 0, '', NULL, 0),
(2913, '索县', '0', 432, 0, '', 1, 0, '', NULL, 0),
(2914, '班戈县', '0', 432, 0, '', 1, 0, '', NULL, 0),
(2915, '巴青县', '0', 432, 0, '', 1, 0, '', NULL, 0),
(2916, '尼玛县', '0', 432, 0, '', 1, 0, '', NULL, 0),
(2917, '普兰县', '0', 433, 0, '', 1, 0, '', NULL, 0),
(2918, '札达县', '0', 433, 0, '', 1, 0, '', NULL, 0),
(2919, '噶尔县', '0', 433, 0, '', 1, 0, '', NULL, 0),
(2920, '日土县', '0', 433, 0, '', 1, 0, '', NULL, 0),
(2921, '革吉县', '0', 433, 0, '', 1, 0, '', NULL, 0),
(2922, '改则县', '0', 433, 0, '', 1, 0, '', NULL, 0),
(2923, '措勤县', '0', 433, 0, '', 1, 0, '', NULL, 0),
(2924, '林芝县', '0', 434, 0, '', 1, 0, '', NULL, 0),
(2925, '工布江达县', '0', 434, 0, '', 1, 0, '', NULL, 0),
(2926, '米林县', '0', 434, 0, '', 1, 0, '', NULL, 0),
(2927, '墨脱县', '0', 434, 0, '', 1, 0, '', NULL, 0),
(2928, '波密县', '0', 434, 0, '', 1, 0, '', NULL, 0),
(2929, '察隅县', '0', 434, 0, '', 1, 0, '', NULL, 0),
(2930, '朗县', '0', 434, 0, '', 1, 0, '', NULL, 0),
(2931, '新城区', '0', 435, 0, '', 1, 0, '', NULL, 0),
(2932, '碑林区', '0', 435, 0, '', 1, 0, '', NULL, 0),
(2933, '莲湖区', '0', 435, 0, '', 1, 0, '', NULL, 0),
(2934, '灞桥区', '0', 435, 0, '', 1, 0, '', NULL, 0),
(2935, '未央区', '0', 435, 0, '', 1, 0, '', NULL, 0),
(2936, '雁塔区', '0', 435, 0, '', 1, 0, '', NULL, 0),
(2937, '阎良区', '0', 435, 0, '', 1, 0, '', NULL, 0),
(2938, '临潼区', '0', 435, 0, '', 1, 0, '', NULL, 0),
(2939, '长安区', '0', 435, 0, '', 1, 0, '', NULL, 0),
(2940, '蓝田县', '0', 435, 0, '', 1, 0, '', NULL, 0),
(2941, '周至县', '0', 435, 0, '', 1, 0, '', NULL, 0),
(2942, '户县', '0', 435, 0, '', 1, 0, '', NULL, 0),
(2943, '高陵县', '0', 435, 0, '', 1, 0, '', NULL, 0),
(2944, '王益区', '0', 436, 0, '', 1, 0, '', NULL, 0),
(2945, '印台区', '0', 436, 0, '', 1, 0, '', NULL, 0),
(2946, '耀州区', '0', 436, 0, '', 1, 0, '', NULL, 0),
(2947, '宜君县', '0', 436, 0, '', 1, 0, '', NULL, 0),
(2948, '渭滨区', '0', 437, 0, '', 1, 0, '', NULL, 0),
(2949, '金台区', '0', 437, 0, '', 1, 0, '', NULL, 0),
(2950, '陈仓区', '0', 437, 0, '', 1, 0, '', NULL, 0),
(2951, '凤翔县', '0', 437, 0, '', 1, 0, '', NULL, 0),
(2952, '岐山县', '0', 437, 0, '', 1, 0, '', NULL, 0),
(2953, '扶风县', '0', 437, 0, '', 1, 0, '', NULL, 0),
(2954, '眉县', '0', 437, 0, '', 1, 0, '', NULL, 0),
(2955, '陇县', '0', 437, 0, '', 1, 0, '', NULL, 0),
(2956, '千阳县', '0', 437, 0, '', 1, 0, '', NULL, 0),
(2957, '麟游县', '0', 437, 0, '', 1, 0, '', NULL, 0),
(2958, '凤县', '0', 437, 0, '', 1, 0, '', NULL, 0),
(2959, '太白县', '0', 437, 0, '', 1, 0, '', NULL, 0),
(2960, '秦都区', '0', 438, 0, '', 1, 0, '', NULL, 0),
(2961, '杨凌区', '0', 438, 0, '', 1, 0, '', NULL, 0),
(2962, '渭城区', '0', 438, 0, '', 1, 0, '', NULL, 0),
(2963, '三原县', '0', 438, 0, '', 1, 0, '', NULL, 0),
(2964, '泾阳县', '0', 438, 0, '', 1, 0, '', NULL, 0),
(2965, '乾县', '0', 438, 0, '', 1, 0, '', NULL, 0),
(2966, '礼泉县', '0', 438, 0, '', 1, 0, '', NULL, 0),
(2967, '永寿县', '0', 438, 0, '', 1, 0, '', NULL, 0),
(2968, '彬县', '0', 438, 0, '', 1, 0, '', NULL, 0),
(2969, '长武县', '0', 438, 0, '', 1, 0, '', NULL, 0),
(2970, '旬邑县', '0', 438, 0, '', 1, 0, '', NULL, 0),
(2971, '淳化县', '0', 438, 0, '', 1, 0, '', NULL, 0),
(2972, '武功县', '0', 438, 0, '', 1, 0, '', NULL, 0),
(2973, '兴平市', '0', 438, 0, '', 1, 0, '', NULL, 0),
(2974, '临渭区', '0', 439, 0, '', 1, 0, '', NULL, 0),
(2975, '华县', '0', 439, 0, '', 1, 0, '', NULL, 0),
(2976, '潼关县', '0', 439, 0, '', 1, 0, '', NULL, 0),
(2977, '大荔县', '0', 439, 0, '', 1, 0, '', NULL, 0),
(2978, '合阳县', '0', 439, 0, '', 1, 0, '', NULL, 0),
(2979, '澄城县', '0', 439, 0, '', 1, 0, '', NULL, 0),
(2980, '蒲城县', '0', 439, 0, '', 1, 0, '', NULL, 0),
(2981, '白水县', '0', 439, 0, '', 1, 0, '', NULL, 0),
(2982, '富平县', '0', 439, 0, '', 1, 0, '', NULL, 0),
(2983, '韩城市', '0', 439, 0, '', 1, 0, '', NULL, 0),
(2984, '华阴市', '0', 439, 0, '', 1, 0, '', NULL, 0),
(2985, '宝塔区', '0', 440, 0, '', 1, 0, '', NULL, 0),
(2986, '延长县', '0', 440, 0, '', 1, 0, '', NULL, 0),
(2987, '延川县', '0', 440, 0, '', 1, 0, '', NULL, 0),
(2988, '子长县', '0', 440, 0, '', 1, 0, '', NULL, 0),
(2989, '安塞县', '0', 440, 0, '', 1, 0, '', NULL, 0),
(2990, '志丹县', '0', 440, 0, '', 1, 0, '', NULL, 0),
(2991, '吴起县', '0', 440, 0, '', 1, 0, '', NULL, 0),
(2992, '甘泉县', '0', 440, 0, '', 1, 0, '', NULL, 0),
(2993, '富县', '0', 440, 0, '', 1, 0, '', NULL, 0),
(2994, '洛川县', '0', 440, 0, '', 1, 0, '', NULL, 0),
(2995, '宜川县', '0', 440, 0, '', 1, 0, '', NULL, 0),
(2996, '黄龙县', '0', 440, 0, '', 1, 0, '', NULL, 0),
(2997, '黄陵县', '0', 440, 0, '', 1, 0, '', NULL, 0),
(2998, '汉台区', '0', 441, 0, '', 1, 0, '', NULL, 0),
(2999, '南郑县', '0', 441, 0, '', 1, 0, '', NULL, 0),
(3000, '城固县', '0', 441, 0, '', 1, 0, '', NULL, 0),
(3001, '洋县', '0', 441, 0, '', 1, 0, '', NULL, 0),
(3002, '西乡县', '0', 441, 0, '', 1, 0, '', NULL, 0),
(3003, '勉县', '0', 441, 0, '', 1, 0, '', NULL, 0),
(3004, '宁强县', '0', 441, 0, '', 1, 0, '', NULL, 0),
(3005, '略阳县', '0', 441, 0, '', 1, 0, '', NULL, 0),
(3006, '镇巴县', '0', 441, 0, '', 1, 0, '', NULL, 0),
(3007, '留坝县', '0', 441, 0, '', 1, 0, '', NULL, 0),
(3008, '佛坪县', '0', 441, 0, '', 1, 0, '', NULL, 0),
(3009, '榆阳区', '0', 442, 0, '', 1, 0, '', NULL, 0),
(3010, '神木县', '0', 442, 0, '', 1, 0, '', NULL, 0),
(3011, '府谷县', '0', 442, 0, '', 1, 0, '', NULL, 0),
(3012, '横山县', '0', 442, 0, '', 1, 0, '', NULL, 0),
(3013, '靖边县', '0', 442, 0, '', 1, 0, '', NULL, 0),
(3014, '定边县', '0', 442, 0, '', 1, 0, '', NULL, 0),
(3015, '绥德县', '0', 442, 0, '', 1, 0, '', NULL, 0),
(3016, '米脂县', '0', 442, 0, '', 1, 0, '', NULL, 0),
(3017, '佳县', '0', 442, 0, '', 1, 0, '', NULL, 0),
(3018, '吴堡县', '0', 442, 0, '', 1, 0, '', NULL, 0),
(3019, '清涧县', '0', 442, 0, '', 1, 0, '', NULL, 0),
(3020, '子洲县', '0', 442, 0, '', 1, 0, '', NULL, 0),
(3021, '汉滨区', '0', 443, 0, '', 1, 0, '', NULL, 0),
(3022, '汉阴县', '0', 443, 0, '', 1, 0, '', NULL, 0),
(3023, '石泉县', '0', 443, 0, '', 1, 0, '', NULL, 0),
(3024, '宁陕县', '0', 443, 0, '', 1, 0, '', NULL, 0),
(3025, '紫阳县', '0', 443, 0, '', 1, 0, '', NULL, 0),
(3026, '岚皋县', '0', 443, 0, '', 1, 0, '', NULL, 0),
(3027, '平利县', '0', 443, 0, '', 1, 0, '', NULL, 0),
(3028, '镇坪县', '0', 443, 0, '', 1, 0, '', NULL, 0),
(3029, '旬阳县', '0', 443, 0, '', 1, 0, '', NULL, 0),
(3030, '白河县', '0', 443, 0, '', 1, 0, '', NULL, 0),
(3031, '商州区', '0', 444, 0, '', 1, 0, '', NULL, 0),
(3032, '洛南县', '0', 444, 0, '', 1, 0, '', NULL, 0),
(3033, '丹凤县', '0', 444, 0, '', 1, 0, '', NULL, 0),
(3034, '商南县', '0', 444, 0, '', 1, 0, '', NULL, 0),
(3035, '山阳县', '0', 444, 0, '', 1, 0, '', NULL, 0),
(3036, '镇安县', '0', 444, 0, '', 1, 0, '', NULL, 0),
(3037, '柞水县', '0', 444, 0, '', 1, 0, '', NULL, 0),
(3038, '城关区', '0', 445, 0, '', 1, 0, '', NULL, 0),
(3039, '七里河区', '0', 445, 0, '', 1, 0, '', NULL, 0),
(3040, '西固区', '0', 445, 0, '', 1, 0, '', NULL, 0),
(3041, '安宁区', '0', 445, 0, '', 1, 0, '', NULL, 0),
(3042, '红古区', '0', 445, 0, '', 1, 0, '', NULL, 0),
(3043, '永登县', '0', 445, 0, '', 1, 0, '', NULL, 0),
(3044, '皋兰县', '0', 445, 0, '', 1, 0, '', NULL, 0),
(3045, '榆中县', '0', 445, 0, '', 1, 0, '', NULL, 0),
(3046, '金川区', '0', 447, 0, '', 1, 0, '', NULL, 0),
(3047, '永昌县', '0', 447, 0, '', 1, 0, '', NULL, 0),
(3048, '白银区', '0', 448, 0, '', 1, 0, '', NULL, 0),
(3049, '平川区', '0', 448, 0, '', 1, 0, '', NULL, 0),
(3050, '靖远县', '0', 448, 0, '', 1, 0, '', NULL, 0),
(3051, '会宁县', '0', 448, 0, '', 1, 0, '', NULL, 0),
(3052, '景泰县', '0', 448, 0, '', 1, 0, '', NULL, 0),
(3053, '秦城区', '0', 449, 0, '', 1, 0, '', NULL, 0),
(3054, '北道区', '0', 449, 0, '', 1, 0, '', NULL, 0),
(3055, '清水县', '0', 449, 0, '', 1, 0, '', NULL, 0),
(3056, '秦安县', '0', 449, 0, '', 1, 0, '', NULL, 0),
(3057, '甘谷县', '0', 449, 0, '', 1, 0, '', NULL, 0),
(3058, '武山县', '0', 449, 0, '', 1, 0, '', NULL, 0),
(3059, '张家川回族自治县', '0', 449, 0, '', 1, 0, '', NULL, 0),
(3060, '凉州区', '0', 450, 0, '', 1, 0, '', NULL, 0),
(3061, '民勤县', '0', 450, 0, '', 1, 0, '', NULL, 0),
(3062, '古浪县', '0', 450, 0, '', 1, 0, '', NULL, 0),
(3063, '天祝藏族自治县', '0', 450, 0, '', 1, 0, '', NULL, 0),
(3064, '甘州区', '0', 451, 0, '', 1, 0, '', NULL, 0),
(3065, '肃南裕固族自治县', '0', 451, 0, '', 1, 0, '', NULL, 0),
(3066, '民乐县', '0', 451, 0, '', 1, 0, '', NULL, 0),
(3067, '临泽县', '0', 451, 0, '', 1, 0, '', NULL, 0),
(3068, '高台县', '0', 451, 0, '', 1, 0, '', NULL, 0),
(3069, '山丹县', '0', 451, 0, '', 1, 0, '', NULL, 0),
(3070, '崆峒区', '0', 452, 0, '', 1, 0, '', NULL, 0),
(3071, '泾川县', '0', 452, 0, '', 1, 0, '', NULL, 0),
(3072, '灵台县', '0', 452, 0, '', 1, 0, '', NULL, 0),
(3073, '崇信县', '0', 452, 0, '', 1, 0, '', NULL, 0),
(3074, '华亭县', '0', 452, 0, '', 1, 0, '', NULL, 0),
(3075, '庄浪县', '0', 452, 0, '', 1, 0, '', NULL, 0),
(3076, '静宁县', '0', 452, 0, '', 1, 0, '', NULL, 0),
(3077, '肃州区', '0', 453, 0, '', 1, 0, '', NULL, 0),
(3078, '金塔县', '0', 453, 0, '', 1, 0, '', NULL, 0),
(3079, '瓜州县', '0', 453, 0, '', 1, 0, '', NULL, 0),
(3080, '肃北蒙古族自治县', '0', 453, 0, '', 1, 0, '', NULL, 0),
(3081, '阿克塞哈萨克族自治县', '0', 453, 0, '', 1, 0, '', NULL, 0),
(3082, '玉门市', '0', 453, 0, '', 1, 0, '', NULL, 0),
(3083, '敦煌市', '0', 453, 0, '', 1, 0, '', NULL, 0),
(3084, '西峰区', '0', 454, 0, '', 1, 0, '', NULL, 0),
(3085, '庆城县', '0', 454, 0, '', 1, 0, '', NULL, 0),
(3086, '环县', '0', 454, 0, '', 1, 0, '', NULL, 0),
(3087, '华池县', '0', 454, 0, '', 1, 0, '', NULL, 0),
(3088, '合水县', '0', 454, 0, '', 1, 0, '', NULL, 0),
(3089, '正宁县', '0', 454, 0, '', 1, 0, '', NULL, 0),
(3090, '宁县', '0', 454, 0, '', 1, 0, '', NULL, 0),
(3091, '镇原县', '0', 454, 0, '', 1, 0, '', NULL, 0),
(3092, '安定区', '0', 455, 0, '', 1, 0, '', NULL, 0),
(3093, '通渭县', '0', 455, 0, '', 1, 0, '', NULL, 0),
(3094, '陇西县', '0', 455, 0, '', 1, 0, '', NULL, 0),
(3095, '渭源县', '0', 455, 0, '', 1, 0, '', NULL, 0),
(3096, '临洮县', '0', 455, 0, '', 1, 0, '', NULL, 0),
(3097, '漳县', '0', 455, 0, '', 1, 0, '', NULL, 0),
(3098, '岷县', '0', 455, 0, '', 1, 0, '', NULL, 0),
(3099, '武都区', '0', 456, 0, '', 1, 0, '', NULL, 0),
(3100, '成县', '0', 456, 0, '', 1, 0, '', NULL, 0),
(3101, '文县', '0', 456, 0, '', 1, 0, '', NULL, 0),
(3102, '宕昌县', '0', 456, 0, '', 1, 0, '', NULL, 0),
(3103, '康县', '0', 456, 0, '', 1, 0, '', NULL, 0),
(3104, '西和县', '0', 456, 0, '', 1, 0, '', NULL, 0),
(3105, '礼县', '0', 456, 0, '', 1, 0, '', NULL, 0),
(3106, '徽县', '0', 456, 0, '', 1, 0, '', NULL, 0),
(3107, '两当县', '0', 456, 0, '', 1, 0, '', NULL, 0),
(3108, '临夏市', '0', 457, 0, '', 1, 0, '', NULL, 0),
(3109, '临夏县', '0', 457, 0, '', 1, 0, '', NULL, 0),
(3110, '康乐县', '0', 457, 0, '', 1, 0, '', NULL, 0),
(3111, '永靖县', '0', 457, 0, '', 1, 0, '', NULL, 0),
(3112, '广河县', '0', 457, 0, '', 1, 0, '', NULL, 0),
(3113, '和政县', '0', 457, 0, '', 1, 0, '', NULL, 0),
(3114, '东乡族自治县', '0', 457, 0, '', 1, 0, '', NULL, 0),
(3115, '积石山保安族东乡族撒拉族自治县', '0', 457, 0, '', 1, 0, '', NULL, 0),
(3116, '合作市', '0', 458, 0, '', 1, 0, '', NULL, 0),
(3117, '临潭县', '0', 458, 0, '', 1, 0, '', NULL, 0),
(3118, '卓尼县', '0', 458, 0, '', 1, 0, '', NULL, 0),
(3119, '舟曲县', '0', 458, 0, '', 1, 0, '', NULL, 0),
(3120, '迭部县', '0', 458, 0, '', 1, 0, '', NULL, 0),
(3121, '玛曲县', '0', 458, 0, '', 1, 0, '', NULL, 0),
(3122, '碌曲县', '0', 458, 0, '', 1, 0, '', NULL, 0),
(3123, '夏河县', '0', 458, 0, '', 1, 0, '', NULL, 0),
(3124, '城东区', '0', 459, 0, '', 1, 0, '', NULL, 0),
(3125, '城中区', '0', 459, 0, '', 1, 0, '', NULL, 0),
(3126, '城西区', '0', 459, 0, '', 1, 0, '', NULL, 0),
(3127, '城北区', '0', 459, 0, '', 1, 0, '', NULL, 0),
(3128, '大通回族土族自治县', '0', 459, 0, '', 1, 0, '', NULL, 0),
(3129, '湟中县', '0', 459, 0, '', 1, 0, '', NULL, 0),
(3130, '湟源县', '0', 459, 0, '', 1, 0, '', NULL, 0),
(3131, '平安县', '0', 460, 0, '', 1, 0, '', NULL, 0),
(3132, '民和回族土族自治县', '0', 460, 0, '', 1, 0, '', NULL, 0),
(3133, '乐都县', '0', 460, 0, '', 1, 0, '', NULL, 0),
(3134, '互助土族自治县', '0', 460, 0, '', 1, 0, '', NULL, 0),
(3135, '化隆回族自治县', '0', 460, 0, '', 1, 0, '', NULL, 0),
(3136, '循化撒拉族自治县', '0', 460, 0, '', 1, 0, '', NULL, 0),
(3137, '门源回族自治县', '0', 461, 0, '', 1, 0, '', NULL, 0),
(3138, '祁连县', '0', 461, 0, '', 1, 0, '', NULL, 0),
(3139, '海晏县', '0', 461, 0, '', 1, 0, '', NULL, 0),
(3140, '刚察县', '0', 461, 0, '', 1, 0, '', NULL, 0),
(3141, '同仁县', '0', 462, 0, '', 1, 0, '', NULL, 0),
(3142, '尖扎县', '0', 462, 0, '', 1, 0, '', NULL, 0),
(3143, '泽库县', '0', 462, 0, '', 1, 0, '', NULL, 0),
(3144, '河南蒙古族自治县', '0', 462, 0, '', 1, 0, '', NULL, 0),
(3145, '共和县', '0', 463, 0, '', 1, 0, '', NULL, 0),
(3146, '同德县', '0', 463, 0, '', 1, 0, '', NULL, 0),
(3147, '贵德县', '0', 463, 0, '', 1, 0, '', NULL, 0),
(3148, '兴海县', '0', 463, 0, '', 1, 0, '', NULL, 0),
(3149, '贵南县', '0', 463, 0, '', 1, 0, '', NULL, 0),
(3150, '玛沁县', '0', 464, 0, '', 1, 0, '', NULL, 0),
(3151, '班玛县', '0', 464, 0, '', 1, 0, '', NULL, 0),
(3152, '甘德县', '0', 464, 0, '', 1, 0, '', NULL, 0),
(3153, '达日县', '0', 464, 0, '', 1, 0, '', NULL, 0),
(3154, '久治县', '0', 464, 0, '', 1, 0, '', NULL, 0),
(3155, '玛多县', '0', 464, 0, '', 1, 0, '', NULL, 0),
(3156, '玉树县', '0', 465, 0, '', 1, 0, '', NULL, 0),
(3157, '杂多县', '0', 465, 0, '', 1, 0, '', NULL, 0),
(3158, '称多县', '0', 465, 0, '', 1, 0, '', NULL, 0),
(3159, '治多县', '0', 465, 0, '', 1, 0, '', NULL, 0),
(3160, '囊谦县', '0', 465, 0, '', 1, 0, '', NULL, 0),
(3161, '曲麻莱县', '0', 465, 0, '', 1, 0, '', NULL, 0),
(3162, '格尔木市', '0', 466, 0, '', 1, 0, '', NULL, 0),
(3163, '德令哈市', '0', 466, 0, '', 1, 0, '', NULL, 0),
(3164, '乌兰县', '0', 466, 0, '', 1, 0, '', NULL, 0),
(3165, '都兰县', '0', 466, 0, '', 1, 0, '', NULL, 0),
(3166, '天峻县', '0', 466, 0, '', 1, 0, '', NULL, 0),
(3167, '兴庆区', '0', 467, 0, '', 1, 0, '', NULL, 0),
(3168, '西夏区', '0', 467, 0, '', 1, 0, '', NULL, 0),
(3169, '金凤区', '0', 467, 0, '', 1, 0, '', NULL, 0),
(3170, '永宁县', '0', 467, 0, '', 1, 0, '', NULL, 0),
(3171, '贺兰县', '0', 467, 0, '', 1, 0, '', NULL, 0),
(3172, '灵武市', '0', 467, 0, '', 1, 0, '', NULL, 0),
(3173, '大武口区', '0', 468, 0, '', 1, 0, '', NULL, 0),
(3174, '惠农区', '0', 468, 0, '', 1, 0, '', NULL, 0),
(3175, '平罗县', '0', 468, 0, '', 1, 0, '', NULL, 0),
(3176, '利通区', '0', 469, 0, '', 1, 0, '', NULL, 0),
(3177, '盐池县', '0', 469, 0, '', 1, 0, '', NULL, 0),
(3178, '同心县', '0', 469, 0, '', 1, 0, '', NULL, 0),
(3179, '青铜峡市', '0', 469, 0, '', 1, 0, '', NULL, 0),
(3180, '原州区', '0', 470, 0, '', 1, 0, '', NULL, 0),
(3181, '西吉县', '0', 470, 0, '', 1, 0, '', NULL, 0),
(3182, '隆德县', '0', 470, 0, '', 1, 0, '', NULL, 0),
(3183, '泾源县', '0', 470, 0, '', 1, 0, '', NULL, 0),
(3184, '彭阳县', '0', 470, 0, '', 1, 0, '', NULL, 0),
(3185, '沙坡头区', '0', 471, 0, '', 1, 0, '', NULL, 0),
(3186, '中宁县', '0', 471, 0, '', 1, 0, '', NULL, 0),
(3187, '海原县', '0', 471, 0, '', 1, 0, '', NULL, 0),
(3188, '天山区', '0', 472, 0, '', 1, 0, '', NULL, 0),
(3189, '沙依巴克区', '0', 472, 0, '', 1, 0, '', NULL, 0),
(3190, '新市区', '0', 472, 0, '', 1, 0, '', NULL, 0),
(3191, '水磨沟区', '0', 472, 0, '', 1, 0, '', NULL, 0),
(3192, '头屯河区', '0', 472, 0, '', 1, 0, '', NULL, 0),
(3193, '达坂城区', '0', 472, 0, '', 1, 0, '', NULL, 0),
(3194, '东山区', '0', 472, 0, '', 1, 0, '', NULL, 0),
(3195, '乌鲁木齐县', '0', 472, 0, '', 1, 0, '', NULL, 0),
(3196, '独山子区', '0', 473, 0, '', 1, 0, '', NULL, 0),
(3197, '克拉玛依区', '0', 473, 0, '', 1, 0, '', NULL, 0),
(3198, '白碱滩区', '0', 473, 0, '', 1, 0, '', NULL, 0),
(3199, '乌尔禾区', '0', 473, 0, '', 1, 0, '', NULL, 0),
(3200, '吐鲁番市', '0', 474, 0, '', 1, 0, '', NULL, 0),
(3201, '鄯善县', '0', 474, 0, '', 1, 0, '', NULL, 0),
(3202, '托克逊县', '0', 474, 0, '', 1, 0, '', NULL, 0),
(3203, '哈密市', '0', 475, 0, '', 1, 0, '', NULL, 0),
(3204, '巴里坤哈萨克自治县', '0', 475, 0, '', 1, 0, '', NULL, 0),
(3205, '伊吾县', '0', 475, 0, '', 1, 0, '', NULL, 0),
(3206, '昌吉市', '0', 476, 0, '', 1, 0, '', NULL, 0),
(3207, '阜康市', '0', 476, 0, '', 1, 0, '', NULL, 0),
(3208, '米泉市', '0', 476, 0, '', 1, 0, '', NULL, 0),
(3209, '呼图壁县', '0', 476, 0, '', 1, 0, '', NULL, 0),
(3210, '玛纳斯县', '0', 476, 0, '', 1, 0, '', NULL, 0),
(3211, '奇台县', '0', 476, 0, '', 1, 0, '', NULL, 0),
(3212, '吉木萨尔县', '0', 476, 0, '', 1, 0, '', NULL, 0),
(3213, '木垒哈萨克自治县', '0', 476, 0, '', 1, 0, '', NULL, 0),
(3214, '博乐市', '0', 477, 0, '', 1, 0, '', NULL, 0),
(3215, '精河县', '0', 477, 0, '', 1, 0, '', NULL, 0),
(3216, '温泉县', '0', 477, 0, '', 1, 0, '', NULL, 0),
(3217, '库尔勒市', '0', 478, 0, '', 1, 0, '', NULL, 0),
(3218, '轮台县', '0', 478, 0, '', 1, 0, '', NULL, 0),
(3219, '尉犁县', '0', 478, 0, '', 1, 0, '', NULL, 0),
(3220, '若羌县', '0', 478, 0, '', 1, 0, '', NULL, 0),
(3221, '且末县', '0', 478, 0, '', 1, 0, '', NULL, 0),
(3222, '焉耆回族自治县', '0', 478, 0, '', 1, 0, '', NULL, 0),
(3223, '和静县', '0', 478, 0, '', 1, 0, '', NULL, 0),
(3224, '和硕县', '0', 478, 0, '', 1, 0, '', NULL, 0),
(3225, '博湖县', '0', 478, 0, '', 1, 0, '', NULL, 0),
(3226, '阿克苏市', '0', 479, 0, '', 1, 0, '', NULL, 0),
(3227, '温宿县', '0', 479, 0, '', 1, 0, '', NULL, 0),
(3228, '库车县', '0', 479, 0, '', 1, 0, '', NULL, 0),
(3229, '沙雅县', '0', 479, 0, '', 1, 0, '', NULL, 0),
(3230, '新和县', '0', 479, 0, '', 1, 0, '', NULL, 0),
(3231, '拜城县', '0', 479, 0, '', 1, 0, '', NULL, 0),
(3232, '乌什县', '0', 479, 0, '', 1, 0, '', NULL, 0),
(3233, '阿瓦提县', '0', 479, 0, '', 1, 0, '', NULL, 0),
(3234, '柯坪县', '0', 479, 0, '', 1, 0, '', NULL, 0),
(3235, '阿图什市', '0', 480, 0, '', 1, 0, '', NULL, 0),
(3236, '阿克陶县', '0', 480, 0, '', 1, 0, '', NULL, 0),
(3237, '阿合奇县', '0', 480, 0, '', 1, 0, '', NULL, 0),
(3238, '乌恰县', '0', 480, 0, '', 1, 0, '', NULL, 0),
(3239, '喀什市', '0', 481, 0, '', 1, 0, '', NULL, 0),
(3240, '疏附县', '0', 481, 0, '', 1, 0, '', NULL, 0),
(3241, '疏勒县', '0', 481, 0, '', 1, 0, '', NULL, 0),
(3242, '英吉沙县', '0', 481, 0, '', 1, 0, '', NULL, 0),
(3243, '泽普县', '0', 481, 0, '', 1, 0, '', NULL, 0),
(3244, '莎车县', '0', 481, 0, '', 1, 0, '', NULL, 0),
(3245, '叶城县', '0', 481, 0, '', 1, 0, '', NULL, 0),
(3246, '麦盖提县', '0', 481, 0, '', 1, 0, '', NULL, 0),
(3247, '岳普湖县', '0', 481, 0, '', 1, 0, '', NULL, 0),
(3248, '伽师县', '0', 481, 0, '', 1, 0, '', NULL, 0),
(3249, '巴楚县', '0', 481, 0, '', 1, 0, '', NULL, 0),
(3250, '塔什库尔干塔吉克自治县', '0', 481, 0, '', 1, 0, '', NULL, 0),
(3251, '和田市', '0', 482, 0, '', 1, 0, '', NULL, 0),
(3252, '和田县', '0', 482, 0, '', 1, 0, '', NULL, 0),
(3253, '墨玉县', '0', 482, 0, '', 1, 0, '', NULL, 0),
(3254, '皮山县', '0', 482, 0, '', 1, 0, '', NULL, 0),
(3255, '洛浦县', '0', 482, 0, '', 1, 0, '', NULL, 0),
(3256, '策勒县', '0', 482, 0, '', 1, 0, '', NULL, 0),
(3257, '于田县', '0', 482, 0, '', 1, 0, '', NULL, 0),
(3258, '民丰县', '0', 482, 0, '', 1, 0, '', NULL, 0),
(3259, '伊宁市', '0', 483, 0, '', 1, 0, '', NULL, 0),
(3260, '奎屯市', '0', 483, 0, '', 1, 0, '', NULL, 0),
(3261, '伊宁县', '0', 483, 0, '', 1, 0, '', NULL, 0),
(3262, '察布查尔锡伯自治县', '0', 483, 0, '', 1, 0, '', NULL, 0),
(3263, '霍城县', '0', 483, 0, '', 1, 0, '', NULL, 0),
(3264, '巩留县', '0', 483, 0, '', 1, 0, '', NULL, 0),
(3265, '新源县', '0', 483, 0, '', 1, 0, '', NULL, 0),
(3266, '昭苏县', '0', 483, 0, '', 1, 0, '', NULL, 0),
(3267, '特克斯县', '0', 483, 0, '', 1, 0, '', NULL, 0),
(3268, '尼勒克县', '0', 483, 0, '', 1, 0, '', NULL, 0),
(3269, '塔城市', '0', 484, 0, '', 1, 0, '', NULL, 0),
(3270, '乌苏市', '0', 484, 0, '', 1, 0, '', NULL, 0),
(3271, '额敏县', '0', 484, 0, '', 1, 0, '', NULL, 0),
(3272, '沙湾县', '0', 484, 0, '', 1, 0, '', NULL, 0),
(3273, '托里县', '0', 484, 0, '', 1, 0, '', NULL, 0),
(3274, '裕民县', '0', 484, 0, '', 1, 0, '', NULL, 0),
(3275, '和布克赛尔蒙古自治县', '0', 484, 0, '', 1, 0, '', NULL, 0),
(3276, '阿勒泰市', '0', 485, 0, '', 1, 0, '', NULL, 0),
(3277, '布尔津县', '0', 485, 0, '', 1, 0, '', NULL, 0),
(3278, '富蕴县', '0', 485, 0, '', 1, 0, '', NULL, 0),
(3279, '福海县', '0', 485, 0, '', 1, 0, '', NULL, 0),
(3280, '哈巴河县', '0', 485, 0, '', 1, 0, '', NULL, 0),
(3281, '青河县', '0', 485, 0, '', 1, 0, '', NULL, 0),
(3282, '吉木乃县', '0', 485, 0, '', 1, 0, '', NULL, 0),
(3358, '钓鱼岛', '', 0, 0, '', 1, 0, '', NULL, 0),
(3359, '钓鱼岛', '', 3358, 0, '', 1, 0, '', NULL, 0),
(3360, '分类信息', '1', 0, 0, '', 0, 0, '0', NULL, 0),
(3361, '北京', '1', 0, 0, '', 3360, 0, '0', NULL, 0),
(3362, '朝阳', '1', 3361, 0, '', 3360, 0, '0', NULL, 0),
(3363, '国贸', '1', 3362, 0, '', 3360, 0, '0', NULL, 0),
(3364, 'CBD', '1', 3362, 0, '', 3360, 0, '0', NULL, 0);

-- --------------------------------------------------------

--
-- 表的结构 `v9_log`
--

CREATE TABLE IF NOT EXISTS `v9_log` (
  `logid` int(10) unsigned NOT NULL AUTO_INCREMENT,
  `field` varchar(15) NOT NULL,
  `value` int(10) unsigned NOT NULL DEFAULT '0',
  `module` varchar(15) NOT NULL,
  `file` varchar(20) NOT NULL,
  `action` varchar(20) NOT NULL,
  `querystring` varchar(255) NOT NULL,
  `data` mediumtext NOT NULL,
  `userid` mediumint(8) unsigned NOT NULL DEFAULT '0',
  `username` varchar(20) NOT NULL,
  `ip` varchar(15) NOT NULL,
  `time` datetime NOT NULL DEFAULT '0000-00-00 00:00:00',
  PRIMARY KEY (`logid`),
  KEY `module` (`module`,`file`,`action`),
  KEY `username` (`username`,`action`)
) ENGINE=MyISAM  DEFAULT CHARSET=utf8 AUTO_INCREMENT=221 ;

--
-- 转存表中的数据 `v9_log`
--

INSERT INTO `v9_log` (`logid`, `field`, `value`, `module`, `file`, `action`, `querystring`, `data`, `userid`, `username`, `ip`, `time`) VALUES
(1, '', 0, 'admin', '', 'index', '?m=admin&c=index&a=login', '', 0, 'phpcms', '127.0.0.1', '2013-12-09 09:05:10'),
(2, '', 0, 'admin', '', 'index', '?m=admin&c=index&a=login', '', 0, 'phpcms', '127.0.0.1', '2013-12-09 09:05:32'),
(3, '', 0, 'admin', '', 'index', '?m=admin&c=index&a=login', '', 0, 'phpcms', '127.0.0.1', '2013-12-09 09:05:33'),
(4, '', 0, 'admin', '', 'site', '?m=admin&c=site&a=edit', '', 1, 'phpcms', '127.0.0.1', '2013-12-09 09:05:42'),
(5, '', 0, 'admin', '', 'site', '?m=admin&c=site&a=edit', '', 1, 'phpcms', '127.0.0.1', '2013-12-09 09:05:48'),
(6, '', 0, 'admin', '', 'site', '?m=admin&c=site&a=edit', '', 1, 'phpcms', '127.0.0.1', '2013-12-09 09:05:51'),
(7, '', 0, 'admin', '', 'site', '?m=admin&c=site&a=edit', '', 1, 'phpcms', '127.0.0.1', '2013-12-09 09:06:01'),
(8, '', 0, 'content', '', 'create_html', '?m=content&c=create_html&a=update_urls', '', 1, 'phpcms', '127.0.0.1', '2013-12-09 09:06:20'),
(9, '', 0, 'content', '', 'create_html', '?m=content&c=create_html&a=update_urls', '', 1, 'phpcms', '127.0.0.1', '2013-12-09 09:06:22'),
(10, '', 0, 'content', '', 'create_html', '?m=content&c=create_html&a=update_urls', '', 1, 'phpcms', '127.0.0.1', '2013-12-09 09:06:22'),
(11, '', 0, 'content', '', 'create_html', '?m=content&c=create_html&a=update_urls', '', 1, 'phpcms', '127.0.0.1', '2013-12-09 09:06:22'),
(12, '', 0, 'content', '', 'create_html', '?m=content&c=create_html&a=update_urls', '', 1, 'phpcms', '127.0.0.1', '2013-12-09 09:06:22'),
(13, '', 0, 'content', '', 'create_html', '?m=content&c=create_html&a=update_urls', '', 1, 'phpcms', '127.0.0.1', '2013-12-09 09:06:23'),
(14, '', 0, 'content', '', 'create_html', '?m=content&c=create_html&a=update_urls', '', 1, 'phpcms', '127.0.0.1', '2013-12-09 09:06:23'),
(15, '', 0, 'content', '', 'create_html', '?m=content&c=create_html&a=update_urls', '', 1, 'phpcms', '127.0.0.1', '2013-12-09 09:06:23'),
(16, '', 0, 'content', '', 'create_html', '?m=content&c=create_html&a=update_urls', '', 1, 'phpcms', '127.0.0.1', '2013-12-09 09:06:24'),
(17, '', 0, 'content', '', 'create_html', '?m=content&c=create_html&a=update_urls', '', 1, 'phpcms', '127.0.0.1', '2013-12-09 09:06:24'),
(18, '', 0, 'content', '', 'create_html', '?m=content&c=create_html&a=update_urls', '', 1, 'phpcms', '127.0.0.1', '2013-12-09 09:06:24'),
(19, '', 0, 'content', '', 'create_html', '?m=content&c=create_html&a=update_urls', '', 1, 'phpcms', '127.0.0.1', '2013-12-09 09:06:24'),
(20, '', 0, 'content', '', 'create_html', '?m=content&c=create_html&a=update_urls', '', 1, 'phpcms', '127.0.0.1', '2013-12-09 09:06:25'),
(21, '', 0, 'content', '', 'create_html', '?m=content&c=create_html&a=update_urls', '', 1, 'phpcms', '127.0.0.1', '2013-12-09 09:06:25'),
(22, '', 0, 'content', '', 'create_html', '?m=content&c=create_html&a=update_urls', '', 1, 'phpcms', '127.0.0.1', '2013-12-09 09:06:25'),
(23, '', 0, 'content', '', 'create_html', '?m=content&c=create_html&a=update_urls', '', 1, 'phpcms', '127.0.0.1', '2013-12-09 09:06:25'),
(24, '', 0, 'content', '', 'create_html', '?m=content&c=create_html&a=update_urls', '', 1, 'phpcms', '127.0.0.1', '2013-12-09 09:06:26'),
(25, '', 0, 'content', '', 'create_html', '?m=content&c=create_html&a=update_urls', '', 1, 'phpcms', '127.0.0.1', '2013-12-09 09:06:26'),
(26, '', 0, 'content', '', 'create_html', '?m=content&c=create_html&a=update_urls', '', 1, 'phpcms', '127.0.0.1', '2013-12-09 09:06:26'),
(27, '', 0, 'content', '', 'create_html', '?m=content&c=create_html&a=update_urls', '', 1, 'phpcms', '127.0.0.1', '2013-12-09 09:06:27'),
(28, '', 0, 'content', '', 'create_html', '?m=content&c=create_html&a=update_urls', '', 1, 'phpcms', '127.0.0.1', '2013-12-09 09:06:27'),
(29, '', 0, 'content', '', 'create_html', '?m=content&c=create_html&a=update_urls', '', 1, 'phpcms', '127.0.0.1', '2013-12-09 09:06:27'),
(30, '', 0, 'content', '', 'create_html', '?m=content&c=create_html&a=update_urls', '', 1, 'phpcms', '127.0.0.1', '2013-12-09 09:06:27'),
(31, '', 0, 'content', '', 'create_html', '?m=content&c=create_html&a=update_urls', '', 1, 'phpcms', '127.0.0.1', '2013-12-09 09:06:28'),
(32, '', 0, 'content', '', 'create_html', '?m=content&c=create_html&a=update_urls', '', 1, 'phpcms', '127.0.0.1', '2013-12-09 09:06:28'),
(33, '', 0, 'content', '', 'create_html', '?m=content&c=create_html&a=update_urls', '', 1, 'phpcms', '127.0.0.1', '2013-12-09 09:06:28'),
(34, '', 0, 'content', '', 'create_html', '?m=content&c=create_html&a=update_urls', '', 1, 'phpcms', '127.0.0.1', '2013-12-09 09:06:28'),
(35, '', 0, 'content', '', 'create_html', '?m=content&c=create_html&a=update_urls', '', 1, 'phpcms', '127.0.0.1', '2013-12-09 09:06:29'),
(36, '', 0, 'content', '', 'create_html', '?m=content&c=create_html&a=update_urls', '', 1, 'phpcms', '127.0.0.1', '2013-12-09 09:06:29'),
(37, '', 0, 'content', '', 'create_html', '?m=content&c=create_html&a=update_urls', '', 1, 'phpcms', '127.0.0.1', '2013-12-09 09:06:29'),
(38, '', 0, 'content', '', 'create_html', '?m=content&c=create_html&a=update_urls', '', 1, 'phpcms', '127.0.0.1', '2013-12-09 09:06:29'),
(39, '', 0, 'content', '', 'create_html', '?m=content&c=create_html&a=update_urls', '', 1, 'phpcms', '127.0.0.1', '2013-12-09 09:06:30'),
(40, '', 0, 'content', '', 'create_html', '?m=content&c=create_html&a=update_urls', '', 1, 'phpcms', '127.0.0.1', '2013-12-09 09:06:30'),
(41, '', 0, 'content', '', 'create_html', '?m=content&c=create_html&a=update_urls', '', 1, 'phpcms', '127.0.0.1', '2013-12-09 09:06:30'),
(42, '', 0, 'content', '', 'create_html', '?m=content&c=create_html&a=update_urls', '', 1, 'phpcms', '127.0.0.1', '2013-12-09 09:06:31'),
(43, '', 0, 'content', '', 'create_html', '?m=content&c=create_html&a=update_urls', '', 1, 'phpcms', '127.0.0.1', '2013-12-09 09:06:31'),
(44, '', 0, 'content', '', 'create_html', '?m=content&c=create_html&a=update_urls', '', 1, 'phpcms', '127.0.0.1', '2013-12-09 09:06:31'),
(45, '', 0, 'content', '', 'create_html', '?m=content&c=create_html&a=update_urls', '', 1, 'phpcms', '127.0.0.1', '2013-12-09 09:06:31'),
(46, '', 0, 'content', '', 'create_html', '?m=content&c=create_html&a=update_urls', '', 1, 'phpcms', '127.0.0.1', '2013-12-09 09:06:32'),
(47, '', 0, 'content', '', 'create_html', '?m=content&c=create_html&a=update_urls', '', 1, 'phpcms', '127.0.0.1', '2013-12-09 09:06:32'),
(48, '', 0, 'content', '', 'create_html', '?m=content&c=create_html&a=update_urls', '', 1, 'phpcms', '127.0.0.1', '2013-12-09 09:06:32'),
(49, '', 0, 'content', '', 'create_html', '?m=content&c=create_html&a=update_urls', '', 1, 'phpcms', '127.0.0.1', '2013-12-09 09:06:32'),
(50, '', 0, 'content', '', 'create_html', '?m=content&c=create_html&a=update_urls', '', 1, 'phpcms', '127.0.0.1', '2013-12-09 09:06:33'),
(51, '', 0, 'content', '', 'create_html', '?m=content&c=create_html&a=show', '', 1, 'phpcms', '127.0.0.1', '2013-12-09 09:07:23'),
(52, '', 0, 'content', '', 'create_html', '?m=content&c=create_html&a=show', '', 1, 'phpcms', '127.0.0.1', '2013-12-09 09:07:24'),
(53, '', 0, 'content', '', 'create_html', '?m=content&c=create_html&a=show', '', 1, 'phpcms', '127.0.0.1', '2013-12-09 09:07:25'),
(54, '', 0, 'content', '', 'create_html', '?m=content&c=create_html&a=show', '', 1, 'phpcms', '127.0.0.1', '2013-12-09 09:07:25'),
(55, '', 0, 'admin', '', 'site', '?m=admin&c=site&a=edit', '', 1, 'phpcms', '127.0.0.1', '2013-12-09 09:08:56'),
(56, '', 0, 'admin', '', 'site', '?m=admin&c=site&a=edit', '', 1, 'phpcms', '127.0.0.1', '2013-12-09 09:09:02'),
(57, '', 0, 'video', '', 'batch_upload', '?m=video&c=batch_upload&a=get_filename', '', 1, 'phpcms', '127.0.0.1', '2013-12-09 09:09:12'),
(58, '', 0, 'content', '', 'content', '?m=content&c=content&a=add_othors', '', 1, 'phpcms', '127.0.0.1', '2013-12-09 09:09:15'),
(59, '', 0, 'admin', '', 'index', '?m=admin&c=index&a=login', '', 0, 'phpcms', '127.0.0.1', '2013-12-09 09:38:50'),
(60, '', 0, 'admin', '', 'index', '?m=admin&c=index&a=login', '', 0, 'phpcms', '127.0.0.1', '2013-12-09 09:39:01'),
(61, '', 0, 'content', '', 'content', '?m=content&c=content&a=edit', '', 1, 'phpcms', '127.0.0.1', '2013-12-09 09:39:32'),
(62, '', 0, 'content', '', 'content', '?m=content&c=content&a=edit', '', 1, 'phpcms', '127.0.0.1', '2013-12-09 09:40:47'),
(63, '', 0, 'content', '', 'content', '?m=content&c=content&a=edit', '', 1, 'phpcms', '127.0.0.1', '2013-12-09 09:41:03'),
(64, '', 0, 'content', '', 'content', '?m=content&c=content&a=add', '', 1, 'phpcms', '127.0.0.1', '2013-12-09 09:41:49'),
(65, '', 0, 'content', '', 'content', '?m=content&c=content&a=add', '', 1, 'phpcms', '127.0.0.1', '2013-12-09 09:42:00'),
(66, '', 0, 'content', '', 'content', '?m=content&c=content&a=edit', '', 1, 'phpcms', '127.0.0.1', '2013-12-09 09:42:37'),
(67, '', 0, 'content', '', 'content', '?m=content&c=content&a=edit', '', 1, 'phpcms', '127.0.0.1', '2013-12-09 09:42:46'),
(68, '', 0, 'admin', '', 'setting', '?m=admin&c=setting&a=save', '', 1, 'phpcms', '127.0.0.1', '2013-12-09 11:32:14'),
(69, '', 0, 'admin', '', 'setting', '?m=admin&c=setting&a=save', '', 1, 'phpcms', '127.0.0.1', '2013-12-09 11:35:14'),
(70, '', 0, 'admin', '', 'setting', '?m=admin&c=setting&a=save', '', 1, 'phpcms', '127.0.0.1', '2013-12-09 11:35:31'),
(71, '', 0, 'admin', '', 'setting', '?m=admin&c=setting&a=save', '', 1, 'phpcms', '127.0.0.1', '2013-12-09 11:37:16'),
(72, '', 0, 'admin', '', 'setting', '?m=admin&c=setting&a=save', '', 1, 'phpcms', '127.0.0.1', '2013-12-09 11:37:53'),
(73, '', 0, 'admin', '', 'setting', '?m=admin&c=setting&a=save', '', 1, 'phpcms', '127.0.0.1', '2013-12-09 11:38:19'),
(74, '', 0, 'admin', '', 'setting', '?m=admin&c=setting&a=save', '', 1, 'phpcms', '127.0.0.1', '2013-12-09 11:39:36'),
(75, '', 0, 'admin', '', 'setting', '?m=admin&c=setting&a=save', '', 1, 'phpcms', '127.0.0.1', '2013-12-09 11:43:16'),
(76, '', 0, 'admin', '', 'setting', '?m=admin&c=setting&a=save', '', 1, 'phpcms', '127.0.0.1', '2013-12-09 11:43:20'),
(77, '', 0, 'admin', '', 'index', '?m=admin&c=index&a=login', '', 0, 'phpcms', '127.0.0.1', '2013-12-10 09:15:26'),
(78, '', 0, 'admin', '', 'index', '?m=admin&c=index&a=login', '', 0, 'phpcms', '127.0.0.1', '2013-12-10 09:15:38'),
(79, '', 0, 'content', '', 'content', '?m=content&c=content&a=edit', '', 1, 'phpcms', '127.0.0.1', '2013-12-10 09:15:57'),
(80, '', 0, 'content', '', 'content', '?m=content&c=content&a=delete', '', 1, 'phpcms', '127.0.0.1', '2013-12-10 09:18:32'),
(81, '', 0, 'content', '', 'content', '?m=content&c=content&a=add', '', 1, 'phpcms', '127.0.0.1', '2013-12-10 09:18:36'),
(82, '', 0, 'content', '', 'content', '?m=content&c=content&a=add', '', 1, 'phpcms', '127.0.0.1', '2013-12-10 09:19:28'),
(83, '', 0, 'content', '', 'content', '?m=content&c=content&a=add', '', 1, 'phpcms', '127.0.0.1', '2013-12-10 09:22:41'),
(84, '', 0, 'content', '', 'content', '?m=content&c=content&a=add', '', 1, 'phpcms', '127.0.0.1', '2013-12-10 09:23:39'),
(85, '', 0, 'content', '', 'content', '?m=content&c=content&a=add', '', 1, 'phpcms', '127.0.0.1', '2013-12-10 09:23:52'),
(86, '', 0, 'content', '', 'content', '?m=content&c=content&a=add', '', 1, 'phpcms', '127.0.0.1', '2013-12-10 09:26:21'),
(87, '', 0, 'content', '', 'content', '?m=content&c=content&a=add', '', 1, 'phpcms', '127.0.0.1', '2013-12-10 09:27:48'),
(88, '', 0, 'content', '', 'content', '?m=content&c=content&a=add', '', 1, 'phpcms', '127.0.0.1', '2013-12-10 09:28:04'),
(89, '', 0, 'content', '', 'content', '?m=content&c=content&a=edit', '', 1, 'phpcms', '127.0.0.1', '2013-12-10 09:28:14'),
(90, '', 0, 'content', '', 'content', '?m=content&c=content&a=edit', '', 1, 'phpcms', '127.0.0.1', '2013-12-10 09:28:21'),
(91, '', 0, 'content', '', 'content', '?m=content&c=content&a=edit', '', 1, 'phpcms', '127.0.0.1', '2013-12-10 09:34:15'),
(92, '', 0, 'content', '', 'content', '?m=content&c=content&a=delete', '', 1, 'phpcms', '127.0.0.1', '2013-12-10 09:35:11'),
(93, '', 0, 'content', '', 'content', '?m=content&c=content&a=delete', '', 1, 'phpcms', '127.0.0.1', '2013-12-10 09:35:19'),
(94, '', 0, 'admin', '', 'category', '?m=admin&c=category&a=edit', '', 1, 'phpcms', '127.0.0.1', '2013-12-10 09:36:21'),
(95, '', 0, 'admin', '', 'category', '?m=admin&c=category&a=edit', '', 1, 'phpcms', '127.0.0.1', '2013-12-10 09:36:35'),
(96, '', 0, 'admin', '', 'category', '?m=admin&c=category&a=edit', '', 1, 'phpcms', '127.0.0.1', '2013-12-10 09:36:40'),
(97, '', 0, 'admin', '', 'category', '?m=admin&c=category&a=batch_edit', '', 1, 'phpcms', '127.0.0.1', '2013-12-10 09:36:46'),
(98, '', 0, 'admin', '', 'category', '?m=admin&c=category&a=batch_edit', '', 1, 'phpcms', '127.0.0.1', '2013-12-10 09:36:54'),
(99, '', 0, 'admin', '', 'category', '?m=admin&c=category&a=batch_edit', '', 1, 'phpcms', '127.0.0.1', '2013-12-10 09:38:48'),
(100, '', 0, 'content', '', 'content', '?m=content&c=content&a=add', '', 1, 'phpcms', '127.0.0.1', '2013-12-10 09:40:09'),
(101, '', 0, 'content', '', 'content', '?m=content&c=content&a=add', '', 1, 'phpcms', '127.0.0.1', '2013-12-10 09:40:33'),
(102, '', 0, 'content', '', 'content', '?m=content&c=content&a=edit', '', 1, 'phpcms', '127.0.0.1', '2013-12-10 09:40:41'),
(103, '', 0, 'content', '', 'content', '?m=content&c=content&a=edit', '', 1, 'phpcms', '127.0.0.1', '2013-12-10 09:40:46'),
(104, '', 0, 'content', '', 'create_html', '?m=content&c=create_html&a=category', '', 1, 'phpcms', '127.0.0.1', '2013-12-10 09:41:42'),
(105, '', 0, 'content', '', 'create_html', '?m=content&c=create_html&a=category', '', 1, 'phpcms', '127.0.0.1', '2013-12-10 09:41:43'),
(106, '', 0, 'content', '', 'create_html', '?m=content&c=create_html&a=category', '', 1, 'phpcms', '127.0.0.1', '2013-12-10 09:41:45'),
(107, '', 0, 'content', '', 'create_html', '?m=content&c=create_html&a=category', '', 1, 'phpcms', '127.0.0.1', '2013-12-10 09:41:45'),
(108, '', 0, 'content', '', 'create_html', '?m=content&c=create_html&a=show', '', 1, 'phpcms', '127.0.0.1', '2013-12-10 09:41:47'),
(109, '', 0, 'content', '', 'create_html', '?m=content&c=create_html&a=show', '', 1, 'phpcms', '127.0.0.1', '2013-12-10 09:41:48'),
(110, '', 0, 'content', '', 'create_html', '?m=content&c=create_html&a=show', '', 1, 'phpcms', '127.0.0.1', '2013-12-10 09:41:49'),
(111, '', 0, 'content', '', 'create_html', '?m=content&c=create_html&a=show', '', 1, 'phpcms', '127.0.0.1', '2013-12-10 09:41:49'),
(112, '', 0, 'admin', '', 'category', '?m=admin&c=category&a=add', '', 1, 'phpcms', '127.0.0.1', '2013-12-10 10:00:43'),
(113, '', 0, 'admin', '', 'category', '?m=admin&c=category&a=add', '', 1, 'phpcms', '127.0.0.1', '2013-12-10 10:01:25'),
(114, '', 0, 'content', '', 'content', '?m=content&c=content&a=add', '', 1, 'phpcms', '127.0.0.1', '2013-12-10 10:04:15'),
(115, '', 0, 'content', '', 'content', '?m=content&c=content&a=add', '', 1, 'phpcms', '127.0.0.1', '2013-12-10 10:07:14'),
(116, '', 0, 'content', '', 'content', '?m=content&c=content&a=delete', '', 1, 'phpcms', '127.0.0.1', '2013-12-10 10:11:05'),
(117, '', 0, 'admin', '', 'category', '?m=admin&c=category&a=edit', '', 1, 'phpcms', '127.0.0.1', '2013-12-10 10:11:14'),
(118, '', 0, 'admin', '', 'category', '?m=admin&c=category&a=edit', '', 1, 'phpcms', '127.0.0.1', '2013-12-10 10:11:17'),
(119, '', 0, 'admin', '', 'category', '?m=admin&c=category&a=edit', '', 1, 'phpcms', '127.0.0.1', '2013-12-10 10:13:21'),
(120, '', 0, 'admin', '', 'category', '?m=admin&c=category&a=edit', '', 1, 'phpcms', '127.0.0.1', '2013-12-10 10:13:24'),
(121, '', 0, 'admin', '', 'category', '?m=admin&c=category&a=edit', '', 1, 'phpcms', '127.0.0.1', '2013-12-10 10:13:29'),
(122, '', 0, 'admin', '', 'category', '?m=admin&c=category&a=edit', '', 1, 'phpcms', '127.0.0.1', '2013-12-10 10:13:32'),
(123, '', 0, 'content', '', 'content', '?m=content&c=content&a=add', '', 1, 'phpcms', '127.0.0.1', '2013-12-10 10:13:37'),
(124, '', 0, 'content', '', 'sitemodel', '?m=content&c=sitemodel&a=edit', '', 1, 'phpcms', '127.0.0.1', '2013-12-10 10:13:57'),
(125, '', 0, 'content', '', 'sitemodel_field', '?m=content&c=sitemodel_field&a=delete', '', 1, 'phpcms', '127.0.0.1', '2013-12-10 10:14:09'),
(126, '', 0, 'content', '', 'content', '?m=content&c=content&a=add', '', 1, 'phpcms', '127.0.0.1', '2013-12-10 10:14:15'),
(127, '', 0, 'content', '', 'content', '?m=content&c=content&a=add', '', 1, 'phpcms', '127.0.0.1', '2013-12-10 10:14:41'),
(128, '', 0, 'admin', '', 'category', '?m=admin&c=category&a=add', '', 1, 'phpcms', '127.0.0.1', '2013-12-10 10:19:25'),
(129, '', 0, 'admin', '', 'category', '?m=admin&c=category&a=add', '', 1, 'phpcms', '127.0.0.1', '2013-12-10 10:20:56'),
(130, '', 0, 'content', '', 'content', '?m=content&c=content&a=add', '', 1, 'phpcms', '127.0.0.1', '2013-12-10 10:21:03'),
(131, '', 0, 'content', '', 'content', '?m=content&c=content&a=add', '', 1, 'phpcms', '127.0.0.1', '2013-12-10 10:22:38'),
(132, '', 0, 'content', '', 'content', '?m=content&c=content&a=add', '', 1, 'phpcms', '127.0.0.1', '2013-12-10 10:22:39'),
(133, '', 0, 'admin', '', 'category', '?m=admin&c=category&a=edit', '', 1, 'phpcms', '127.0.0.1', '2013-12-10 10:36:04'),
(134, '', 0, 'admin', '', 'category', '?m=admin&c=category&a=edit', '', 1, 'phpcms', '127.0.0.1', '2013-12-10 10:36:19'),
(135, '', 0, 'admin', '', 'category', '?m=admin&c=category&a=delete', '', 1, 'phpcms', '127.0.0.1', '2013-12-10 10:37:20'),
(136, '', 0, 'admin', '', 'category', '?m=admin&c=category&a=add', '', 1, 'phpcms', '127.0.0.1', '2013-12-10 10:37:27'),
(137, '', 0, 'admin', '', 'category', '?m=admin&c=category&a=add', '', 1, 'phpcms', '127.0.0.1', '2013-12-10 10:37:48'),
(138, '', 0, 'content', '', 'sitemodel_field', '?m=content&c=sitemodel_field&a=add', '', 1, 'phpcms', '127.0.0.1', '2013-12-10 10:38:23'),
(139, '', 0, 'content', '', 'sitemodel_field', '?m=content&c=sitemodel_field&a=add', '', 1, 'phpcms', '127.0.0.1', '2013-12-10 10:39:02'),
(140, '', 0, 'content', '', 'sitemodel_field', '?m=content&c=sitemodel_field&a=add', '', 1, 'phpcms', '127.0.0.1', '2013-12-10 10:39:18'),
(141, '', 0, 'content', '', 'sitemodel_field', '?m=content&c=sitemodel_field&a=add', '', 1, 'phpcms', '127.0.0.1', '2013-12-10 10:39:37'),
(142, '', 0, 'content', '', 'content', '?m=content&c=content&a=edit', '', 1, 'phpcms', '127.0.0.1', '2013-12-10 10:39:47'),
(143, '', 0, 'content', '', 'sitemodel_field', '?m=content&c=sitemodel_field&a=edit', '', 1, 'phpcms', '127.0.0.1', '2013-12-10 10:40:12'),
(144, '', 0, 'content', '', 'sitemodel_field', '?m=content&c=sitemodel_field&a=edit', '', 1, 'phpcms', '127.0.0.1', '2013-12-10 10:40:23'),
(145, '', 0, 'content', '', 'sitemodel_field', '?m=content&c=sitemodel_field&a=edit', '', 1, 'phpcms', '127.0.0.1', '2013-12-10 10:40:39'),
(146, '', 0, 'content', '', 'sitemodel_field', '?m=content&c=sitemodel_field&a=edit', '', 1, 'phpcms', '127.0.0.1', '2013-12-10 10:40:49'),
(147, '', 0, 'content', '', 'sitemodel_field', '?m=content&c=sitemodel_field&a=edit', '', 1, 'phpcms', '127.0.0.1', '2013-12-10 10:40:52'),
(148, '', 0, 'content', '', 'sitemodel_field', '?m=content&c=sitemodel_field&a=edit', '', 1, 'phpcms', '127.0.0.1', '2013-12-10 10:40:59'),
(149, '', 0, 'content', '', 'sitemodel_field', '?m=content&c=sitemodel_field&a=edit', '', 1, 'phpcms', '127.0.0.1', '2013-12-10 10:41:14'),
(150, '', 0, 'content', '', 'sitemodel_field', '?m=content&c=sitemodel_field&a=edit', '', 1, 'phpcms', '127.0.0.1', '2013-12-10 10:41:18'),
(151, '', 0, 'content', '', 'sitemodel_field', '?m=content&c=sitemodel_field&a=disabled', '', 1, 'phpcms', '127.0.0.1', '2013-12-10 10:42:01'),
(152, '', 0, 'content', '', 'sitemodel_field', '?m=content&c=sitemodel_field&a=disabled', '', 1, 'phpcms', '127.0.0.1', '2013-12-10 10:42:07'),
(153, '', 0, 'content', '', 'sitemodel_field', '?m=content&c=sitemodel_field&a=disabled', '', 1, 'phpcms', '127.0.0.1', '2013-12-10 10:42:10'),
(154, '', 0, 'content', '', 'sitemodel_field', '?m=content&c=sitemodel_field&a=disabled', '', 1, 'phpcms', '127.0.0.1', '2013-12-10 10:42:16'),
(155, '', 0, 'content', '', 'sitemodel_field', '?m=content&c=sitemodel_field&a=disabled', '', 1, 'phpcms', '127.0.0.1', '2013-12-10 10:42:23'),
(156, '', 0, 'content', '', 'sitemodel_field', '?m=content&c=sitemodel_field&a=disabled', '', 1, 'phpcms', '127.0.0.1', '2013-12-10 10:42:32'),
(157, '', 0, 'content', '', 'content', '?m=content&c=content&a=add', '', 1, 'phpcms', '127.0.0.1', '2013-12-10 10:43:50'),
(158, '', 0, 'content', '', 'sitemodel', '?m=content&c=sitemodel&a=edit', '', 1, 'phpcms', '127.0.0.1', '2013-12-10 10:44:01'),
(159, '', 0, 'content', '', 'sitemodel_field', '?m=content&c=sitemodel_field&a=disabled', '', 1, 'phpcms', '127.0.0.1', '2013-12-10 10:44:09'),
(160, '', 0, 'content', '', 'content', '?m=content&c=content&a=edit', '', 1, 'phpcms', '127.0.0.1', '2013-12-10 10:44:22'),
(161, '', 0, 'content', '', 'sitemodel_field', '?m=content&c=sitemodel_field&a=listorder', '', 1, 'phpcms', '127.0.0.1', '2013-12-10 10:44:54'),
(162, '', 0, 'content', '', 'sitemodel_field', '?m=content&c=sitemodel_field&a=listorder', '', 1, 'phpcms', '127.0.0.1', '2013-12-10 10:45:21'),
(163, '', 0, 'content', '', 'sitemodel_field', '?m=content&c=sitemodel_field&a=listorder', '', 1, 'phpcms', '127.0.0.1', '2013-12-10 10:45:34'),
(164, '', 0, 'content', '', 'content', '?m=content&c=content&a=edit', '', 1, 'phpcms', '127.0.0.1', '2013-12-10 10:46:00'),
(165, '', 0, 'content', '', 'content', '?m=content&c=content&a=edit', '', 1, 'phpcms', '127.0.0.1', '2013-12-10 10:46:17'),
(166, '', 0, 'content', '', 'sitemodel_field', '?m=content&c=sitemodel_field&a=add', '', 1, 'phpcms', '127.0.0.1', '2013-12-10 10:52:16'),
(167, '', 0, 'content', '', 'sitemodel_field', '?m=content&c=sitemodel_field&a=add', '', 1, 'phpcms', '127.0.0.1', '2013-12-10 10:52:34'),
(168, '', 0, 'content', '', 'sitemodel_field', '?m=content&c=sitemodel_field&a=listorder', '', 1, 'phpcms', '127.0.0.1', '2013-12-10 10:52:43'),
(169, '', 0, 'content', '', 'content', '?m=content&c=content&a=edit', '', 1, 'phpcms', '127.0.0.1', '2013-12-10 10:53:00'),
(170, '', 0, 'content', '', 'content', '?m=content&c=content&a=edit', '', 1, 'phpcms', '127.0.0.1', '2013-12-10 10:53:10'),
(171, '', 0, 'content', '', 'content', '?m=content&c=content&a=edit', '', 1, 'phpcms', '127.0.0.1', '2013-12-10 10:55:18'),
(172, '', 0, 'content', '', 'sitemodel_field', '?m=content&c=sitemodel_field&a=edit', '', 1, 'phpcms', '127.0.0.1', '2013-12-10 10:55:31'),
(173, '', 0, 'content', '', 'sitemodel_field', '?m=content&c=sitemodel_field&a=edit', '', 1, 'phpcms', '127.0.0.1', '2013-12-10 10:55:41'),
(174, '', 0, 'content', '', 'content', '?m=content&c=content&a=edit', '', 1, 'phpcms', '127.0.0.1', '2013-12-10 11:02:04'),
(175, '', 0, 'content', '', 'content', '?m=content&c=content&a=edit', '', 1, 'phpcms', '127.0.0.1', '2013-12-10 11:02:07'),
(176, '', 0, 'content', '', 'content', '?m=content&c=content&a=edit', '', 1, 'phpcms', '127.0.0.1', '2013-12-10 11:02:10'),
(177, '', 0, 'content', '', 'content', '?m=content&c=content&a=delete', '', 1, 'phpcms', '127.0.0.1', '2013-12-10 12:51:42'),
(178, '', 0, 'content', '', 'content', '?m=content&c=content&a=delete', '', 1, 'phpcms', '127.0.0.1', '2013-12-10 12:51:48'),
(179, '', 0, 'content', '', 'content', '?m=content&c=content&a=delete', '', 1, 'phpcms', '127.0.0.1', '2013-12-10 12:51:53'),
(180, '', 0, 'content', '', 'content', '?m=content&c=content&a=delete', '', 1, 'phpcms', '127.0.0.1', '2013-12-10 12:52:02'),
(181, '', 0, 'content', '', 'content', '?m=content&c=content&a=delete', '', 1, 'phpcms', '127.0.0.1', '2013-12-10 12:52:08'),
(182, '', 0, 'content', '', 'content', '?m=content&c=content&a=delete', '', 1, 'phpcms', '127.0.0.1', '2013-12-10 12:52:37'),
(183, '', 0, 'content', '', 'content', '?m=content&c=content&a=delete', '', 1, 'phpcms', '127.0.0.1', '2013-12-10 12:56:41'),
(184, '', 0, 'content', '', 'content', '?m=content&c=content&a=delete', '', 1, 'phpcms', '127.0.0.1', '2013-12-10 12:56:46'),
(185, '', 0, 'content', '', 'content', '?m=content&c=content&a=delete', '', 1, 'phpcms', '127.0.0.1', '2013-12-10 12:56:53'),
(186, '', 0, 'content', '', 'content', '?m=content&c=content&a=edit', '', 1, 'phpcms', '127.0.0.1', '2013-12-10 12:58:11'),
(187, '', 0, 'content', '', 'content', '?m=content&c=content&a=edit', '', 1, 'phpcms', '127.0.0.1', '2013-12-10 12:58:39'),
(188, '', 0, 'content', '', 'content', '?m=content&c=content&a=edit', '', 1, 'phpcms', '127.0.0.1', '2013-12-10 12:58:44'),
(189, '', 0, 'content', '', 'content', '?m=content&c=content&a=edit', '', 1, 'phpcms', '127.0.0.1', '2013-12-10 12:59:31'),
(190, '', 0, 'content', '', 'content', '?m=content&c=content&a=delete', '', 1, 'phpcms', '127.0.0.1', '2013-12-10 13:16:29'),
(191, '', 0, 'content', '', 'content', '?m=content&c=content&a=delete', '', 1, 'phpcms', '127.0.0.1', '2013-12-10 13:16:35'),
(192, '', 0, 'content', '', 'content', '?m=content&c=content&a=delete', '', 1, 'phpcms', '127.0.0.1', '2013-12-10 13:16:41'),
(193, '', 0, 'content', '', 'content', '?m=content&c=content&a=delete', '', 1, 'phpcms', '127.0.0.1', '2013-12-10 13:17:01'),
(194, '', 0, 'content', '', 'content', '?m=content&c=content&a=delete', '', 1, 'phpcms', '127.0.0.1', '2013-12-10 13:17:08'),
(195, '', 0, 'content', '', 'content', '?m=content&c=content&a=delete', '', 1, 'phpcms', '127.0.0.1', '2013-12-10 13:17:14'),
(196, '', 0, 'content', '', 'content', '?m=content&c=content&a=delete', '', 1, 'phpcms', '127.0.0.1', '2013-12-10 13:17:28'),
(197, '', 0, 'content', '', 'content', '?m=content&c=content&a=delete', '', 1, 'phpcms', '127.0.0.1', '2013-12-10 13:17:35'),
(198, '', 0, 'content', '', 'content', '?m=content&c=content&a=delete', '', 1, 'phpcms', '127.0.0.1', '2013-12-10 13:17:43'),
(199, '', 0, 'content', '', 'content', '?m=content&c=content&a=delete', '', 1, 'phpcms', '127.0.0.1', '2013-12-10 13:17:52'),
(200, '', 0, 'content', '', 'content', '?m=content&c=content&a=delete', '', 1, 'phpcms', '127.0.0.1', '2013-12-10 13:18:00'),
(201, '', 0, 'content', '', 'content', '?m=content&c=content&a=delete', '', 1, 'phpcms', '127.0.0.1', '2013-12-10 13:18:05'),
(202, '', 0, 'content', '', 'content', '?m=content&c=content&a=delete', '', 1, 'phpcms', '127.0.0.1', '2013-12-10 13:18:17'),
(203, '', 0, 'content', '', 'content', '?m=content&c=content&a=delete', '', 1, 'phpcms', '127.0.0.1', '2013-12-10 13:18:27'),
(204, '', 0, 'content', '', 'content', '?m=content&c=content&a=delete', '', 1, 'phpcms', '127.0.0.1', '2013-12-10 13:18:32'),
(205, '', 0, 'content', '', 'content', '?m=content&c=content&a=delete', '', 1, 'phpcms', '127.0.0.1', '2013-12-10 13:18:37'),
(206, '', 0, 'content', '', 'content', '?m=content&c=content&a=delete', '', 1, 'phpcms', '127.0.0.1', '2013-12-10 13:18:43'),
(207, '', 0, 'content', '', 'content', '?m=content&c=content&a=delete', '', 1, 'phpcms', '127.0.0.1', '2013-12-10 13:21:56'),
(208, '', 0, 'content', '', 'content', '?m=content&c=content&a=delete', '', 1, 'phpcms', '127.0.0.1', '2013-12-10 13:22:05'),
(209, '', 0, 'content', '', 'content', '?m=content&c=content&a=delete', '', 1, 'phpcms', '127.0.0.1', '2013-12-10 13:22:10'),
(210, '', 0, 'content', '', 'content', '?m=content&c=content&a=delete', '', 1, 'phpcms', '127.0.0.1', '2013-12-10 13:22:16'),
(211, '', 0, 'content', '', 'content', '?m=content&c=content&a=delete', '', 1, 'phpcms', '127.0.0.1', '2013-12-10 13:22:24'),
(212, '', 0, 'content', '', 'content', '?m=content&c=content&a=delete', '', 1, 'phpcms', '127.0.0.1', '2013-12-10 13:22:29'),
(213, '', 0, 'content', '', 'content', '?m=content&c=content&a=delete', '', 1, 'phpcms', '127.0.0.1', '2013-12-10 13:22:34'),
(214, '', 0, 'content', '', 'content', '?m=content&c=content&a=delete', '', 1, 'phpcms', '127.0.0.1', '2013-12-10 13:22:39'),
(215, '', 0, 'content', '', 'content', '?m=content&c=content&a=delete', '', 1, 'phpcms', '127.0.0.1', '2013-12-10 13:22:44'),
(216, '', 0, 'content', '', 'content', '?m=content&c=content&a=delete', '', 1, 'phpcms', '127.0.0.1', '2013-12-10 13:22:48'),
(217, '', 0, 'content', '', 'content', '?m=content&c=content&a=delete', '', 1, 'phpcms', '127.0.0.1', '2013-12-10 13:22:53'),
(218, '', 0, 'content', '', 'content', '?m=content&c=content&a=delete', '', 1, 'phpcms', '127.0.0.1', '2013-12-10 13:23:24'),
(219, '', 0, 'content', '', 'content', '?m=content&c=content&a=add', '', 1, 'phpcms', '127.0.0.1', '2013-12-10 13:24:19'),
(220, '', 0, 'content', '', 'content', '?m=content&c=content&a=add', '', 1, 'phpcms', '127.0.0.1', '2013-12-10 13:25:58');

-- --------------------------------------------------------

--
-- 表的结构 `v9_member`
--

CREATE TABLE IF NOT EXISTS `v9_member` (
  `userid` mediumint(8) unsigned NOT NULL AUTO_INCREMENT,
  `phpssouid` mediumint(8) unsigned NOT NULL,
  `username` char(20) NOT NULL DEFAULT '',
  `password` char(32) NOT NULL DEFAULT '',
  `encrypt` char(6) NOT NULL,
  `nickname` char(20) NOT NULL,
  `regdate` int(10) unsigned NOT NULL DEFAULT '0',
  `lastdate` int(10) unsigned NOT NULL DEFAULT '0',
  `regip` char(15) NOT NULL DEFAULT '',
  `lastip` char(15) NOT NULL DEFAULT '',
  `loginnum` smallint(5) unsigned NOT NULL DEFAULT '0',
  `email` char(32) NOT NULL DEFAULT '',
  `groupid` tinyint(3) unsigned NOT NULL DEFAULT '0',
  `areaid` smallint(5) unsigned NOT NULL DEFAULT '0',
  `amount` decimal(8,2) unsigned NOT NULL DEFAULT '0.00',
  `point` smallint(5) unsigned NOT NULL DEFAULT '0',
  `modelid` smallint(5) unsigned NOT NULL DEFAULT '0',
  `message` tinyint(1) unsigned NOT NULL DEFAULT '0',
  `islock` tinyint(1) unsigned NOT NULL DEFAULT '0',
  `vip` tinyint(1) unsigned NOT NULL DEFAULT '0',
  `overduedate` int(10) unsigned NOT NULL DEFAULT '0',
  `siteid` smallint(5) unsigned NOT NULL DEFAULT '1',
  `connectid` char(40) NOT NULL DEFAULT '',
  `from` char(10) NOT NULL DEFAULT '',
  `mobile` char(11) NOT NULL DEFAULT '',
  PRIMARY KEY (`userid`),
  UNIQUE KEY `username` (`username`),
  KEY `email` (`email`(20)),
  KEY `phpssouid` (`phpssouid`)
) ENGINE=MyISAM  DEFAULT CHARSET=utf8 AUTO_INCREMENT=9 ;

--
-- 转存表中的数据 `v9_member`
--

INSERT INTO `v9_member` (`userid`, `phpssouid`, `username`, `password`, `encrypt`, `nickname`, `regdate`, `lastdate`, `regip`, `lastip`, `loginnum`, `email`, `groupid`, `areaid`, `amount`, `point`, `modelid`, `message`, `islock`, `vip`, `overduedate`, `siteid`, `connectid`, `from`, `mobile`) VALUES
(1, 1, 'doraprince', '7cdf4a3cb556b83b624126460f649c82', 'MgetfI', 'doraprince', 1386848605, 1387627930, '127.0.0.1', '58.254.5.225', 0, 'doraprince@sina.com', 2, 0, '0.00', 1, 10, 0, 0, 0, 0, 1, '', '', ''),
(2, 2, 'user1', '379f81c6e8601b08bd90e8f16a3cb44a', 'DV691L', 'user1', 1387466715, 1389632829, 'http://bordon.x', '114.246.83.184', 0, 'user1@qq.com', 2, 0, '0.00', 16, 10, 0, 0, 0, 1391095440, 1, '', '', ''),
(8, 8, '王五', 'f408389a23706e4743ff263c5695a453', 'ed5xyV', '王五', 1400737467, 1400737467, '111.197.232.223', '', 0, 'wangwu@qq.com', 2, 0, '0.00', 0, 10, 0, 0, 0, 0, 1, '', '', ''),
(6, 6, '张三', '4746276b01217aaf9f7583f920972c06', '2K5uHz', '张三', 1400737078, 1400737078, '111.197.232.223', '', 0, 'zhangsan@qq.com', 6, 0, '0.00', 1, 10, 0, 0, 0, 0, 1, '', '', '');

-- --------------------------------------------------------

--
-- 表的结构 `v9_member_detail`
--

CREATE TABLE IF NOT EXISTS `v9_member_detail` (
  `userid` mediumint(8) unsigned NOT NULL DEFAULT '0',
  `birthday` date DEFAULT NULL,
  UNIQUE KEY `userid` (`userid`)
) ENGINE=MyISAM DEFAULT CHARSET=utf8;

--
-- 转存表中的数据 `v9_member_detail`
--

INSERT INTO `v9_member_detail` (`userid`, `birthday`) VALUES
(2, '0000-00-00'),
(6, '0000-00-00');

-- --------------------------------------------------------

--
-- 表的结构 `v9_member_group`
--

CREATE TABLE IF NOT EXISTS `v9_member_group` (
  `groupid` tinyint(3) unsigned NOT NULL AUTO_INCREMENT,
  `name` char(15) NOT NULL,
  `issystem` tinyint(1) unsigned NOT NULL DEFAULT '0',
  `starnum` tinyint(2) unsigned NOT NULL,
  `point` smallint(6) unsigned NOT NULL,
  `allowmessage` smallint(5) unsigned NOT NULL DEFAULT '0',
  `allowvisit` tinyint(1) unsigned NOT NULL DEFAULT '0',
  `allowpost` tinyint(1) unsigned NOT NULL DEFAULT '0',
  `allowpostverify` tinyint(1) unsigned NOT NULL,
  `allowsearch` tinyint(1) unsigned NOT NULL DEFAULT '0',
  `allowupgrade` tinyint(1) unsigned NOT NULL DEFAULT '1',
  `allowsendmessage` tinyint(1) unsigned NOT NULL,
  `allowpostnum` smallint(5) unsigned NOT NULL DEFAULT '0',
  `allowattachment` tinyint(1) NOT NULL,
  `price_y` decimal(8,2) unsigned NOT NULL DEFAULT '0.00',
  `price_m` decimal(8,2) unsigned NOT NULL DEFAULT '0.00',
  `price_d` decimal(8,2) unsigned NOT NULL DEFAULT '0.00',
  `icon` char(30) NOT NULL,
  `usernamecolor` char(7) NOT NULL,
  `description` char(100) NOT NULL,
  `sort` tinyint(3) unsigned NOT NULL DEFAULT '0',
  `disabled` tinyint(1) unsigned NOT NULL DEFAULT '0',
  PRIMARY KEY (`groupid`),
  KEY `disabled` (`disabled`),
  KEY `listorder` (`sort`)
) ENGINE=MyISAM  DEFAULT CHARSET=utf8 AUTO_INCREMENT=9 ;

--
-- 转存表中的数据 `v9_member_group`
--

INSERT INTO `v9_member_group` (`groupid`, `name`, `issystem`, `starnum`, `point`, `allowmessage`, `allowvisit`, `allowpost`, `allowpostverify`, `allowsearch`, `allowupgrade`, `allowsendmessage`, `allowpostnum`, `allowattachment`, `price_y`, `price_m`, `price_d`, `icon`, `usernamecolor`, `description`, `sort`, `disabled`) VALUES
(8, '游客', 1, 0, 0, 0, 0, 0, 0, 1, 0, 0, 0, 0, '0.00', '0.00', '0.00', '', '', '', 0, 0),
(2, '新手上路', 1, 1, 50, 100, 1, 1, 0, 0, 0, 1, 0, 0, '50.00', '10.00', '1.00', '', '', '', 2, 0),
(6, '注册会员', 1, 2, 100, 150, 0, 1, 0, 0, 1, 1, 0, 0, '300.00', '30.00', '1.00', '', '', '', 6, 0),
(4, '中级会员', 1, 3, 150, 500, 1, 1, 0, 1, 1, 1, 0, 0, '500.00', '60.00', '1.00', '', '', '', 4, 0),
(5, '高级会员', 1, 5, 300, 999, 1, 1, 0, 1, 1, 1, 0, 0, '360.00', '90.00', '5.00', '', '', '', 5, 0),
(1, '禁止访问', 1, 0, 0, 0, 1, 1, 0, 1, 0, 0, 0, 0, '0.00', '0.00', '0.00', '', '', '0', 0, 0),
(7, '邮件认证', 1, 0, 0, 0, 0, 0, 0, 0, 0, 0, 0, 0, '0.00', '0.00', '0.00', 'images/group/vip.jpg', '#000000', '', 7, 0);

-- --------------------------------------------------------

--
-- 表的结构 `v9_member_menu`
--

CREATE TABLE IF NOT EXISTS `v9_member_menu` (
  `id` smallint(6) unsigned NOT NULL AUTO_INCREMENT,
  `name` char(40) NOT NULL DEFAULT '',
  `parentid` smallint(6) NOT NULL DEFAULT '0',
  `m` char(20) NOT NULL DEFAULT '',
  `c` char(20) NOT NULL DEFAULT '',
  `a` char(20) NOT NULL DEFAULT '',
  `data` char(100) NOT NULL DEFAULT '',
  `listorder` smallint(6) unsigned NOT NULL DEFAULT '0',
  `display` enum('1','0') NOT NULL DEFAULT '1',
  `isurl` enum('1','0') NOT NULL DEFAULT '0',
  `url` char(255) NOT NULL DEFAULT '',
  PRIMARY KEY (`id`),
  KEY `listorder` (`listorder`),
  KEY `parentid` (`parentid`),
  KEY `module` (`m`,`c`,`a`)
) ENGINE=MyISAM  DEFAULT CHARSET=utf8 AUTO_INCREMENT=4 ;

--
-- 转存表中的数据 `v9_member_menu`
--

INSERT INTO `v9_member_menu` (`id`, `name`, `parentid`, `m`, `c`, `a`, `data`, `listorder`, `display`, `isurl`, `url`) VALUES
(1, 'member_init', 0, 'member', 'index', 'init', 't=0', 0, '1', '0', ''),
(2, 'account_manage', 0, 'member', 'index', 'account_manage', 't=1', 0, '1', '0', ''),
(3, 'favorite', 0, 'member', 'index', 'favorite', 't=2', 0, '1', '0', '');

-- --------------------------------------------------------

--
-- 表的结构 `v9_member_verify`
--

CREATE TABLE IF NOT EXISTS `v9_member_verify` (
  `userid` mediumint(8) unsigned NOT NULL AUTO_INCREMENT,
  `username` char(20) NOT NULL,
  `password` char(32) NOT NULL,
  `encrypt` char(6) NOT NULL,
  `nickname` char(20) NOT NULL,
  `regdate` int(10) unsigned NOT NULL,
  `regip` char(15) NOT NULL,
  `email` char(32) NOT NULL,
  `modelid` tinyint(3) unsigned NOT NULL DEFAULT '0',
  `point` smallint(5) unsigned NOT NULL DEFAULT '0',
  `amount` decimal(8,2) unsigned NOT NULL DEFAULT '0.00',
  `modelinfo` char(255) NOT NULL DEFAULT '0',
  `status` tinyint(1) unsigned NOT NULL DEFAULT '0',
  `siteid` tinyint(1) unsigned NOT NULL DEFAULT '1',
  `message` char(100) DEFAULT NULL,
  PRIMARY KEY (`userid`),
  UNIQUE KEY `username` (`username`),
  KEY `email` (`email`(20))
) ENGINE=MyISAM  DEFAULT CHARSET=utf8 AUTO_INCREMENT=2 ;

--
-- 转存表中的数据 `v9_member_verify`
--

INSERT INTO `v9_member_verify` (`userid`, `username`, `password`, `encrypt`, `nickname`, `regdate`, `regip`, `email`, `modelid`, `point`, `amount`, `modelinfo`, `status`, `siteid`, `message`) VALUES
(1, '王五', '111111', 'ed5xyV', '王五', 1400737467, '111.197.232.223', 'wangwu@qq.com', 10, 0, '0.00', '', 1, 1, '');

-- --------------------------------------------------------

--
-- 表的结构 `v9_member_vip`
--

CREATE TABLE IF NOT EXISTS `v9_member_vip` (
  `userid` mediumint(8) unsigned NOT NULL DEFAULT '0',
  UNIQUE KEY `userid` (`userid`)
) ENGINE=MyISAM DEFAULT CHARSET=utf8;

-- --------------------------------------------------------

--
-- 表的结构 `v9_menu`
--

CREATE TABLE IF NOT EXISTS `v9_menu` (
  `id` smallint(6) unsigned NOT NULL AUTO_INCREMENT,
  `name` char(40) NOT NULL DEFAULT '',
  `parentid` smallint(6) NOT NULL DEFAULT '0',
  `m` char(20) NOT NULL DEFAULT '',
  `c` char(20) NOT NULL DEFAULT '',
  `a` char(20) NOT NULL DEFAULT '',
  `data` char(100) NOT NULL DEFAULT '',
  `listorder` smallint(6) unsigned NOT NULL DEFAULT '0',
  `display` enum('1','0') NOT NULL DEFAULT '1',
  `project1` tinyint(1) unsigned NOT NULL DEFAULT '1',
  `project2` tinyint(1) unsigned NOT NULL DEFAULT '1',
  `project3` tinyint(1) unsigned NOT NULL DEFAULT '1',
  `project4` tinyint(1) unsigned NOT NULL DEFAULT '1',
  `project5` tinyint(1) unsigned NOT NULL DEFAULT '1',
  PRIMARY KEY (`id`),
  KEY `listorder` (`listorder`),
  KEY `parentid` (`parentid`),
  KEY `module` (`m`,`c`,`a`)
) ENGINE=MyISAM  DEFAULT CHARSET=utf8 AUTO_INCREMENT=1683 ;

--
-- 转存表中的数据 `v9_menu`
--

INSERT INTO `v9_menu` (`id`, `name`, `parentid`, `m`, `c`, `a`, `data`, `listorder`, `display`, `project1`, `project2`, `project3`, `project4`, `project5`) VALUES
(1, 'sys_setting', 0, 'admin', 'setting', 'init', '', 1, '1', 0, 1, 1, 1, 1),
(2, 'module', 0, 'admin', 'module', 'init', '', 2, '1', 1, 1, 1, 1, 1),
(872, 'sync_release_point', 873, 'release', 'index', 'init', '', 3, '1', 1, 1, 1, 1, 1),
(4, 'content', 0, 'content', 'content', 'init', '', 4, '1', 1, 1, 1, 1, 1),
(5, 'members', 0, 'member', 'member', 'init', '', 5, '1', 1, 1, 1, 1, 1),
(6, 'userinterface', 0, 'template', 'style', 'init', '', 6, '1', 0, 1, 1, 1, 1),
(30, 'correlative_setting', 1, 'admin', 'admin', 'admin', '', 0, '1', 1, 1, 1, 1, 1),
(31, 'menu_manage', 977, 'admin', 'menu', 'init', '', 8, '1', 1, 1, 1, 1, 1),
(32, 'posid_manage', 975, 'admin', 'position', 'init', '', 7, '1', 1, 1, 1, 1, 1),
(29, 'module_manage', 2, 'admin', 'module', '', '', 0, '1', 1, 1, 1, 1, 1),
(10, 'panel', 0, 'admin', 'index', 'public_main', '', 0, '1', 0, 1, 1, 1, 1),
(35, 'menu_add', 31, 'admin', 'menu', 'add', '', 0, '1', 1, 1, 1, 1, 1),
(826, 'template_manager', 6, '', '', '', '', 0, '1', 1, 1, 1, 1, 1),
(54, 'admin_manage', 49, 'admin', 'admin_manage', 'init', '', 0, '1', 1, 1, 1, 1, 1),
(43, 'category_manage', 975, 'admin', 'category', 'init', 'module=admin', 4, '1', 1, 1, 1, 1, 1),
(42, 'add_category', 43, 'admin', 'category', 'add', 's=0', 1, '1', 1, 1, 1, 1, 1),
(44, 'edit_category', 43, 'admin', 'category', 'edit', '', 0, '0', 1, 1, 1, 1, 1),
(45, 'badword_manage', 977, 'admin', 'badword', 'init', '', 10, '1', 1, 1, 1, 1, 1),
(46, 'posid_add', 32, 'admin', 'position', 'add', '', 0, '0', 1, 1, 1, 1, 1),
(49, 'admin_setting', 1, 'admin', '', '', '', 0, '1', 1, 1, 1, 1, 1),
(50, 'role_manage', 49, 'admin', 'role', 'init', '', 0, '1', 1, 1, 1, 1, 1),
(51, 'role_add', 50, 'admin', 'role', 'add', '', 0, '1', 1, 1, 1, 1, 1),
(52, 'category_cache', 43, 'admin', 'category', 'public_cache', 'module=admin', 4, '1', 1, 1, 1, 1, 1),
(55, 'manage_member', 5, 'member', 'member', 'manage', '', 0, '1', 1, 1, 1, 1, 1),
(58, 'admin_add', 54, 'admin', 'admin_manage', 'add', '', 0, '1', 1, 1, 1, 1, 1),
(59, 'model_manage', 975, 'content', 'sitemodel', 'init', '', 5, '1', 1, 1, 1, 1, 1),
(64, 'site_management', 30, 'admin', 'site', 'init', '', 2, '1', 1, 1, 1, 1, 1),
(81, 'member_add', 72, 'member', 'member', 'add', '', 2, '0', 1, 1, 1, 1, 1),
(62, 'add_model', 59, 'content', 'sitemodel', 'add', '', 0, '0', 1, 1, 1, 1, 1),
(65, 'release_point_management', 30, 'admin', 'release_point', 'init', '', 3, '1', 1, 1, 1, 1, 1),
(66, 'badword_export', 45, 'admin', 'badword', 'export', '', 0, '1', 1, 1, 1, 1, 1),
(67, 'add_site', 64, 'admin', 'site', 'add', '', 0, '0', 1, 1, 1, 1, 1),
(68, 'badword_import', 45, 'admin', 'badword', 'import', '', 0, '1', 1, 1, 1, 1, 1),
(812, 'member_group_manage', 76, 'member', 'member_group', 'manage', '', 0, '1', 1, 1, 1, 1, 1),
(74, 'member_verify', 55, 'member', 'member_verify', 'manage', 's=0', 3, '1', 1, 1, 1, 1, 1),
(76, 'manage_member_group', 5, 'member', 'member_group', 'manage', '', 0, '1', 1, 1, 1, 1, 1),
(77, 'manage_member_model', 5, 'member', 'member_model', 'manage', '', 0, '1', 1, 1, 1, 1, 1),
(78, 'member_group_add', 812, 'member', 'member_group', 'add', '', 0, '0', 1, 1, 1, 1, 1),
(79, 'member_model_add', 813, 'member', 'member_model', 'add', '', 1, '0', 1, 1, 1, 1, 1),
(80, 'member_model_import', 77, 'member', 'member_model', 'import', '', 2, '0', 1, 1, 1, 1, 1),
(72, 'member_manage', 55, 'member', 'member', 'manage', '', 1, '1', 1, 1, 1, 1, 1),
(813, 'member_model_manage', 77, 'member', 'member_model', 'manage', '', 0, '1', 1, 1, 1, 1, 1),
(814, 'site_edit', 64, 'admin', 'site', 'edit', '', 0, '0', 1, 1, 1, 1, 1),
(815, 'site_del', 64, 'admin', 'site', 'del', '', 0, '0', 1, 1, 1, 1, 1),
(816, 'release_point_add', 65, 'admin', 'release_point', 'add', '', 0, '0', 1, 1, 1, 1, 1),
(817, 'release_point_del', 65, 'admin', 'release_point', 'del', '', 0, '0', 1, 1, 1, 1, 1),
(818, 'release_point_edit', 65, 'admin', 'release_point', 'edit', '', 0, '0', 1, 1, 1, 1, 1),
(821, 'content_publish', 4, 'content', 'content', 'init', '', 0, '1', 1, 1, 1, 1, 1),
(822, 'content_manage', 821, 'content', 'content', 'init', '', 0, '1', 1, 1, 1, 1, 1),
(867, 'linkage', 977, 'admin', 'linkage', 'init', '', 13, '1', 1, 1, 1, 1, 1),
(827, 'template_style', 826, 'template', 'style', 'init', '', 0, '1', 1, 1, 1, 1, 1),
(828, 'import_style', 827, 'template', 'style', 'import', '', 0, '0', 1, 1, 1, 1, 1),
(831, 'template_export', 827, 'template', 'style', 'export', '', 0, '0', 1, 1, 1, 1, 1),
(830, 'template_file', 827, 'template', 'file', 'init', '', 0, '0', 1, 1, 1, 1, 1),
(832, 'template_onoff', 827, 'template', 'style', 'disable', '', 0, '0', 1, 1, 1, 1, 1),
(833, 'template_updatename', 827, 'template', 'style', 'updatename', '', 0, '0', 1, 1, 1, 1, 1),
(834, 'member_lock', 72, 'member', 'member', 'lock', '', 0, '0', 1, 1, 1, 1, 1),
(835, 'member_unlock', 72, 'member', 'member', 'unlock', '', 0, '0', 1, 1, 1, 1, 1),
(836, 'member_move', 72, 'member', 'member', 'move', '', 0, '0', 1, 1, 1, 1, 1),
(837, 'member_delete', 72, 'member', 'member', 'delete', '', 0, '0', 1, 1, 1, 1, 1),
(842, 'verify_ignore', 74, 'member', 'member_verify', 'manage', 's=2', 0, '1', 1, 1, 1, 1, 1),
(839, 'member_setting', 55, 'member', 'member_setting', 'manage', '', 4, '1', 1, 1, 1, 1, 1),
(841, 'verify_pass', 74, 'member', 'member_verify', 'manage', 's=1', 0, '1', 1, 1, 1, 1, 1),
(843, 'verify_delete', 74, 'member', 'member_verify', 'manage', 's=3', 0, '0', 1, 1, 1, 1, 1),
(844, 'verify_deny', 74, 'member', 'member_verify', 'manage', 's=4', 0, '1', 1, 1, 1, 1, 1),
(845, 'never_pass', 74, 'member', 'member_verify', 'manage', 's=5', 0, '1', 1, 1, 1, 1, 1),
(846, 'template_file_list', 827, 'template', 'file', 'init', '', 0, '0', 1, 1, 1, 1, 1),
(847, 'template_file_edit', 827, 'template', 'file', 'edit_file', '', 0, '0', 1, 1, 1, 1, 1),
(848, 'file_add_file', 827, 'template', 'file', 'add_file', '', 0, '0', 1, 1, 1, 1, 1),
(850, 'listorder', 76, 'member', 'member_group', 'sort', '', 0, '0', 1, 1, 1, 1, 1),
(852, 'priv_setting', 50, 'admin', 'role', 'priv_setting', '', 0, '0', 1, 1, 1, 1, 1),
(853, 'role_priv', 50, 'admin', 'role', 'role_priv', '', 0, '0', 1, 1, 1, 1, 1),
(857, 'attachment_manage', 821, 'attachment', 'manage', 'init', '', 0, '1', 1, 1, 1, 1, 1),
(868, 'special', 821, 'special', 'special', 'init', '', 0, '1', 1, 1, 1, 1, 1),
(869, 'template_editor', 827, 'template', 'file', 'edit_file', '', 0, '0', 1, 1, 1, 1, 1),
(870, 'template_visualization', 827, 'template', 'file', 'visualization', '', 0, '0', 1, 1, 1, 1, 1),
(871, 'pc_tag_edit', 827, 'template', 'file', 'edit_pc_tag', '', 0, '0', 1, 1, 1, 1, 1),
(873, 'release_manage', 4, 'release', 'html', 'init', '', 0, '1', 1, 1, 1, 1, 1),
(874, 'type_manage', 975, 'content', 'type_manage', 'init', '', 6, '1', 1, 1, 1, 1, 1),
(875, 'add_type', 874, 'content', 'type_manage', 'add', '', 0, '0', 1, 1, 1, 1, 1),
(876, 'linkageadd', 867, 'admin', 'linkage', 'add', '', 0, '0', 1, 1, 1, 1, 1),
(877, 'failure_list', 872, 'release', 'index', 'failed', '', 0, '1', 1, 1, 1, 1, 1),
(879, 'member_search', 72, 'member', 'member', 'search', '', 0, '0', 1, 1, 1, 1, 1),
(880, 'queue_del', 872, 'release', 'index', 'del', '', 0, '0', 1, 1, 1, 1, 1),
(881, 'member_model_delete', 813, 'member', 'member_model', 'delete', '', 0, '0', 1, 1, 1, 1, 1),
(882, 'member_model_edit', 813, 'member', 'member_model', 'edit', '', 0, '0', 1, 1, 1, 1, 1),
(885, 'workflow', 977, 'content', 'workflow', 'init', '', 15, '1', 1, 1, 1, 1, 1),
(888, 'add_workflow', 885, 'content', 'workflow', 'add', '', 0, '1', 1, 1, 1, 1, 1),
(889, 'member_modelfield_add', 813, 'member', 'member_modelfield', 'add', '', 0, '0', 1, 1, 1, 1, 1),
(890, 'member_modelfield_edit', 813, 'member', 'member_modelfield', 'edit', '', 0, '0', 1, 1, 1, 1, 1),
(891, 'member_modelfield_delete', 813, 'member', 'member_modelfield', 'delete', '', 0, '0', 1, 1, 1, 1, 1),
(892, 'member_modelfield_manage', 813, 'member', 'member_modelfield', 'manage', '', 0, '0', 1, 1, 1, 1, 1),
(895, 'sitemodel_import', 59, 'content', 'sitemodel', 'import', '', 0, '1', 1, 1, 1, 1, 1),
(896, 'pay', 29, 'pay', 'payment', 'pay_list', 's=3', 0, '1', 1, 1, 1, 1, 1),
(897, 'payments', 896, 'pay', 'payment', 'init', '', 0, '1', 1, 1, 1, 1, 1),
(898, 'paylist', 896, 'pay', 'payment', 'pay_list', '', 0, '1', 1, 1, 1, 1, 1),
(899, 'add_content', 822, 'content', 'content', 'add', '', 0, '0', 1, 1, 1, 1, 1),
(900, 'modify_deposit', 896, 'pay', 'payment', 'modify_deposit', 's=1', 0, '1', 1, 1, 1, 1, 1),
(901, 'check_content', 822, 'content', 'content', 'pass', '', 0, '0', 1, 1, 1, 1, 1),
(902, 'dbsource', 29, 'dbsource', 'data', 'init', '', 0, '1', 1, 1, 1, 1, 1),
(905, 'create_content_html', 873, 'content', 'create_html', 'show', '', 2, '1', 1, 1, 1, 1, 1),
(904, 'external_data_sources', 902, 'dbsource', 'dbsource_admin', 'init', '', 0, '1', 1, 1, 1, 1, 1),
(906, 'update_urls', 873, 'content', 'create_html', 'update_urls', '', 1, '1', 1, 1, 1, 1, 1),
(960, 'node_add', 957, 'collection', 'node', 'add', '', 0, '1', 1, 1, 1, 1, 1),
(909, 'fulltext_search', 29, 'search', 'search_type', 'init', '', 0, '1', 1, 1, 1, 1, 1),
(910, 'manage_type', 909, 'search', 'search_type', 'init', '', 0, '0', 1, 1, 1, 1, 1),
(911, 'search_setting', 909, 'search', 'search_admin', 'setting', '', 0, '1', 1, 1, 1, 1, 1),
(912, 'createindex', 909, 'search', 'search_admin', 'createindex', '', 0, '1', 1, 1, 1, 1, 1),
(913, 'add_search_type', 909, 'search', 'search_type', 'add', '', 0, '0', 1, 1, 1, 1, 1),
(914, 'database_toos', 977, 'admin', 'database', 'export', '', 6, '1', 1, 1, 1, 1, 1),
(915, 'database_export', 914, 'admin', 'database', 'export', '', 0, '1', 1, 1, 1, 1, 1),
(916, 'database_import', 914, 'admin', 'database', 'import', '', 0, '1', 1, 1, 1, 1, 1),
(917, 'dbsource_add', 902, 'dbsource', 'dbsource_admin', 'add', '', 0, '0', 1, 1, 1, 1, 1),
(918, 'dbsource_edit', 902, 'dbsource', 'dbsource_admin', 'edit', '', 0, '0', 1, 1, 1, 1, 1),
(919, 'dbsource_del', 902, 'dbsource', 'dbsource_admin', 'del', '', 0, '0', 1, 1, 1, 1, 1),
(920, 'dbsource_data_add', 902, 'dbsource', 'data', 'add', '', 0, '0', 1, 1, 1, 1, 1),
(921, 'dbsource_data_edit', 902, 'dbsource', 'data', 'edit', '', 0, '0', 1, 1, 1, 1, 1),
(922, 'dbsource_data_del', 902, 'dbsource', 'data', 'del', '', 0, '0', 1, 1, 1, 1, 1),
(926, 'add_special', 868, 'special', 'special', 'add', '', 0, '1', 1, 1, 1, 1, 1),
(927, 'edit_special', 868, 'special', 'special', 'edit', '', 0, '0', 1, 1, 1, 1, 1),
(928, 'special_list', 868, 'special', 'special', 'init', '', 0, '0', 1, 1, 1, 1, 1),
(929, 'special_elite', 868, 'special', 'special', 'elite', '', 0, '0', 1, 1, 1, 1, 1),
(930, 'delete_special', 868, 'special', 'special', 'delete', '', 0, '0', 1, 1, 1, 1, 1),
(931, 'badword_add', 45, 'admin', 'badword', 'add', '', 0, '0', 1, 1, 1, 1, 1),
(932, 'badword_edit', 45, 'admin', 'badword', 'edit', '', 0, '0', 1, 1, 1, 1, 1),
(933, 'badword_delete', 45, 'admin', 'badword', 'delete', '', 0, '0', 1, 1, 1, 1, 1),
(934, 'special_listorder', 868, 'special', 'special', 'listorder', '', 0, '0', 1, 1, 1, 1, 1),
(935, 'special_content_list', 868, 'special', 'content', 'init', '', 0, '0', 1, 1, 1, 1, 1),
(936, 'special_content_add', 935, 'special', 'content', 'add', '', 0, '0', 1, 1, 1, 1, 1),
(937, 'special_content_list', 935, 'special', 'content', 'init', '', 0, '0', 1, 1, 1, 1, 1),
(938, 'special_content_edit', 935, 'special', 'content', 'edit', '', 0, '0', 1, 1, 1, 1, 1),
(939, 'special_content_delete', 935, 'special', 'content', 'delete', '', 0, '0', 1, 1, 1, 1, 1),
(940, 'special_content_listorder', 935, 'special', 'content', 'listorder', '', 0, '0', 1, 1, 1, 1, 1),
(941, 'special_content_import', 935, 'special', 'special', 'import', '', 0, '0', 1, 1, 1, 1, 1),
(942, 'history_version', 827, 'template', 'template_bak', 'init', '', 0, '0', 1, 1, 1, 1, 1),
(943, 'restore_version', 827, 'template', 'template_bak', 'restore', '', 0, '0', 1, 1, 1, 1, 1),
(944, 'del_history_version', 827, 'template', 'template_bak', 'del', '', 0, '0', 1, 1, 1, 1, 1),
(945, 'block', 821, 'block', 'block_admin', 'init', '', 0, '1', 1, 1, 1, 1, 1),
(946, 'block_add', 945, 'block', 'block_admin', 'add', '', 0, '0', 1, 1, 1, 1, 1),
(950, 'block_edit', 945, 'block', 'block_admin', 'edit', '', 0, '0', 1, 1, 1, 1, 1),
(951, 'block_del', 945, 'block', 'block_admin', 'del', '', 0, '0', 1, 1, 1, 1, 1),
(952, 'block_update', 945, 'block', 'block_admin', 'block_update', '', 0, '0', 1, 1, 1, 1, 1),
(953, 'block_restore', 945, 'block', 'block_admin', 'history_restore', '', 0, '0', 1, 1, 1, 1, 1),
(954, 'history_del', 945, 'block', 'block_admin', 'history_del', '', 0, '0', 1, 1, 1, 1, 1),
(978, 'urlrule_manage', 977, 'admin', 'urlrule', 'init', '', 0, '1', 1, 1, 1, 1, 1),
(957, 'collection_node', 821, 'collection', 'node', 'manage', '', 0, '1', 1, 1, 1, 1, 1),
(979, 'safe_config', 30, 'admin', 'setting', 'init', '&tab=2', 11, '1', 1, 1, 1, 1, 1),
(959, 'basic_config', 30, 'admin', 'setting', 'init', '', 10, '1', 1, 1, 1, 1, 1),
(961, 'position_edit', 32, 'admin', 'position', 'edit', '', 0, '0', 1, 1, 1, 1, 1),
(962, 'collection_node_edit', 957, 'collection', 'node', 'edit', '', 0, '0', 1, 1, 1, 1, 1),
(963, 'collection_node_delete', 957, 'collection', 'node', 'del', '', 0, '0', 1, 1, 1, 1, 1),
(990, 'col_url_list', 957, 'collection', 'node', 'col_url_list', '', 0, '0', 1, 1, 1, 1, 1),
(965, 'collection_node_publish', 957, 'collection', 'node', 'publist', '', 0, '0', 1, 1, 1, 1, 1),
(966, 'collection_node_import', 957, 'collection', 'node', 'node_import', '', 0, '0', 1, 1, 1, 1, 1),
(967, 'collection_node_export', 957, 'collection', 'node', 'export', '', 0, '0', 1, 1, 1, 1, 1),
(968, 'collection_node_collection_content', 957, 'collection', 'node', 'col_content', '', 0, '0', 1, 1, 1, 1, 1),
(969, 'googlesitemap', 977, 'admin', 'googlesitemap', 'set', '', 11, '1', 1, 1, 1, 1, 1),
(970, 'admininfo', 10, 'admin', 'admin_manage', 'init', '', 0, '1', 1, 1, 1, 1, 1),
(971, 'editpwd', 970, 'admin', 'admin_manage', 'public_edit_pwd', '', 1, '1', 1, 1, 1, 1, 1),
(972, 'editinfo', 970, 'admin', 'admin_manage', 'public_edit_info', '', 0, '1', 1, 1, 1, 1, 1),
(973, 'keylink', 977, 'admin', 'keylink', 'init', '', 12, '1', 1, 1, 1, 1, 1),
(974, 'add_keylink', 973, 'admin', 'keylink', 'add', '', 0, '0', 1, 1, 1, 1, 1),
(975, 'content_settings', 4, 'content', 'content_settings', 'init', '', 0, '1', 1, 1, 1, 1, 1),
(7, 'extend', 0, 'admin', 'extend', 'init_extend', '', 7, '1', 0, 1, 1, 1, 1),
(977, 'extend_all', 7, 'admin', 'extend_all', 'init', '', 0, '1', 1, 1, 1, 1, 1),
(980, 'sso_config', 30, 'admin', 'setting', 'init', '&tab=3', 12, '1', 1, 1, 1, 1, 1),
(981, 'email_config', 30, 'admin', 'setting', 'init', '&tab=4', 13, '1', 1, 1, 1, 1, 1),
(982, 'module_manage', 29, 'admin', 'module', 'init', '', 0, '1', 1, 1, 1, 1, 1),
(983, 'ipbanned', 977, 'admin', 'ipbanned', 'init', '', 0, '1', 1, 1, 1, 1, 1),
(984, 'add_ipbanned', 983, 'admin', 'ipbanned', 'add', '', 0, '0', 1, 1, 1, 1, 1),
(993, 'collection_content_import', 957, 'collection', 'node', 'import', '', 0, '0', 1, 1, 1, 1, 1),
(991, 'copy_node', 957, 'collection', 'node', 'copy', '', 0, '0', 1, 1, 1, 1, 1),
(992, 'content_del', 957, 'collection', 'node', 'content_del', '', 0, '0', 1, 1, 1, 1, 1),
(989, 'downsites', 977, 'admin', 'downservers', 'init', '', 0, '1', 1, 1, 1, 1, 1),
(994, 'import_program_add', 957, 'collection', 'node', 'import_program_add', '', 0, '0', 1, 1, 1, 1, 1),
(995, 'import_program_del', 957, 'collection', 'node', 'import_program_del', '', 0, '0', 1, 1, 1, 1, 1),
(996, 'import_content', 957, 'collection', 'node', 'import_content', '', 0, '0', 1, 1, 1, 1, 1),
(997, 'log', 977, 'admin', 'log', 'init', '', 0, '1', 1, 1, 1, 1, 1),
(998, 'add_page', 43, 'admin', 'category', 'add', 's=1', 2, '1', 1, 1, 1, 1, 1),
(999, 'add_cat_link', 43, 'admin', 'category', 'add', 's=2', 2, '1', 1, 1, 1, 1, 1),
(1000, 'count_items', 43, 'admin', 'category', 'count_items', '', 5, '1', 1, 1, 1, 1, 1),
(1001, 'cache_all', 977, 'admin', 'cache_all', 'init', '', 0, '1', 1, 1, 1, 1, 1),
(1002, 'create_list_html', 873, 'content', 'create_html', 'category', '', 0, '1', 1, 1, 1, 1, 1),
(1003, 'create_html_quick', 10, 'content', 'create_html_opt', 'index', '', 0, '1', 1, 1, 1, 1, 1),
(1004, 'create_index', 1003, 'content', 'create_html', 'public_index', '', 0, '1', 1, 1, 1, 1, 1),
(1005, 'scan', 977, 'scan', 'index', 'init', '', 0, '1', 1, 1, 1, 1, 1),
(1006, 'scan_report', 1005, 'scan', 'index', 'scan_report', '', 0, '1', 1, 1, 1, 1, 1),
(1007, 'md5_creat', 1005, 'scan', 'index', 'md5_creat', '', 0, '1', 1, 1, 1, 1, 1),
(1008, 'album_import', 868, 'special', 'album', 'import', '', 0, '1', 1, 1, 1, 1, 1),
(8, 'phpsso', 0, 'admin', 'phpsso', 'menu', '', 7, '1', 0, 1, 1, 1, 1),
(1011, 'edit_content', 822, 'content', 'content', 'edit', '', 0, '0', 1, 1, 1, 1, 1),
(1012, 'push_to_special', 822, 'content', 'push', 'init', '', 0, '0', 1, 1, 1, 1, 1),
(1023, 'delete_log', 997, 'admin', 'log', 'delete', '', 0, '0', 1, 1, 1, 1, 1),
(1024, 'delete_ip', 983, 'admin', 'ipbanned', 'delete', '', 0, '0', 1, 1, 1, 1, 1),
(1026, 'delete_keylink', 973, 'admin', 'keylink', 'delete', '', 0, '0', 1, 1, 1, 1, 1),
(1027, 'edit_keylink', 973, 'admin', 'keylink', 'edit', '', 0, '0', 1, 1, 1, 1, 1),
(1034, 'operation_pass', 74, 'member', 'member_verify', 'pass', '', 0, '0', 1, 1, 1, 1, 1),
(1035, 'operation_delete', 74, 'member', 'member_verify', 'delete', '', 0, '0', 1, 1, 1, 1, 1),
(1039, 'operation_ignore', 74, 'member', 'member_verify', 'ignore', '', 0, '0', 1, 1, 1, 1, 1),
(1038, 'settingsave', 30, 'admin', 'setting', 'save', '', 0, '0', 1, 1, 1, 1, 1),
(1040, 'admin_edit', 54, 'admin', 'admin_manage', 'edit', '', 0, '0', 1, 1, 1, 1, 1),
(1041, 'operation_reject', 74, 'member', 'member_verify', 'reject', '', 0, '0', 1, 1, 1, 1, 1),
(1042, 'admin_delete', 54, 'admin', 'admin_manage', 'delete', '', 0, '0', 1, 1, 1, 1, 1),
(1043, 'card', 54, 'admin', 'admin_manage', 'card', '', 0, '0', 1, 1, 1, 1, 1),
(1044, 'creat_card', 54, 'admin', 'admin_manage', 'creat_card', '', 0, '0', 1, 1, 1, 1, 1),
(1045, 'remove_card', 54, 'admin', 'admin_manage', 'remove_card', '', 0, '0', 1, 1, 1, 1, 1),
(1049, 'member_group_edit', 812, 'member', 'member_group', 'edit', '', 0, '0', 1, 1, 1, 1, 1),
(1048, 'member_edit', 72, 'member', 'member', 'edit', '', 0, '0', 1, 1, 1, 1, 1),
(1050, 'role_edit', 50, 'admin', 'role', 'edit', '', 0, '0', 1, 1, 1, 1, 1),
(1051, 'member_group_delete', 812, 'member', 'member_group', 'delete', '', 0, '0', 1, 1, 1, 1, 1),
(1052, 'member_manage', 50, 'admin', 'role', 'member_manage', '', 0, '0', 1, 1, 1, 1, 1),
(1053, 'role_delete', 50, 'admin', 'role', 'delete', '', 0, '0', 1, 1, 1, 1, 1),
(1054, 'member_model_export', 77, 'member', 'member_model', 'export', '', 0, '0', 1, 1, 1, 1, 1),
(1055, 'member_model_sort', 77, 'member', 'member_model', 'sort', '', 0, '0', 1, 1, 1, 1, 1),
(1056, 'member_model_move', 77, 'member', 'member_model', 'move', '', 0, '0', 1, 1, 1, 1, 1),
(1057, 'payment_add', 897, 'pay', 'payment', 'add', '', 0, '0', 1, 1, 1, 1, 1),
(1058, 'payment_delete', 897, 'pay', 'payment', 'delete', '', 0, '0', 1, 1, 1, 1, 1),
(1059, 'payment_edit', 897, 'pay', 'payment', 'edit', '', 0, '0', 1, 1, 1, 1, 1),
(1060, 'spend_record', 896, 'pay', 'spend', 'init', '', 0, '1', 1, 1, 1, 1, 1),
(1061, 'pay_stat', 896, 'pay', 'payment', 'pay_stat', '', 0, '1', 1, 1, 1, 1, 1),
(1062, 'fields_manage', 59, 'content', 'sitemodel_field', 'init', '', 0, '0', 1, 1, 1, 1, 1),
(1063, 'edit_model_content', 59, 'content', 'sitemodel', 'edit', '', 0, '0', 1, 1, 1, 1, 1),
(1064, 'disabled_model', 59, 'content', 'sitemodel', 'disabled', '', 0, '0', 1, 1, 1, 1, 1),
(1065, 'delete_model', 59, 'content', 'sitemodel', 'delete', '', 0, '0', 1, 1, 1, 1, 1),
(1066, 'export_model', 59, 'content', 'sitemodel', 'export', '', 0, '0', 1, 1, 1, 1, 1),
(1067, 'delete', 874, 'content', 'type_manage', 'delete', '', 0, '0', 1, 1, 1, 1, 1),
(1068, 'edit', 874, 'content', 'type_manage', 'edit', '', 0, '0', 1, 1, 1, 1, 1),
(1069, 'add_urlrule', 978, 'admin', 'urlrule', 'add', '', 0, '0', 1, 1, 1, 1, 1),
(1070, 'edit_urlrule', 978, 'admin', 'urlrule', 'edit', '', 0, '0', 1, 1, 1, 1, 1),
(1071, 'delete_urlrule', 978, 'admin', 'urlrule', 'delete', '', 0, '0', 1, 1, 1, 1, 1),
(1072, 'edit_menu', 31, 'admin', 'menu', 'edit', '', 0, '0', 1, 1, 1, 1, 1),
(1073, 'delete_menu', 31, 'admin', 'menu', 'delete', '', 0, '0', 1, 1, 1, 1, 1),
(1074, 'edit_workflow', 885, 'content', 'workflow', 'edit', '', 0, '0', 1, 1, 1, 1, 1),
(1075, 'delete_workflow', 885, 'content', 'workflow', 'delete', '', 0, '0', 1, 1, 1, 1, 1),
(1076, 'creat_html', 868, 'special', 'special', 'html', '', 0, '1', 1, 1, 1, 1, 1),
(1093, 'connect_config', 30, 'admin', 'setting', 'init', '&tab=5', 14, '1', 1, 1, 1, 1, 1),
(1102, 'view_modelinfo', 74, 'member', 'member_verify', 'modelinfo', '', 0, '0', 1, 1, 1, 1, 1),
(1202, 'create_special_list', 868, 'special', 'special', 'create_special_list', '', 0, '1', 1, 1, 1, 1, 1),
(1240, 'view_memberlinfo', 72, 'member', 'member', 'memberinfo', '', 0, '0', 1, 1, 1, 1, 1),
(1239, 'copyfrom_manage', 977, 'admin', 'copyfrom', 'init', '', 0, '1', 1, 1, 1, 1, 1),
(1241, 'move_content', 822, 'content', 'content', 'move', '', 0, '0', 1, 1, 1, 1, 1),
(1242, 'poster_template', 56, 'poster', 'space', 'poster_template', '', 0, '1', 1, 1, 1, 1, 1),
(1243, 'create_index', 873, 'content', 'create_html', 'public_index', '', 0, '1', 1, 1, 1, 1, 1),
(1244, 'add_othors', 822, 'content', 'content', 'add_othors', '', 0, '1', 1, 1, 1, 1, 1),
(1295, 'attachment_manager_dir', 857, 'attachment', 'manage', 'dir', '', 2, '1', 1, 1, 1, 1, 1),
(1296, 'attachment_manager_db', 857, 'attachment', 'manage', 'init', '', 1, '1', 1, 1, 1, 1, 1),
(1346, 'attachment_address_replace', 857, 'attachment', 'address', 'init', '', 3, '1', 1, 1, 1, 1, 1),
(1347, 'attachment_address_update', 857, 'attachment', 'address', 'update', '', 0, '0', 1, 1, 1, 1, 1),
(1348, 'delete_content', 822, 'content', 'content', 'delete', '', 0, '1', 1, 1, 1, 1, 1),
(1349, 'member_menu_manage', 977, 'member', 'member_menu', 'manage', '', 0, '1', 1, 1, 1, 1, 1),
(1350, 'member_menu_add', 1349, 'member', 'member_menu', 'add', '', 0, '1', 1, 1, 1, 1, 1),
(1351, 'member_menu_edit', 1349, 'member', 'member_menu', 'edit', '', 0, '0', 1, 1, 1, 1, 1),
(1352, 'member_menu_delete', 1349, 'member', 'member_menu', 'delete', '', 0, '0', 1, 1, 1, 1, 1),
(1353, 'batch_show', 822, 'content', 'create_html', 'batch_show', '', 0, '1', 1, 1, 1, 1, 1),
(1354, 'pay_delete', 898, 'pay', 'payment', 'pay_del', '', 0, '0', 1, 1, 1, 1, 1),
(1355, 'pay_cancel', 898, 'pay', 'payment', 'pay_cancel', '', 0, '0', 1, 1, 1, 1, 1),
(1356, 'discount', 898, 'pay', 'payment', 'discount', '', 0, '0', 1, 1, 1, 1, 1),
(1360, 'category_batch_edit', 43, 'admin', 'category', 'batch_edit', '', 6, '1', 1, 1, 1, 1, 1),
(1500, 'listorder', 822, 'content', 'content', 'listorder', '', 0, '0', 1, 1, 1, 1, 1),
(1501, 'a_clean_data', 873, 'content', 'content', 'clear_data', '', 0, '1', 0, 0, 0, 0, 0),
(1671, 'video', 0, 'video', 'video', 'init', '', 0, '1', 1, 1, 1, 1, 1),
(1589, 'video', 9, 'video', 'video', 'init', '', 0, '1', 1, 1, 1, 1, 1),
(1583, 'sub_delete', 1589, 'video', 'video', 'sub_del', '', 0, '0', 1, 1, 1, 1, 1),
(1582, 'subscribe_manage', 1589, 'video', 'video', 'subscribe_list', '', 0, '1', 1, 1, 1, 1, 1),
(1581, 'video_open', 1589, 'video', 'video', 'open', '', 0, '1', 1, 1, 1, 1, 1),
(1592, 'complete_info', 1581, 'video', 'video', 'complete_info', '', 0, '1', 1, 1, 1, 1, 1),
(1591, 'video_inputinfo', 1581, 'video', 'video', 'open', '', 0, '1', 1, 1, 1, 1, 1),
(1590, 'player_manage', 1589, 'video', 'player', 'init', '', 0, '1', 1, 1, 1, 1, 1),
(1585, 'import_ku6_video', 1589, 'video', 'video', 'import_ku6video', '', 0, '1', 1, 1, 1, 1, 1),
(1673, 'batch_upload', 1672, 'video', 'batch_upload', 'init', '', 0, '1', 1, 1, 1, 1, 1),
(1672, 'batch_upload', 1671, 'video', 'batch_upload', 'init', '', 0, '1', 1, 1, 1, 1, 1),
(1593, 'video_stat', 1589, 'video', 'stat', 'init', '', 0, '1', 1, 1, 1, 1, 1),
(1586, 'video_store', 1589, 'video', 'video', 'video2content', '', 0, '0', 1, 1, 1, 1, 1),
(1594, 'announce', 29, 'announce', 'admin_announce', 'init', 's=1', 0, '1', 1, 1, 1, 1, 1),
(1595, 'announce_add', 1594, 'announce', 'admin_announce', 'add', '', 0, '0', 1, 1, 1, 1, 1),
(1596, 'edit_announce', 1594, 'announce', 'admin_announce', 'edit', 's=1', 0, '0', 1, 1, 1, 1, 1),
(1597, 'check_announce', 1594, 'announce', 'admin_announce', 'init', 's=2', 0, '1', 1, 1, 1, 1, 1),
(1598, 'overdue', 1594, 'announce', 'admin_announce', 'init', 's=3', 0, '1', 1, 1, 1, 1, 1),
(1599, 'del_announce', 1594, 'announce', 'admin_announce', 'delete', '', 0, '0', 1, 1, 1, 1, 1),
(1604, 'link', 29, 'link', 'link', 'init', '', 0, '1', 1, 1, 1, 1, 1),
(1605, 'add_link', 1604, 'link', 'link', 'add', '', 0, '0', 1, 1, 1, 1, 1),
(1606, 'edit_link', 1604, 'link', 'link', 'edit', '', 0, '0', 1, 1, 1, 1, 1),
(1607, 'delete_link', 1604, 'link', 'link', 'delete', '', 0, '0', 1, 1, 1, 1, 1),
(1608, 'link_setting', 1604, 'link', 'link', 'setting', '', 0, '1', 1, 1, 1, 1, 1),
(1609, 'add_type', 1604, 'link', 'link', 'add_type', '', 0, '1', 1, 1, 1, 1, 1),
(1610, 'list_type', 1604, 'link', 'link', 'list_type', '', 0, '1', 1, 1, 1, 1, 1),
(1611, 'check_register', 1604, 'link', 'link', 'check_register', '', 0, '1', 1, 1, 1, 1, 1),
(1612, 'vote', 29, 'vote', 'vote', 'init', '', 0, '1', 1, 1, 1, 1, 1),
(1613, 'add_vote', 1612, 'vote', 'vote', 'add', '', 0, '0', 1, 1, 1, 1, 1),
(1614, 'edit_vote', 1612, 'vote', 'vote', 'edit', '', 0, '0', 1, 1, 1, 1, 1),
(1615, 'delete_vote', 1612, 'vote', 'vote', 'delete', '', 0, '0', 1, 1, 1, 1, 1),
(1616, 'vote_setting', 1612, 'vote', 'vote', 'setting', '', 0, '1', 1, 1, 1, 1, 1),
(1617, 'statistics_vote', 1612, 'vote', 'vote', 'statistics', '', 0, '0', 1, 1, 1, 1, 1),
(1618, 'statistics_userlist', 1612, 'vote', 'vote', 'statistics_userlist', '', 0, '0', 1, 1, 1, 1, 1),
(1619, 'create_js', 1612, 'vote', 'vote', 'create_js', '', 0, '1', 1, 1, 1, 1, 1),
(1620, 'message', 29, 'message', 'message', 'init', '', 0, '1', 1, 1, 1, 1, 1),
(1621, 'send_one', 1620, 'message', 'message', 'send_one', '', 0, '1', 1, 1, 1, 1, 1),
(1622, 'delete_message', 1620, 'message', 'message', 'delete', '', 0, '0', 1, 1, 1, 1, 1),
(1623, 'message_send', 1620, 'message', 'message', 'message_send', '', 0, '0', 1, 1, 1, 1, 1),
(1624, 'message_group_manage', 1620, 'message', 'message', 'message_group_manage', '', 0, '1', 1, 1, 1, 1, 1),
(1625, 'mood', 29, 'mood', 'mood_admin', 'init', '', 0, '1', 1, 1, 1, 1, 1),
(1626, 'mood_setting', 1625, 'mood', 'mood_admin', 'setting', '', 0, '1', 1, 1, 1, 1, 1),
(1627, 'poster', 29, 'poster', 'space', 'init', '', 0, '1', 1, 1, 1, 1, 1),
(1628, 'add_space', 1627, 'poster', 'space', 'add', '', 0, '0', 1, 1, 1, 1, 1),
(1629, 'edit_space', 1627, 'poster', 'space', 'edit', '', 0, '0', 1, 1, 1, 1, 1),
(1630, 'del_space', 1627, 'poster', 'space', 'delete', '', 0, '0', 1, 1, 1, 1, 1),
(1631, 'poster_list', 1627, 'poster', 'poster', 'init', '', 0, '0', 1, 1, 1, 1, 1),
(1632, 'add_poster', 1627, 'poster', 'poster', 'add', '', 0, '0', 1, 1, 1, 1, 1),
(1633, 'edit_poster', 1627, 'poster', 'poster', 'edit', '', 0, '0', 1, 1, 1, 1, 1),
(1634, 'del_poster', 1627, 'poster', 'poster', 'delete', '', 0, '0', 1, 1, 1, 1, 1),
(1635, 'poster_stat', 1627, 'poster', 'poster', 'stat', '', 0, '0', 1, 1, 1, 1, 1),
(1636, 'poster_setting', 1627, 'poster', 'space', 'setting', '', 0, '0', 1, 1, 1, 1, 1),
(1637, 'create_poster_js', 1627, 'poster', 'space', 'create_js', '', 0, '1', 1, 1, 1, 1, 1),
(1638, 'poster_template', 1627, 'poster', 'space', 'poster_template', '', 0, '1', 1, 1, 1, 1, 1),
(1639, 'formguide', 29, 'formguide', 'formguide', 'init', '', 0, '1', 1, 1, 1, 1, 1),
(1640, 'formguide_add', 1639, 'formguide', 'formguide', 'add', '', 0, '0', 1, 1, 1, 1, 1),
(1641, 'formguide_edit', 1639, 'formguide', 'formguide', 'edit', '', 0, '0', 1, 1, 1, 1, 1),
(1642, 'form_info_list', 1639, 'formguide', 'formguide_info', 'init', '', 0, '0', 1, 1, 1, 1, 1),
(1643, 'formguide_disabled', 1639, 'formguide', 'formguide', 'disabled', '', 0, '0', 1, 1, 1, 1, 1),
(1644, 'formguide_delete', 1639, 'formguide', 'formguide', 'delete', '', 0, '0', 1, 1, 1, 1, 1),
(1645, 'formguide_stat', 1639, 'formguide', 'formguide', 'stat', '', 0, '0', 1, 1, 1, 1, 1),
(1646, 'add_public_field', 1639, 'formguide', 'formguide_field', 'add', '', 0, '1', 1, 1, 1, 1, 1),
(1647, 'list_public_field', 1639, 'formguide', 'formguide_field', 'init', '', 0, '1', 1, 1, 1, 1, 1),
(1648, 'module_setting', 1639, 'formguide', 'formguide', 'setting', '', 0, '0', 1, 1, 1, 1, 1),
(1649, 'wap', 29, 'wap', 'wap_admin', 'init', '', 0, '1', 1, 1, 1, 1, 1),
(1650, 'wap_add', 1649, 'wap', 'wap_admin', 'add', '', 0, '0', 1, 1, 1, 1, 1),
(1651, 'wap_edit', 1649, 'wap', 'wap_admin', 'edit', '', 0, '0', 1, 1, 1, 1, 1),
(1652, 'wap_delete', 1649, 'wap', 'wap_admin', 'delete', '', 0, '0', 1, 1, 1, 1, 1),
(1653, 'wap_type_manage', 1649, 'wap', 'wap_admin', 'type_manage', '', 0, '0', 1, 1, 1, 1, 1),
(1654, 'wap_type_edit', 1649, 'wap', 'wap_admin', 'type_edit', '', 0, '0', 1, 1, 1, 1, 1),
(1655, 'wap_type_delete', 1649, 'wap', 'wap_admin', 'type_delete', '', 0, '0', 1, 1, 1, 1, 1),
(1656, 'upgrade', 977, 'upgrade', 'index', 'init', '', 0, '1', 1, 1, 1, 1, 1),
(1657, 'checkfile', 1656, 'upgrade', 'index', 'checkfile', '', 0, '1', 1, 1, 1, 1, 1),
(1658, 'tag', 826, 'tag', 'tag', 'init', '', 0, '1', 1, 1, 1, 1, 1),
(1659, 'add_tag', 1658, 'tag', 'tag', 'add', '', 0, '0', 1, 1, 1, 1, 1),
(1660, 'edit_tag', 1658, 'tag', 'tag', 'edit', '', 0, '0', 1, 1, 1, 1, 1),
(1661, 'delete_tag', 1658, 'tag', 'tag', 'del', '', 0, '0', 1, 1, 1, 1, 1),
(1662, 'tag_lists', 1658, 'tag', 'tag', 'lists', '', 0, '0', 1, 1, 1, 1, 1),
(1670, 'batch_upload', 1589, 'video', 'batch_upload', 'init', '', 0, '1', 1, 1, 1, 1, 1),
(1674, 'info_setting', 977, 'admin', 'info', 'init', '', 0, '1', 1, 1, 1, 1, 1),
(1681, 'comment_check', 1680, 'comment', 'check', 'checks', '', 0, '1', 1, 1, 1, 1, 1),
(1680, 'comment_manage', 821, 'comment', 'comment_admin', 'listinfo', '', 0, '1', 1, 1, 1, 1, 1),
(1682, 'comment_list', 1679, 'comment', 'comment_admin', 'lists', '', 0, '0', 1, 1, 1, 1, 1),
(1679, 'comment', 29, 'comment', 'comment_admin', 'init', '', 0, '1', 1, 1, 1, 1, 1);

-- --------------------------------------------------------

--
-- 表的结构 `v9_message`
--

CREATE TABLE IF NOT EXISTS `v9_message` (
  `messageid` int(10) unsigned NOT NULL AUTO_INCREMENT,
  `send_from_id` char(30) NOT NULL DEFAULT '0',
  `send_to_id` char(30) NOT NULL DEFAULT '0',
  `folder` enum('all','inbox','outbox') NOT NULL,
  `status` tinyint(1) unsigned NOT NULL DEFAULT '0',
  `message_time` int(10) unsigned NOT NULL DEFAULT '0',
  `subject` char(80) DEFAULT NULL,
  `content` text NOT NULL,
  `replyid` int(10) unsigned NOT NULL DEFAULT '0',
  `del_type` tinyint(1) unsigned DEFAULT '0',
  PRIMARY KEY (`messageid`),
  KEY `msgtoid` (`send_to_id`,`folder`),
  KEY `replyid` (`replyid`),
  KEY `folder` (`send_from_id`,`folder`)
) ENGINE=MyISAM DEFAULT CHARSET=utf8 AUTO_INCREMENT=1 ;

-- --------------------------------------------------------

--
-- 表的结构 `v9_message_data`
--

CREATE TABLE IF NOT EXISTS `v9_message_data` (
  `id` int(4) NOT NULL AUTO_INCREMENT,
  `userid` mediumint(8) NOT NULL,
  `group_message_id` int(5) NOT NULL,
  PRIMARY KEY (`id`),
  KEY `message` (`userid`,`group_message_id`)
) ENGINE=MyISAM DEFAULT CHARSET=utf8 AUTO_INCREMENT=1 ;

-- --------------------------------------------------------

--
-- 表的结构 `v9_message_group`
--

CREATE TABLE IF NOT EXISTS `v9_message_group` (
  `id` smallint(5) unsigned NOT NULL AUTO_INCREMENT,
  `typeid` smallint(5) unsigned NOT NULL DEFAULT '0',
  `groupid` tinyint(4) unsigned NOT NULL DEFAULT '0' COMMENT '?û???id',
  `subject` char(80) DEFAULT NULL,
  `content` text NOT NULL COMMENT '????',
  `inputtime` int(10) unsigned DEFAULT '0',
  `status` tinyint(2) unsigned DEFAULT '1',
  PRIMARY KEY (`id`)
) ENGINE=MyISAM DEFAULT CHARSET=utf8 AUTO_INCREMENT=1 ;

-- --------------------------------------------------------

--
-- 表的结构 `v9_model`
--

CREATE TABLE IF NOT EXISTS `v9_model` (
  `modelid` smallint(5) unsigned NOT NULL AUTO_INCREMENT,
  `siteid` smallint(5) unsigned NOT NULL DEFAULT '0',
  `name` char(30) NOT NULL,
  `description` char(100) NOT NULL,
  `tablename` char(20) NOT NULL,
  `setting` text NOT NULL,
  `addtime` int(10) unsigned NOT NULL DEFAULT '0',
  `items` smallint(5) unsigned NOT NULL DEFAULT '0',
  `enablesearch` tinyint(1) unsigned NOT NULL DEFAULT '1',
  `disabled` tinyint(1) unsigned NOT NULL DEFAULT '0',
  `default_style` char(30) NOT NULL,
  `category_template` char(30) NOT NULL,
  `list_template` char(30) NOT NULL,
  `show_template` char(30) NOT NULL,
  `js_template` varchar(30) NOT NULL,
  `admin_list_template` char(30) NOT NULL,
  `member_add_template` varchar(30) NOT NULL,
  `member_list_template` varchar(30) NOT NULL,
  `sort` tinyint(3) NOT NULL,
  `type` tinyint(1) NOT NULL,
  PRIMARY KEY (`modelid`),
  KEY `type` (`type`,`siteid`)
) ENGINE=MyISAM  DEFAULT CHARSET=utf8 AUTO_INCREMENT=16 ;

--
-- 转存表中的数据 `v9_model`
--

INSERT INTO `v9_model` (`modelid`, `siteid`, `name`, `description`, `tablename`, `setting`, `addtime`, `items`, `enablesearch`, `disabled`, `default_style`, `category_template`, `list_template`, `show_template`, `js_template`, `admin_list_template`, `member_add_template`, `member_list_template`, `sort`, `type`) VALUES
(1, 1, '文章模型', '', 'news', '', 0, 0, 1, 0, 'default', 'category', 'list', 'show', '', '', '', '', 0, 0),
(2, 1, '下载模型', '', 'download', '', 0, 0, 1, 0, 'default', 'category_download', 'list_download', 'show_download', '', '', '', '', 0, 0),
(3, 1, '图片模型', '', 'picture', '', 0, 0, 1, 0, 'default', 'category_picture', 'list_picture', 'show_picture', '', '', '', '', 0, 0),
(10, 1, '普通会员', '普通会员', 'member_detail', '', 0, 0, 1, 0, '', '', '', '', '', '', '', '', 0, 2),
(11, 1, '视频模型', '', 'video', '', 0, 0, 1, 0, 'sina', 'category', 'list_sina', 'show', '', '', '', '', 0, 0),
(12, 1, '专辑模型', '专辑模型', 'zhuanji', '', 0, 0, 1, 0, 'sina', 'category_video', 'list_sina', 'show', '', 'content_list_video', '', '', 0, 0),
(14, 1, '房产信息', '', 'house', '', 0, 0, 1, 0, 'default', 'category_info', 'list_house', 'show_house', '', '', '', '', 0, 0),
(15, 1, '测试模型', 'test', 'test', '', 0, 0, 1, 0, 'sina', 'category', '', 'show', '', '', '', '', 0, 0);

-- --------------------------------------------------------

--
-- 表的结构 `v9_model_field`
--

CREATE TABLE IF NOT EXISTS `v9_model_field` (
  `fieldid` mediumint(8) unsigned NOT NULL AUTO_INCREMENT,
  `modelid` smallint(5) unsigned NOT NULL DEFAULT '0',
  `siteid` smallint(5) unsigned NOT NULL DEFAULT '0',
  `field` varchar(20) NOT NULL,
  `name` varchar(30) NOT NULL,
  `tips` text NOT NULL,
  `css` varchar(30) NOT NULL,
  `minlength` int(10) unsigned NOT NULL DEFAULT '0',
  `maxlength` int(10) unsigned NOT NULL DEFAULT '0',
  `pattern` varchar(255) NOT NULL,
  `errortips` varchar(255) NOT NULL,
  `formtype` varchar(20) NOT NULL,
  `setting` mediumtext NOT NULL,
  `formattribute` varchar(255) NOT NULL,
  `unsetgroupids` varchar(255) NOT NULL,
  `unsetroleids` varchar(255) NOT NULL,
  `iscore` tinyint(1) unsigned NOT NULL DEFAULT '0',
  `issystem` tinyint(1) unsigned NOT NULL DEFAULT '0',
  `isunique` tinyint(1) unsigned NOT NULL DEFAULT '0',
  `isbase` tinyint(1) unsigned NOT NULL DEFAULT '0',
  `issearch` tinyint(1) unsigned NOT NULL DEFAULT '0',
  `isadd` tinyint(1) unsigned NOT NULL DEFAULT '0',
  `isfulltext` tinyint(1) unsigned NOT NULL DEFAULT '0',
  `isposition` tinyint(1) unsigned NOT NULL DEFAULT '0',
  `listorder` mediumint(8) unsigned NOT NULL DEFAULT '0',
  `disabled` tinyint(1) unsigned NOT NULL DEFAULT '0',
  `isomnipotent` tinyint(1) unsigned NOT NULL DEFAULT '0',
  PRIMARY KEY (`fieldid`),
  KEY `modelid` (`modelid`,`disabled`),
  KEY `field` (`field`,`modelid`)
) ENGINE=MyISAM  DEFAULT CHARSET=utf8 AUTO_INCREMENT=233 ;

--
-- 转存表中的数据 `v9_model_field`
--

INSERT INTO `v9_model_field` (`fieldid`, `modelid`, `siteid`, `field`, `name`, `tips`, `css`, `minlength`, `maxlength`, `pattern`, `errortips`, `formtype`, `setting`, `formattribute`, `unsetgroupids`, `unsetroleids`, `iscore`, `issystem`, `isunique`, `isbase`, `issearch`, `isadd`, `isfulltext`, `isposition`, `listorder`, `disabled`, `isomnipotent`) VALUES
(1, 1, 1, 'catid', '栏目', '', '', 1, 6, '/^[0-9]{1,6}$/', '请选择栏目', 'catid', 'array (\n  ''defaultvalue'' => '''',\n)', '', '-99', '-99', 0, 1, 0, 1, 1, 1, 0, 0, 1, 0, 0),
(2, 1, 1, 'typeid', '类别', '', '', 0, 0, '', '', 'typeid', 'array (\n  ''minnumber'' => '''',\n  ''defaultvalue'' => '''',\n)', '', '', '', 0, 1, 0, 1, 1, 1, 0, 0, 2, 0, 0),
(3, 1, 1, 'title', '标题', '', 'inputtitle', 1, 80, '', '请输入标题', 'title', '', '', '', '', 0, 1, 0, 1, 1, 1, 1, 1, 4, 0, 0),
(4, 1, 1, 'thumb', '缩略图', '', '', 0, 100, '', '', 'image', 'array (\n  ''size'' => ''50'',\n  ''defaultvalue'' => '''',\n  ''show_type'' => ''1'',\n  ''upload_maxsize'' => ''1024'',\n  ''upload_allowext'' => ''jpg|jpeg|gif|png|bmp'',\n  ''watermark'' => ''0'',\n  ''isselectimage'' => ''1'',\n  ''images_width'' => '''',\n  ''images_height'' => '''',\n)', '', '', '', 0, 1, 0, 0, 0, 1, 0, 1, 14, 0, 0),
(5, 1, 1, 'keywords', '关键词', '多关键词之间用空格或者“,”隔开', '', 0, 40, '', '', 'keyword', 'array (\r\n  ''size'' => ''100'',\r\n  ''defaultvalue'' => '''',\r\n)', '', '-99', '-99', 0, 1, 0, 1, 1, 1, 1, 0, 7, 0, 0),
(6, 1, 1, 'description', '摘要', '', '', 0, 255, '', '', 'textarea', 'array (\r\n  ''width'' => ''98'',\r\n  ''height'' => ''46'',\r\n  ''defaultvalue'' => '''',\r\n  ''enablehtml'' => ''0'',\r\n)', '', '', '', 0, 1, 0, 1, 0, 1, 1, 1, 10, 0, 0),
(7, 1, 1, 'updatetime', '更新时间', '', '', 0, 0, '', '', 'datetime', 'array (\r\n  ''dateformat'' => ''int'',\r\n  ''format'' => ''Y-m-d H:i:s'',\r\n  ''defaulttype'' => ''1'',\r\n  ''defaultvalue'' => '''',\r\n)', '', '', '', 1, 1, 0, 1, 0, 0, 0, 0, 12, 0, 0),
(8, 1, 1, 'content', '内容', '<div class="content_attr"><label><input name="add_introduce" type="checkbox"  value="1" checked>是否截取内容</label><input type="text" name="introcude_length" value="200" size="3">字符至内容摘要\r\n<label><input type=''checkbox'' name=''auto_thumb'' value="1" checked>是否获取内容第</label><input type="text" name="auto_thumb_no" value="1" size="2" class="">张图片作为标题图片\r\n</div>', '', 1, 999999, '', '内容不能为空', 'editor', 'array (\n  ''toolbar'' => ''full'',\n  ''defaultvalue'' => '''',\n  ''enablekeylink'' => ''1'',\n  ''replacenum'' => ''2'',\n  ''link_mode'' => ''0'',\n  ''enablesaveimage'' => ''1'',\n)', '', '', '', 0, 0, 0, 1, 0, 1, 1, 0, 13, 0, 0),
(9, 1, 1, 'voteid', '添加投票', '', '', 0, 0, '', '', 'omnipotent', 'array (\n  ''formtext'' => ''<input type=\\''text\\'' name=\\''info[voteid]\\'' id=\\''voteid\\'' value=\\''{FIELD_VALUE}\\'' size=\\''3\\''> \r\n<input type=\\''button\\'' value="选择已有投票" onclick="omnipotent(\\''selectid\\'',\\''?m=vote&c=vote&a=public_get_votelist&from_api=1\\'',\\''选择已有投票\\'')" class="button">\r\n<input type=\\''button\\'' value="新增投票" onclick="omnipotent(\\''addvote\\'',\\''?m=vote&c=vote&a=add&from_api=1\\'',\\''添加投票\\'',0)" class="button">'',\n  ''fieldtype'' => ''mediumint'',\n  ''minnumber'' => ''1'',\n)', '', '', '', 0, 0, 0, 1, 0, 0, 1, 0, 21, 0, 0),
(10, 1, 1, 'pages', '分页方式', '', '', 0, 0, '', '', 'pages', '', '', '-99', '-99', 0, 0, 0, 1, 0, 0, 0, 0, 16, 0, 0),
(11, 1, 1, 'inputtime', '发布时间', '', '', 0, 0, '', '', 'datetime', 'array (\n  ''fieldtype'' => ''int'',\n  ''format'' => ''Y-m-d H:i:s'',\n  ''defaulttype'' => ''0'',\n)', '', '', '', 0, 1, 0, 0, 0, 0, 0, 1, 17, 0, 0),
(12, 1, 1, 'posids', '推荐位', '', '', 0, 0, '', '', 'posid', 'array (\n  ''cols'' => ''4'',\n  ''width'' => ''125'',\n)', '', '', '', 0, 1, 0, 1, 0, 0, 0, 0, 18, 0, 0),
(13, 1, 1, 'url', 'URL', '', '', 0, 100, '', '', 'text', '', '', '', '', 1, 1, 0, 1, 0, 0, 0, 0, 50, 0, 0),
(14, 1, 1, 'listorder', '排序', '', '', 0, 6, '', '', 'number', '', '', '', '', 1, 1, 0, 1, 0, 0, 0, 0, 51, 0, 0),
(15, 1, 1, 'status', '状态', '', '', 0, 2, '', '', 'box', '', '', '', '', 1, 1, 0, 1, 0, 0, 0, 0, 55, 0, 0),
(16, 1, 1, 'template', '内容页模板', '', '', 0, 30, '', '', 'template', 'array (\n  ''size'' => '''',\n  ''defaultvalue'' => '''',\n)', '', '-99', '-99', 0, 0, 0, 0, 0, 0, 0, 0, 53, 0, 0),
(17, 1, 1, 'groupids_view', '阅读权限', '', '', 0, 0, '', '', 'groupid', 'array (\n  ''groupids'' => '''',\n)', '', '', '', 0, 0, 0, 1, 0, 0, 0, 0, 19, 0, 0),
(18, 1, 1, 'readpoint', '阅读收费', '', '', 0, 5, '', '', 'readpoint', 'array (\n  ''minnumber'' => ''1'',\n  ''maxnumber'' => ''99999'',\n  ''decimaldigits'' => ''0'',\n  ''defaultvalue'' => '''',\n)', '', '-99', '-99', 0, 0, 0, 0, 0, 0, 0, 0, 55, 0, 0),
(19, 1, 1, 'relation', '相关文章', '', '', 0, 0, '', '', 'omnipotent', 'array (\n  ''formtext'' => ''<input type=\\''hidden\\'' name=\\''info[relation]\\'' id=\\''relation\\'' value=\\''{FIELD_VALUE}\\'' style=\\''50\\'' >\r\n<ul class="list-dot" id="relation_text"></ul>\r\n<div>\r\n<input type=\\''button\\'' value="添加相关" onclick="omnipotent(\\''selectid\\'',\\''?m=content&c=content&a=public_relationlist&modelid={MODELID}\\'',\\''添加相关文章\\'',1)" class="button" style="width:66px;">\r\n<span class="edit_content">\r\n<input type=\\''button\\'' value="显示已有" onclick="show_relation({MODELID},{ID})" class="button" style="width:66px;">\r\n</span>\r\n</div>'',\n  ''fieldtype'' => ''varchar'',\n  ''minnumber'' => ''1'',\n)', '', '2,6,4,5,1,17,18,7', '', 0, 0, 0, 0, 0, 0, 1, 0, 15, 0, 0),
(20, 1, 1, 'allow_comment', '允许评论', '', '', 0, 0, '', '', 'box', 'array (\n  ''options'' => ''允许评论|1\r\n不允许评论|0'',\n  ''boxtype'' => ''radio'',\n  ''fieldtype'' => ''tinyint'',\n  ''minnumber'' => ''1'',\n  ''width'' => ''88'',\n  ''size'' => ''1'',\n  ''defaultvalue'' => ''1'',\n  ''outputtype'' => ''1'',\n  ''filtertype'' => ''0'',\n)', '', '', '', 0, 0, 0, 0, 0, 0, 0, 0, 54, 0, 0),
(21, 1, 1, 'copyfrom', '来源', '', '', 0, 100, '', '', 'copyfrom', 'array (\n  ''defaultvalue'' => '''',\n)', '', '', '', 0, 0, 0, 1, 0, 1, 0, 0, 8, 0, 0),
(80, 1, 1, 'username', '用户名', '', '', 0, 20, '', '', 'text', '', '', '', '', 1, 1, 0, 1, 0, 0, 0, 0, 98, 0, 0),
(22, 2, 1, 'catid', '栏目', '', '', 1, 6, '/^[0-9]{1,6}$/', '请选择栏目', 'catid', 'array (\n  ''defaultvalue'' => '''',\n)', '', '-99', '-99', 0, 1, 0, 1, 1, 1, 0, 0, 1, 0, 0),
(23, 2, 1, 'typeid', '类别', '', '', 0, 0, '', '', 'typeid', 'array (\n  ''minnumber'' => '''',\n  ''defaultvalue'' => '''',\n)', '', '', '', 0, 1, 0, 1, 1, 1, 0, 0, 2, 1, 0),
(24, 2, 1, 'title', '标题', '', 'inputtitle', 1, 80, '', '请输入标题', 'title', '', '', '', '', 0, 1, 0, 1, 1, 1, 1, 1, 4, 0, 0),
(25, 2, 1, 'keywords', '关键词', '多关键词之间用空格或者“,”隔开', '', 0, 40, '', '', 'keyword', 'array (\r\n  ''size'' => ''100'',\r\n  ''defaultvalue'' => '''',\r\n)', '', '-99', '-99', 0, 1, 0, 1, 1, 1, 1, 0, 7, 0, 0),
(26, 2, 1, 'description', '摘要', '', '', 0, 255, '', '', 'textarea', 'array (\r\n  ''width'' => ''98'',\r\n  ''height'' => ''46'',\r\n  ''defaultvalue'' => '''',\r\n  ''enablehtml'' => ''0'',\r\n)', '', '', '', 0, 1, 0, 1, 0, 1, 1, 1, 10, 0, 0),
(27, 2, 1, 'updatetime', '更新时间', '', '', 0, 0, '', '', 'datetime', 'array (\r\n  ''dateformat'' => ''int'',\r\n  ''format'' => ''Y-m-d H:i:s'',\r\n  ''defaulttype'' => ''1'',\r\n  ''defaultvalue'' => '''',\r\n)', '', '', '', 1, 1, 0, 1, 0, 0, 0, 0, 12, 0, 0),
(28, 2, 1, 'content', '内容', '<div class="content_attr"><label><input name="add_introduce" type="checkbox"  value="1" checked>是否截取内容</label><input type="text" name="introcude_length" value="200" size="3">字符至内容摘要\r\n<label><input type=''checkbox'' name=''auto_thumb'' value="1" checked>是否获取内容第</label><input type="text" name="auto_thumb_no" value="1" size="2" class="">张图片作为标题图片\r\n</div>', '', 1, 999999, '', '内容不能为空', 'editor', 'array (\n  ''toolbar'' => ''full'',\n  ''defaultvalue'' => '''',\n  ''enablekeylink'' => ''1'',\n  ''replacenum'' => ''2'',\n  ''link_mode'' => ''0'',\n  ''enablesaveimage'' => ''1'',\n  ''height'' => '''',\n  ''disabled_page'' => ''1'',\n)', '', '', '', 0, 0, 0, 1, 0, 1, 1, 0, 13, 0, 0),
(29, 2, 1, 'thumb', '缩略图', '', '', 0, 100, '', '', 'image', 'array (\n  ''size'' => ''50'',\n  ''defaultvalue'' => '''',\n  ''show_type'' => ''1'',\n  ''upload_maxsize'' => ''1024'',\n  ''upload_allowext'' => ''jpg|jpeg|gif|png|bmp'',\n  ''watermark'' => ''0'',\n  ''isselectimage'' => ''1'',\n  ''images_width'' => '''',\n  ''images_height'' => '''',\n)', '', '', '', 0, 1, 0, 0, 0, 1, 0, 1, 14, 0, 0),
(30, 2, 1, 'relation', '相关文章', '', '', 0, 0, '', '', 'omnipotent', 'array (\n  ''formtext'' => ''<input type=\\''hidden\\'' name=\\''info[relation]\\'' id=\\''relation\\'' value=\\''{FIELD_VALUE}\\'' style=\\''50\\'' >\r\n<ul class="list-dot" id="relation_text"></ul>\r\n<div>\r\n<input type=\\''button\\'' value="添加相关" onclick="omnipotent(\\''selectid\\'',\\''?m=content&c=content&a=public_relationlist&modelid={MODELID}\\'',\\''添加相关文章\\'',1)" class="button" style="width:66px;">\r\n<span class="edit_content">\r\n<input type=\\''button\\'' value="显示已有" onclick="show_relation({MODELID},{ID})" class="button" style="width:66px;">\r\n</span>\r\n</div>'',\n  ''fieldtype'' => ''varchar'',\n  ''minnumber'' => ''1'',\n)', '', '2,6,4,5,1,17,18,7', '', 0, 0, 0, 0, 0, 0, 1, 0, 15, 0, 0),
(31, 2, 1, 'pages', '分页方式', '', '', 0, 0, '', '', 'pages', '', '', '-99', '-99', 0, 0, 0, 1, 0, 0, 0, 0, 16, 1, 0),
(32, 2, 1, 'inputtime', '发布时间', '', '', 0, 0, '', '', 'datetime', 'array (\n  ''fieldtype'' => ''int'',\n  ''format'' => ''Y-m-d H:i:s'',\n  ''defaulttype'' => ''0'',\n)', '', '', '', 0, 1, 0, 0, 0, 0, 0, 1, 17, 0, 0),
(33, 2, 1, 'posids', '推荐位', '', '', 0, 0, '', '', 'posid', 'array (\n  ''cols'' => ''4'',\n  ''width'' => ''125'',\n)', '', '', '', 0, 1, 0, 1, 0, 0, 0, 0, 18, 0, 0),
(34, 2, 1, 'groupids_view', '阅读权限', '', '', 0, 0, '', '', 'groupid', 'array (\n  ''groupids'' => '''',\n)', '', '', '', 0, 0, 0, 1, 0, 0, 0, 0, 19, 0, 0),
(35, 2, 1, 'url', 'URL', '', '', 0, 100, '', '', 'text', '', '', '', '', 1, 1, 0, 1, 0, 0, 0, 0, 50, 0, 0),
(36, 2, 1, 'listorder', '排序', '', '', 0, 6, '', '', 'number', '', '', '', '', 1, 1, 0, 1, 0, 0, 0, 0, 51, 0, 0),
(37, 2, 1, 'template', '内容页模板', '', '', 0, 30, '', '', 'template', 'array (\n  ''size'' => '''',\n  ''defaultvalue'' => '''',\n)', '', '-99', '-99', 0, 0, 0, 0, 0, 0, 0, 0, 53, 0, 0),
(38, 2, 1, 'allow_comment', '允许评论', '', '', 0, 0, '', '', 'box', 'array (\n  ''options'' => ''允许评论|1\r\n不允许评论|0'',\n  ''boxtype'' => ''radio'',\n  ''fieldtype'' => ''tinyint'',\n  ''minnumber'' => ''1'',\n  ''width'' => ''88'',\n  ''size'' => ''1'',\n  ''defaultvalue'' => ''1'',\n  ''outputtype'' => ''1'',\n  ''filtertype'' => ''0'',\n)', '', '', '', 0, 0, 0, 0, 0, 0, 0, 0, 54, 0, 0),
(39, 2, 1, 'status', '状态', '', '', 0, 2, '', '', 'box', '', '', '', '', 1, 1, 0, 1, 0, 0, 0, 0, 55, 0, 0),
(40, 2, 1, 'readpoint', '阅读收费', '', '', 0, 5, '', '', 'readpoint', 'array (\n  ''minnumber'' => ''1'',\n  ''maxnumber'' => ''99999'',\n  ''decimaldigits'' => ''0'',\n  ''defaultvalue'' => '''',\n)', '', '-99', '-99', 0, 0, 0, 0, 0, 0, 0, 0, 55, 0, 0),
(41, 2, 1, 'username', '用户名', '', '', 0, 20, '', '', 'text', '', '', '', '', 1, 1, 0, 1, 0, 0, 0, 0, 98, 0, 0),
(42, 2, 1, 'downfiles', '本地下载', '', '', 0, 0, '', '', 'downfiles', 'array (\n  ''upload_allowext'' => ''rar|zip'',\n  ''isselectimage'' => ''0'',\n  ''upload_number'' => ''10'',\n  ''downloadlink'' => ''1'',\n  ''downloadtype'' => ''1'',\n)', '', '', '', 0, 0, 0, 1, 0, 1, 0, 0, 8, 0, 0),
(43, 2, 1, 'downfile', '镜像下载', '', '', 0, 0, '', '', 'downfile', 'array (\n  ''downloadlink'' => ''1'',\n  ''downloadtype'' => ''1'',\n  ''upload_allowext'' => ''rar|zip'',\n  ''isselectimage'' => ''0'',\n  ''upload_number'' => ''1'',\n)', '', '', '', 0, 0, 0, 1, 0, 1, 0, 0, 9, 0, 0),
(44, 2, 1, 'systems', '软件平台', '<select name=''selectSystem'' onchange="ChangeInput(this,document.myform.systems,''/'')">\r\n	<option value=''WinXP''>WinXP</option>\r\n	<option value=''Vista''>Windows 7</option>\r\n	<option value=''Win2000''>Win2000</option>\r\n	<option value=''Win2003''>Win2003</option>\r\n	<option value=''Unix''>Unix</option>\r\n	<option value=''Linux''>Linux</option>\r\n	<option value=''MacOS''>MacOS</option>\r\n</select>', '', 0, 100, '', '', 'text', 'array (\n  ''size'' => ''50'',\n  ''defaultvalue'' => ''Win2000/WinXP/Win2003'',\n  ''ispassword'' => ''0'',\n)', '', '', '', 0, 1, 0, 1, 0, 1, 1, 0, 14, 0, 0),
(45, 2, 1, 'copytype', '软件授权形式', '', '', 0, 15, '', '', 'box', 'array (\n  ''options'' => ''免费版|免费版\r\n共享版|共享版\r\n试用版|试用版\r\n演示版|演示版\r\n注册版|注册版\r\n破解版|破解版\r\n零售版|零售版\r\nOEM版|OEM版'',\n  ''boxtype'' => ''select'',\n  ''fieldtype'' => ''varchar'',\n  ''minnumber'' => ''1'',\n  ''cols'' => ''5'',\n  ''width'' => ''80'',\n  ''size'' => ''1'',\n  ''default_select_value'' => ''免费版'',\n)', '', '', '', 0, 1, 0, 1, 0, 1, 0, 0, 12, 0, 0),
(46, 2, 1, 'language', '软件语言', '', '', 0, 16, '', '', 'box', 'array (\n  ''options'' => ''英文|英文\r\n简体中文|简体中文\r\n繁体中文|繁体中文\r\n简繁中文|简繁中文\r\n多国语言|多国语言\r\n其他语言|其他语言'',\n  ''boxtype'' => ''select'',\n  ''fieldtype'' => ''varchar'',\n  ''minnumber'' => ''1'',\n  ''cols'' => ''5'',\n  ''width'' => ''80'',\n  ''size'' => ''1'',\n  ''default_select_value'' => ''简体中文'',\n)', '', '', '', 0, 1, 0, 1, 0, 1, 0, 0, 13, 0, 0),
(47, 2, 1, 'classtype', '软件类型', '', '', 0, 20, '', '', 'box', 'array (\n  ''options'' => ''国产软件|国产软件\r\n国外软件|国外软件\r\n汉化补丁|汉化补丁\r\n程序源码|程序源码\r\n其他|其他'',\n  ''boxtype'' => ''radio'',\n  ''fieldtype'' => ''varchar'',\n  ''minnumber'' => ''1'',\n  ''cols'' => ''5'',\n  ''width'' => ''80'',\n  ''size'' => ''1'',\n  ''default_select_value'' => ''国产软件'',\n)', '', '', '', 0, 1, 0, 1, 0, 1, 0, 0, 17, 0, 0),
(48, 2, 1, 'version', '版本号', '', '', 0, 20, '', '', 'text', 'array (\n  ''size'' => ''10'',\n  ''defaultvalue'' => '''',\n  ''ispassword'' => ''0'',\n)', '', '', '', 0, 1, 0, 0, 0, 1, 1, 0, 13, 0, 0),
(49, 2, 1, 'filesize', '文件大小', '', '', 0, 10, '', '', 'text', 'array (\n  ''size'' => ''10'',\n  ''defaultvalue'' => ''未知'',\n  ''ispassword'' => ''0'',\n)', '', '', '', 0, 1, 0, 0, 0, 1, 1, 0, 14, 0, 0),
(50, 2, 1, 'stars', '评分等级', '', '', 0, 20, '', '', 'box', 'array (\n  ''options'' => ''★☆☆☆☆|★☆☆☆☆\r\n★★☆☆☆|★★☆☆☆\r\n★★★☆☆|★★★☆☆\r\n★★★★☆|★★★★☆\r\n★★★★★|★★★★★'',\n  ''boxtype'' => ''radio'',\n  ''fieldtype'' => ''varchar'',\n  ''minnumber'' => ''1'',\n  ''cols'' => ''5'',\n  ''width'' => ''88'',\n  ''size'' => ''1'',\n  ''default_select_value'' => ''★★★☆☆'',\n)', '', '', '', 0, 1, 0, 1, 0, 1, 0, 0, 17, 0, 0),
(51, 3, 1, 'allow_comment', '允许评论', '', '', 0, 0, '', '', 'box', 'array (\n  ''options'' => ''允许评论|1\r\n不允许评论|0'',\n  ''boxtype'' => ''radio'',\n  ''fieldtype'' => ''tinyint'',\n  ''minnumber'' => ''1'',\n  ''width'' => ''88'',\n  ''size'' => ''1'',\n  ''defaultvalue'' => ''1'',\n  ''outputtype'' => ''1'',\n  ''filtertype'' => ''0'',\n)', '', '', '', 0, 0, 0, 0, 0, 0, 0, 0, 54, 0, 0),
(52, 3, 1, 'template', '内容页模板', '', '', 0, 30, '', '', 'template', 'array (\n  ''size'' => '''',\n  ''defaultvalue'' => '''',\n)', '', '-99', '-99', 0, 0, 0, 0, 0, 0, 0, 0, 53, 0, 0),
(53, 3, 1, 'url', 'URL', '', '', 0, 100, '', '', 'text', '', '', '', '', 1, 1, 0, 1, 0, 0, 0, 0, 50, 0, 0),
(54, 3, 1, 'listorder', '排序', '', '', 0, 6, '', '', 'number', '', '', '', '', 1, 1, 0, 1, 0, 0, 0, 0, 51, 0, 0),
(55, 3, 1, 'posids', '推荐位', '', '', 0, 0, '', '', 'posid', 'array (\n  ''cols'' => ''4'',\n  ''width'' => ''125'',\n)', '', '', '', 0, 1, 0, 1, 0, 0, 0, 0, 18, 0, 0),
(56, 3, 1, 'groupids_view', '阅读权限', '', '', 0, 0, '', '', 'groupid', 'array (\n  ''groupids'' => '''',\n)', '', '', '', 0, 0, 0, 1, 0, 0, 0, 0, 19, 0, 0),
(57, 3, 1, 'inputtime', '发布时间', '', '', 0, 0, '', '', 'datetime', 'array (\n  ''fieldtype'' => ''int'',\n  ''format'' => ''Y-m-d H:i:s'',\n  ''defaulttype'' => ''0'',\n)', '', '', '', 0, 1, 0, 0, 0, 0, 0, 1, 17, 0, 0),
(58, 3, 1, 'pages', '分页方式', '', '', 0, 0, '', '', 'pages', '', '', '-99', '-99', 0, 0, 0, 1, 0, 0, 0, 0, 16, 0, 0),
(59, 3, 1, 'relation', '相关组图', '', '', 0, 0, '', '', 'omnipotent', 'array (\n  ''formtext'' => ''<input type=\\''hidden\\'' name=\\''info[relation]\\'' id=\\''relation\\'' value=\\''{FIELD_VALUE}\\'' style=\\''50\\'' >\r\n<ul class="list-dot" id="relation_text"></ul>\r\n<div>\r\n<input type=\\''button\\'' value="添加相关" onclick="omnipotent(\\''selectid\\'',\\''?m=content&c=content&a=public_relationlist&modelid={MODELID}\\'',\\''添加相关文章\\'',1)" class="button" style="width:66px;">\r\n<span class="edit_content">\r\n<input type=\\''button\\'' value="显示已有" onclick="show_relation({MODELID},{ID})" class="button" style="width:66px;">\r\n</span>\r\n</div>'',\n  ''fieldtype'' => ''varchar'',\n  ''minnumber'' => ''1'',\n)', '', '2,6,4,5,1,17,18,7', '', 0, 0, 0, 0, 0, 0, 1, 0, 15, 0, 0),
(60, 3, 1, 'thumb', '缩略图', '', '', 0, 100, '', '', 'image', 'array (\n  ''size'' => ''50'',\n  ''defaultvalue'' => '''',\n  ''show_type'' => ''1'',\n  ''upload_maxsize'' => ''1024'',\n  ''upload_allowext'' => ''jpg|jpeg|gif|png|bmp'',\n  ''watermark'' => ''0'',\n  ''isselectimage'' => ''1'',\n  ''images_width'' => '''',\n  ''images_height'' => '''',\n)', '', '', '', 0, 1, 0, 0, 0, 1, 0, 1, 14, 0, 0),
(61, 3, 1, 'content', '内容', '<div class="content_attr"><label><input name="add_introduce" type="checkbox"  value="1" checked>是否截取内容</label><input type="text" name="introcude_length" value="200" size="3">字符至内容摘要\r\n<label><input type=''checkbox'' name=''auto_thumb'' value="1" checked>是否获取内容第</label><input type="text" name="auto_thumb_no" value="1" size="2" class="">张图片作为标题图片\r\n</div>', '', 0, 999999, '', '', 'editor', 'array (\n  ''toolbar'' => ''full'',\n  ''defaultvalue'' => '''',\n  ''enablekeylink'' => ''1'',\n  ''replacenum'' => ''2'',\n  ''link_mode'' => ''0'',\n  ''enablesaveimage'' => ''1'',\n  ''height'' => '''',\n  ''disabled_page'' => ''1'',\n)', '', '', '', 0, 0, 0, 1, 0, 1, 1, 0, 13, 0, 0),
(62, 3, 1, 'updatetime', '更新时间', '', '', 0, 0, '', '', 'datetime', 'array (\r\n  ''dateformat'' => ''int'',\r\n  ''format'' => ''Y-m-d H:i:s'',\r\n  ''defaulttype'' => ''1'',\r\n  ''defaultvalue'' => '''',\r\n)', '', '', '', 1, 1, 0, 1, 0, 0, 0, 0, 12, 0, 0),
(63, 3, 1, 'description', '摘要', '', '', 0, 255, '', '', 'textarea', 'array (\r\n  ''width'' => ''98'',\r\n  ''height'' => ''46'',\r\n  ''defaultvalue'' => '''',\r\n  ''enablehtml'' => ''0'',\r\n)', '', '', '', 0, 1, 0, 1, 0, 1, 1, 1, 10, 0, 0),
(64, 3, 1, 'title', '标题', '', 'inputtitle', 1, 80, '', '请输入标题', 'title', '', '', '', '', 0, 1, 0, 1, 1, 1, 1, 1, 4, 0, 0),
(65, 3, 1, 'keywords', '关键词', '多关键词之间用空格或者“,”隔开', '', 0, 40, '', '', 'keyword', 'array (\r\n  ''size'' => ''100'',\r\n  ''defaultvalue'' => '''',\r\n)', '', '-99', '-99', 0, 1, 0, 1, 1, 1, 1, 0, 7, 0, 0),
(66, 3, 1, 'typeid', '类别', '', '', 0, 0, '', '', 'typeid', 'array (\n  ''minnumber'' => '''',\n  ''defaultvalue'' => '''',\n)', '', '', '', 0, 1, 0, 1, 1, 1, 0, 0, 2, 0, 0),
(67, 3, 1, 'catid', '栏目', '', '', 1, 6, '/^[0-9]{1,6}$/', '请选择栏目', 'catid', 'array (\n  ''defaultvalue'' => '''',\n)', '', '-99', '-99', 0, 1, 0, 1, 1, 1, 0, 0, 1, 0, 0),
(68, 3, 1, 'status', '状态', '', '', 0, 2, '', '', 'box', '', '', '', '', 1, 1, 0, 1, 0, 0, 0, 0, 55, 0, 0),
(69, 3, 1, 'readpoint', '阅读收费', '', '', 0, 5, '', '', 'readpoint', 'array (\n  ''minnumber'' => ''1'',\n  ''maxnumber'' => ''99999'',\n  ''decimaldigits'' => ''0'',\n  ''defaultvalue'' => '''',\n)', '', '-99', '-99', 0, 0, 0, 0, 0, 0, 0, 0, 55, 0, 0),
(70, 3, 1, 'username', '用户名', '', '', 0, 20, '', '', 'text', '', '', '', '', 1, 1, 0, 1, 0, 0, 0, 0, 98, 0, 0),
(71, 3, 1, 'pictureurls', '组图', '', '', 0, 0, '', '', 'images', 'array (\n  ''upload_allowext'' => ''gif|jpg|jpeg|png|bmp'',\n  ''isselectimage'' => ''1'',\n  ''upload_number'' => ''50'',\n)', '', '', '', 0, 0, 0, 1, 0, 1, 0, 0, 15, 0, 0),
(72, 3, 1, 'copyfrom', '来源', '', '', 0, 0, '', '', 'copyfrom', 'array (\n  ''defaultvalue'' => '''',\n)', '', '', '', 0, 0, 0, 1, 0, 1, 0, 0, 8, 0, 0),
(73, 1, 1, 'islink', '转向链接', '', '', 0, 0, '', '', 'islink', '', '', '', '', 0, 1, 0, 0, 0, 1, 0, 0, 30, 0, 0),
(74, 2, 1, 'islink', '转向链接', '', '', 0, 0, '', '', 'islink', '', '', '', '', 0, 1, 0, 0, 0, 1, 0, 0, 30, 0, 0),
(75, 3, 1, 'islink', '转向链接', '', '', 0, 0, '', '', 'islink', '', '', '', '', 0, 1, 0, 0, 0, 1, 0, 0, 30, 0, 0),
(83, 10, 1, 'birthday', '生日', '', '', 0, 0, '', '生日格式错误', 'datetime', 'array (\n  ''fieldtype'' => ''date'',\n  ''format'' => ''Y-m-d'',\n  ''defaulttype'' => ''0'',\n)', '', '', '', 0, 0, 0, 0, 0, 1, 1, 0, 0, 0, 0),
(84, 11, 1, 'catid', '栏目', '', '', 1, 6, '/^[0-9]{1,6}$/', '请选择栏目', 'catid', 'array (\n  ''defaultvalue'' => '''',\n)', '', '-99', '-99', 0, 1, 0, 1, 1, 1, 0, 0, 1, 0, 0),
(85, 11, 1, 'typeid', '类别', '', '', 0, 0, '', '', 'typeid', 'array (\n  ''minnumber'' => '''',\n  ''defaultvalue'' => '''',\n)', '', '', '', 0, 1, 0, 1, 1, 1, 0, 0, 2, 0, 0),
(86, 11, 1, 'title', '标题', '', 'inputtitle', 1, 80, '', '请输入标题', 'title', 'array (\n)', '', '', '', 0, 1, 0, 1, 1, 1, 1, 1, 4, 0, 0),
(87, 11, 1, 'keywords', '关键词', '多关键词之间用空格或者“,”隔开', '', 0, 40, '', '', 'keyword', 'array (\n  ''size'' => ''100'',\n  ''defaultvalue'' => '''',\n)', '', '-99', '-99', 0, 1, 0, 1, 1, 1, 1, 0, 7, 0, 0),
(88, 11, 1, 'description', '课程介绍', '', '', 0, 255, '', '', 'textarea', 'array (\n  ''width'' => ''98'',\n  ''height'' => ''46'',\n  ''defaultvalue'' => '''',\n  ''enablehtml'' => ''0'',\n)', '', '', '', 0, 1, 0, 1, 0, 1, 1, 1, 10, 0, 0),
(89, 11, 1, 'updatetime', '更新时间', '', '', 0, 0, '', '', 'datetime', 'array (\n  ''dateformat'' => ''int'',\n  ''format'' => ''Y-m-d H:i:s'',\n  ''defaulttype'' => ''1'',\n  ''defaultvalue'' => '''',\n)', '', '', '', 1, 1, 0, 1, 0, 0, 0, 0, 12, 0, 0),
(90, 11, 1, 'content', '内容', '<div class="content_attr"><label><input name="add_introduce" type="checkbox"  value="1" checked>是否截取内容</label><input type="text" name="introcude_length" value="200" size="3">字符至内容摘要\r\n<label><input type=''checkbox'' name=''auto_thumb'' value="1" checked>是否获取内容第</label><input type="text" name="auto_thumb_no" value="1" size="2" class="">张图片作为标题图片\r\n</div>', '', 0, 999999, '', '内容不能为空', 'editor', 'array (\n  ''toolbar'' => ''full'',\n  ''defaultvalue'' => '''',\n  ''enablekeylink'' => ''1'',\n  ''replacenum'' => ''2'',\n  ''link_mode'' => ''0'',\n  ''enablesaveimage'' => ''1'',\n  ''height'' => '''',\n  ''disabled_page'' => ''0'',\n)', '', '', '', 0, 0, 0, 1, 0, 1, 1, 0, 13, 0, 0),
(91, 11, 1, 'thumb', '缩略图', '', '', 0, 100, '', '', 'image', 'array (\n  ''size'' => ''50'',\n  ''defaultvalue'' => '''',\n  ''show_type'' => ''1'',\n  ''upload_maxsize'' => ''1024'',\n  ''upload_allowext'' => ''jpg|jpeg|gif|png|bmp'',\n  ''watermark'' => ''0'',\n  ''isselectimage'' => ''1'',\n  ''images_width'' => '''',\n  ''images_height'' => '''',\n)', '', '', '', 0, 1, 0, 0, 0, 1, 0, 1, 14, 0, 0),
(92, 11, 1, 'relation', '相关文章', '', '', 0, 0, '', '', 'omnipotent', 'array (\n  ''formtext'' => ''<input type=\\''hidden\\'' name=\\''info[relation]\\'' id=\\''relation\\'' value=\\''{FIELD_VALUE}\\'' style=\\''50\\'' >\r\n<ul class="list-dot" id="relation_text"></ul>\r\n<div>\r\n<input type=\\''button\\'' value="添加相关" onclick="omnipotent(\\''selectid\\'',\\''?m=content&c=content&a=public_relationlist&modelid={MODELID}\\'',\\''添加相关文章\\'',1)" class="button" style="width:66px;">\r\n<span class="edit_content">\r\n<input type=\\''button\\'' value="显示已有" onclick="show_relation({MODELID},{ID})" class="button" style="width:66px;">\r\n</span>\r\n</div>'',\n  ''fieldtype'' => ''varchar'',\n  ''minnumber'' => ''1'',\n)', '', '2,6,4,5,1,17,18,7', '', 0, 0, 0, 0, 0, 0, 1, 0, 15, 0, 0),
(93, 11, 1, 'pages', '分页方式', '', '', 0, 0, '', '', 'pages', 'array (\n)', '', '-99', '-99', 0, 0, 0, 1, 0, 0, 0, 0, 16, 1, 0),
(94, 11, 1, 'inputtime', '发布时间', '', '', 0, 0, '', '', 'datetime', 'array (\n  ''fieldtype'' => ''int'',\n  ''format'' => ''Y-m-d H:i:s'',\n  ''defaulttype'' => ''0'',\n)', '', '', '', 0, 1, 0, 0, 0, 0, 0, 1, 17, 0, 0),
(95, 11, 1, 'posids', '推荐位', '', '', 0, 0, '', '', 'posid', 'array (\n  ''cols'' => ''4'',\n  ''width'' => ''125'',\n)', '', '', '', 0, 1, 0, 1, 0, 0, 0, 0, 18, 0, 0),
(96, 11, 1, 'groupids_view', '阅读权限', '', '', 0, 100, '', '', 'groupid', 'array (\n  ''groupids'' => '''',\n)', '', '', '', 0, 0, 0, 1, 0, 0, 0, 0, 19, 1, 0),
(97, 11, 1, 'url', 'URL', '', '', 0, 100, '', '', 'text', 'array (\n)', '', '', '', 1, 1, 0, 1, 0, 0, 0, 0, 50, 0, 0),
(98, 11, 1, 'listorder', '排序', '', '', 0, 6, '', '', 'number', 'array (\n)', '', '', '', 1, 1, 0, 1, 0, 0, 0, 0, 51, 0, 0),
(99, 11, 1, 'template', '内容页模板', '', '', 0, 30, '', '', 'template', 'array (\n  ''size'' => '''',\n  ''defaultvalue'' => '''',\n)', '', '-99', '-99', 0, 0, 0, 0, 0, 0, 0, 0, 53, 0, 0),
(100, 11, 1, 'allow_comment', '允许评论', '', '', 0, 0, '', '', 'box', 'array (\n  ''options'' => ''允许评论|1\r\n不允许评论|0'',\n  ''boxtype'' => ''radio'',\n  ''fieldtype'' => ''tinyint'',\n  ''minnumber'' => ''1'',\n  ''width'' => ''88'',\n  ''size'' => ''1'',\n  ''defaultvalue'' => ''1'',\n  ''outputtype'' => ''0'',\n)', '', '', '', 0, 0, 0, 0, 0, 0, 0, 0, 54, 1, 0),
(101, 11, 1, 'status', '状态', '', '', 0, 2, '', '', 'box', 'array (\n)', '', '', '', 1, 1, 0, 1, 0, 0, 0, 0, 55, 0, 0),
(102, 11, 1, 'readpoint', '阅读收费', '', '', 0, 5, '', '', 'readpoint', 'array (\n  ''minnumber'' => ''1'',\n  ''maxnumber'' => ''99999'',\n  ''decimaldigits'' => ''0'',\n  ''defaultvalue'' => '''',\n)', '', '-99', '-99', 0, 0, 0, 0, 0, 0, 0, 0, 55, 1, 0),
(103, 11, 1, 'username', '用户名', '', '', 0, 20, '', '', 'text', 'array (\n)', '', '', '', 1, 1, 0, 1, 0, 0, 0, 0, 98, 0, 0),
(104, 11, 1, 'islink', '转向链接', '', '', 0, 0, '', '', 'islink', 'array (\n)', '', '', '', 0, 1, 0, 1, 0, 1, 0, 0, 20, 1, 0),
(105, 11, 1, 'video', '视频上传', '', '', 0, 0, '', '', 'video', 'array (\n  ''upload_allowext'' => ''flv|rm|mp4|rmv'',\n)', '', '', '', 0, 0, 0, 1, 0, 1, 0, 0, 8, 1, 0),
(106, 11, 1, 'vision', '画质', '', '', 0, 0, '', '', 'box', 'array (\n  ''options'' => ''高清|1\r\n普通|2'',\n  ''boxtype'' => ''select'',\n  ''fieldtype'' => ''varchar'',\n  ''minnumber'' => ''1'',\n  ''width'' => ''80'',\n  ''size'' => ''1'',\n  ''defaultvalue'' => ''0'',\n  ''outputtype'' => ''1'',\n  ''filtertype'' => ''1'',\n)', '', '', '', 0, 1, 0, 1, 0, 1, 0, 0, 9, 0, 0),
(107, 11, 1, 'video_category', '视频分类', '', '', 0, 0, '', '', 'box', 'array (\n  ''options'' => ''喜剧|1\r\n爱情|2\r\n科幻|3\r\n剧情|4\r\n动作|5\r\n伦理|6'',\n  ''boxtype'' => ''select'',\n  ''fieldtype'' => ''varchar'',\n  ''minnumber'' => ''1'',\n  ''width'' => ''80'',\n  ''size'' => ''1'',\n  ''defaultvalue'' => ''1'',\n  ''outputtype'' => ''1'',\n  ''filtertype'' => ''1'',\n)', '', '', '', 0, 1, 0, 1, 0, 1, 0, 0, 9, 1, 0),
(110, 11, 1, 'tea_des', '讲师简介', '', '', 0, 0, '', '', 'text', 'array (\n  ''size'' => ''80'',\n  ''defaultvalue'' => '''',\n  ''ispassword'' => ''0'',\n)', '', '', '', 0, 1, 0, 1, 0, 1, 1, 0, 5, 0, 0),
(210, 15, 1, 'catid', '栏目', '', '', 1, 6, '/^[0-9]{1,6}$/', '请选择栏目', 'catid', 'array (\n  ''defaultvalue'' => '''',\n)', '', '-99', '-99', 0, 1, 0, 1, 1, 1, 0, 0, 1, 0, 0),
(112, 11, 1, 'tea_name', '讲师名字', '', '', 0, 0, '', '', 'text', 'array (\n  ''size'' => ''50'',\n  ''defaultvalue'' => '''',\n  ''ispassword'' => ''0'',\n)', '', '', '', 0, 1, 0, 1, 0, 1, 1, 0, 5, 0, 0),
(113, 12, 1, 'catid', '栏目', '', '', 1, 6, '/^[0-9]{1,6}$/', '请选择栏目', 'catid', 'array (\n  ''defaultvalue'' => '''',\n)', '', '-99', '-99', 0, 1, 0, 1, 1, 1, 0, 0, 1, 0, 0),
(114, 12, 1, 'typeid', '类别', '', '', 0, 0, '', '', 'typeid', 'array (\n  ''minnumber'' => '''',\n  ''defaultvalue'' => '''',\n)', '', '', '', 0, 1, 0, 1, 1, 1, 0, 0, 2, 0, 0),
(115, 12, 1, 'title', '标题', '', 'inputtitle', 1, 80, '', '请输入标题', 'title', '', '', '', '', 0, 1, 0, 1, 1, 1, 1, 1, 4, 0, 0),
(116, 12, 1, 'keywords', '关键词', '多关键词之间用空格或者“,”隔开', '', 0, 40, '', '', 'keyword', 'array (\r\n  ''size'' => ''100'',\r\n  ''defaultvalue'' => '''',\r\n)', '', '-99', '-99', 0, 1, 0, 1, 1, 1, 1, 0, 7, 0, 0),
(117, 12, 1, 'description', '摘要', '', '', 0, 255, '', '', 'textarea', 'array (\r\n  ''width'' => ''98'',\r\n  ''height'' => ''46'',\r\n  ''defaultvalue'' => '''',\r\n  ''enablehtml'' => ''0'',\r\n)', '', '', '', 0, 1, 0, 1, 0, 1, 1, 1, 10, 0, 0),
(118, 12, 1, 'updatetime', '更新时间', '', '', 0, 0, '', '', 'datetime', 'array (\r\n  ''dateformat'' => ''int'',\r\n  ''format'' => ''Y-m-d H:i:s'',\r\n  ''defaulttype'' => ''1'',\r\n  ''defaultvalue'' => '''',\r\n)', '', '', '', 1, 1, 0, 1, 0, 0, 0, 0, 12, 0, 0),
(119, 12, 1, 'content', '内容', '<div class="content_attr"><label><input name="add_introduce" type="checkbox"  value="1" checked>是否截取内容</label><input type="text" name="introcude_length" value="200" size="3">字符至内容摘要\r\n<label><input type=''checkbox'' name=''auto_thumb'' value="1" checked>是否获取内容第</label><input type="text" name="auto_thumb_no" value="1" size="2" class="">张图片作为标题图片\r\n</div>', '', 1, 999999, '', '内容不能为空', 'editor', 'array (\n  ''toolbar'' => ''full'',\n  ''defaultvalue'' => '''',\n  ''enablekeylink'' => ''1'',\n  ''replacenum'' => ''2'',\n  ''link_mode'' => ''0'',\n  ''enablesaveimage'' => ''1'',\n)', '', '', '', 0, 0, 0, 1, 0, 1, 1, 0, 13, 0, 0),
(120, 12, 1, 'thumb', '缩略图', '', '', 0, 100, '', '', 'image', 'array (\n  ''size'' => ''50'',\n  ''defaultvalue'' => '''',\n  ''show_type'' => ''1'',\n  ''upload_maxsize'' => ''1024'',\n  ''upload_allowext'' => ''jpg|jpeg|gif|png|bmp'',\n  ''watermark'' => ''0'',\n  ''isselectimage'' => ''1'',\n  ''images_width'' => '''',\n  ''images_height'' => '''',\n)', '', '', '', 0, 1, 0, 0, 0, 1, 0, 1, 14, 0, 0),
(121, 12, 1, 'relation', '相关文章', '', '', 0, 0, '', '', 'omnipotent', 'array (\n  ''formtext'' => ''<input type=\\''hidden\\'' name=\\''info[relation]\\'' id=\\''relation\\'' value=\\''{FIELD_VALUE}\\'' style=\\''50\\'' >\r\n<ul class="list-dot" id="relation_text"></ul>\r\n<div>\r\n<input type=\\''button\\'' value="添加相关" onclick="omnipotent(\\''selectid\\'',\\''?m=content&c=content&a=public_relationlist&modelid={MODELID}\\'',\\''添加相关文章\\'',1)" class="button" style="width:66px;">\r\n<span class="edit_content">\r\n<input type=\\''button\\'' value="显示已有" onclick="show_relation({MODELID},{ID})" class="button" style="width:66px;">\r\n</span>\r\n</div>'',\n  ''fieldtype'' => ''varchar'',\n  ''minnumber'' => ''1'',\n)', '', '2,6,4,5,1,17,18,7', '', 0, 0, 0, 0, 0, 0, 1, 0, 15, 0, 0),
(122, 12, 1, 'pages', '分页方式', '', '', 0, 0, '', '', 'pages', '', '', '-99', '-99', 0, 0, 0, 1, 0, 0, 0, 0, 16, 0, 0),
(123, 12, 1, 'inputtime', '发布时间', '', '', 0, 0, '', '', 'datetime', 'array (\n  ''fieldtype'' => ''int'',\n  ''format'' => ''Y-m-d H:i:s'',\n  ''defaulttype'' => ''0'',\n)', '', '', '', 0, 1, 0, 0, 0, 0, 0, 1, 17, 0, 0),
(124, 12, 1, 'posids', '推荐位', '', '', 0, 0, '', '', 'posid', 'array (\n  ''cols'' => ''4'',\n  ''width'' => ''125'',\n)', '', '', '', 0, 1, 0, 1, 0, 0, 0, 0, 18, 0, 0),
(125, 12, 1, 'groupids_view', '阅读权限', '', '', 0, 100, '', '', 'groupid', 'array (\n  ''groupids'' => '''',\n)', '', '', '', 0, 0, 0, 1, 0, 0, 0, 0, 19, 0, 0),
(126, 12, 1, 'url', 'URL', '', '', 0, 100, '', '', 'text', '', '', '', '', 1, 1, 0, 1, 0, 0, 0, 0, 50, 0, 0),
(127, 12, 1, 'listorder', '排序', '', '', 0, 6, '', '', 'number', '', '', '', '', 1, 1, 0, 1, 0, 0, 0, 0, 51, 0, 0),
(128, 12, 1, 'template', '内容页模板', '', '', 0, 30, '', '', 'template', 'array (\n  ''size'' => '''',\n  ''defaultvalue'' => '''',\n)', '', '-99', '-99', 0, 0, 0, 0, 0, 0, 0, 0, 53, 0, 0),
(129, 12, 1, 'allow_comment', '允许评论', '', '', 0, 0, '', '', 'box', 'array (\n  ''options'' => ''允许评论|1\r\n不允许评论|0'',\n  ''boxtype'' => ''radio'',\n  ''fieldtype'' => ''tinyint'',\n  ''minnumber'' => ''1'',\n  ''width'' => ''88'',\n  ''size'' => ''1'',\n  ''defaultvalue'' => ''1'',\n  ''outputtype'' => ''0'',\n)', '', '', '', 0, 0, 0, 0, 0, 0, 0, 0, 54, 0, 0),
(130, 12, 1, 'status', '状态', '', '', 0, 2, '', '', 'box', '', '', '', '', 1, 1, 0, 1, 0, 0, 0, 0, 55, 0, 0),
(131, 12, 1, 'readpoint', '阅读收费', '', '', 0, 5, '', '', 'readpoint', 'array (\n  ''minnumber'' => ''1'',\n  ''maxnumber'' => ''99999'',\n  ''decimaldigits'' => ''0'',\n  ''defaultvalue'' => '''',\n)', '', '-99', '-99', 0, 0, 0, 0, 0, 0, 0, 0, 55, 0, 0),
(132, 12, 1, 'username', '用户名', '', '', 0, 20, '', '', 'text', '', '', '', '', 1, 1, 0, 1, 0, 0, 0, 0, 98, 0, 0),
(133, 12, 1, 'islink', '转向链接', '', '', 0, 0, '', '', 'islink', '', '', '', '', 0, 1, 0, 1, 0, 1, 0, 0, 20, 0, 0),
(138, 11, 1, 'bgsound', '背景音乐', '', '', 0, 0, '', '', 'downfiles', 'array (\n  ''upload_allowext'' => ''mp3|wav'',\n  ''isselectimage'' => ''0'',\n  ''upload_number'' => ''10'',\n  ''downloadlink'' => ''1'',\n  ''downloadtype'' => ''1'',\n)', '', '', '', 0, 0, 0, 1, 0, 1, 0, 0, 4, 1, 0),
(160, 14, 1, 'url', 'URL', '', '', 0, 100, '', '', 'text', '', '', '', '', 64, 1, 0, 1, 0, 0, 0, 0, 50, 0, 0),
(161, 14, 1, 'groupids_view', '阅读权限', '', '', 0, 100, '', '', 'groupid', 'array (\n  ''groupids'' => '''',\n)', '', '', '', 0, 0, 0, 1, 0, 0, 0, 0, 19, 0, 0),
(162, 14, 1, 'posids', '推荐位', '', '', 0, 0, '', '', 'posid', 'array (\n  ''cols'' => ''4'',\n  ''width'' => ''125'',\n)', '', '', '', 0, 1, 0, 1, 0, 0, 0, 0, 18, 0, 0),
(163, 14, 1, 'inputtime', '发布时间', '', '', 0, 0, '', '', 'datetime', 'array (\n  ''fieldtype'' => ''int'',\n  ''format'' => ''Y-m-d H:i:s'',\n  ''defaulttype'' => ''0'',\n)', '', '', '', 0, 1, 0, 0, 0, 0, 0, 1, 17, 0, 0),
(164, 14, 1, 'relation', '相关文章', '', '', 0, 0, '', '', 'omnipotent', 'array (\n  ''formtext'' => ''<input type=\\''hidden\\'' name=\\''info[relation]\\'' id=\\''relation\\'' value=\\''{FIELD_VALUE}\\'' style=\\''50\\'' >\r\n<ul class="list-dot" id="relation_text"></ul>\r\n<div>\r\n<input type=\\''button\\'' value="添加相关" onclick="omnipotent(\\''selectid\\'',\\''?m=content&c=content&a=public_relationlist&modelid={MODELID}\\'',\\''添加相关文章\\'',1)" class="button" style="width:66px;">\r\n<span class="edit_content">\r\n<input type=\\''button\\'' value="显示已有" onclick="show_relation({MODELID},{ID})" class="button" style="width:66px;">\r\n</span>\r\n</div>'',\n  ''fieldtype'' => ''varchar'',\n  ''minnumber'' => ''1'',\n)', '', '2,6,4,5,1,17,18,7', '', 0, 0, 0, 0, 0, 0, 1, 0, 17, 0, 0),
(165, 14, 1, 'thumb', '缩略图', '', '', 0, 100, '', '', 'image', 'array (\n  ''size'' => ''50'',\n  ''defaultvalue'' => '''',\n  ''show_type'' => ''1'',\n  ''upload_maxsize'' => ''1024'',\n  ''upload_allowext'' => ''jpg|jpeg|gif|png|bmp'',\n  ''watermark'' => ''0'',\n  ''isselectimage'' => ''1'',\n  ''images_width'' => '''',\n  ''images_height'' => '''',\n)', '', '', '', 0, 1, 0, 0, 0, 0, 0, 1, 15, 0, 0),
(166, 14, 1, 'updatetime', '更新时间', '', '', 0, 0, '', '', 'datetime', 'array (\r\n  ''dateformat'' => ''int'',\r\n  ''format'' => ''Y-m-d H:i:s'',\r\n  ''defaulttype'' => ''1'',\r\n  ''defaultvalue'' => '''',\r\n)', '', '', '', 64, 1, 0, 1, 0, 0, 0, 0, 12, 0, 0),
(167, 14, 1, 'content', '补充内容', '', '', 1, 999999, '', '内容不能为空', 'editor', 'array (\n  ''toolbar'' => ''basic'',\n  ''defaultvalue'' => '''',\n  ''enablekeylink'' => ''1'',\n  ''replacenum'' => ''2'',\n  ''link_mode'' => ''0'',\n  ''enablesaveimage'' => ''1'',\n  ''height'' => '''',\n  ''disabled_page'' => ''1'',\n)', '', '', '', 0, 0, 0, 1, 0, 1, 1, 0, 12, 0, 0),
(168, 14, 1, 'title', '标题', '', 'inputtitle', 1, 80, '', '请输入标题', 'title', '', '', '', '', 0, 1, 0, 64, 1, 64, 1, 1, 4, 0, 0),
(169, 14, 1, 'typeid', '类别', '', '', 0, 0, '', '', 'typeid', 'array (\n  ''minnumber'' => '''',\n  ''defaultvalue'' => '''',\n)', '', '', '', 0, 1, 0, 64, 1, 1, 0, 0, 2, 0, 0),
(170, 14, 1, 'catid', '栏目', '', '', 1, 6, '/^[0-9]{1,6}$/', '请选择栏目', 'catid', 'array (\n  ''defaultvalue'' => '''',\n)', '', '-99', '-99', 0, 1, 0, 64, 1, 1, 0, 0, 1, 0, 0),
(171, 14, 1, 'hall', '厅', '', '', 0, 99, '/^[0-9-]+$/', '', 'number', 'array (\n  ''minnumber'' => ''0'',\n  ''maxnumber'' => ''99'',\n  ''decimaldigits'' => ''0'',\n  ''size'' => ''5'',\n  ''defaultvalue'' => '''',\n  ''rangetype'' => ''0'',\n)', '', '', '', 0, 0, 0, 1, 0, 1, 0, 1, 100, 0, 1),
(172, 14, 1, 'household', '整套户型', '', '', 0, 0, '', '', 'omnipotent', 'array (\n  ''formtext'' => ''{bedroom} 室 {hall} 厅 {bathroom} 卫   第 {floor}  层，共{floors} 层'',\n  ''fieldtype'' => ''varchar'',\n  ''minnumber'' => ''1'',\n)', '', '', '', 0, 0, 0, 1, 0, 1, 0, 0, 8, 0, 0),
(173, 14, 1, 'price_info', '租金', '', '', 1, 255, '', '', 'omnipotent', 'array (\n  ''formtext'' => ''{price}元/月 {pay_type_int}'',\n  ''fieldtype'' => ''varchar'',\n  ''minnumber'' => ''1'',\n)', '', '', '', 0, 0, 0, 1, 0, 1, 0, 0, 10, 0, 0),
(174, 14, 1, 'phone', '联系电话', '', '', 0, 0, '/^[0-9-]{6,13}$/', '请输入联系电话', 'text', 'array (\n  ''size'' => ''30'',\n  ''defaultvalue'' => '''',\n  ''ispassword'' => ''0'',\n)', '', '', '', 0, 0, 0, 1, 0, 1, 1, 0, 16, 0, 0),
(175, 14, 1, 'area_info', '面积', '', '', 0, 0, '', '', 'omnipotent', 'array (\n  ''formtext'' => ''{area} 平方米 {objecttype}  {fittype} {toward}'',\n  ''fieldtype'' => ''varchar'',\n  ''minnumber'' => ''1'',\n)', '', '', '', 0, 0, 0, 1, 0, 1, 0, 0, 9, 0, 0),
(176, 14, 1, 'price', '租金', '', '', 1, 100000, '/^[0-9.-]+$/', '', 'number', 'array (\n  ''minnumber'' => ''0'',\n  ''maxnumber'' => ''100000'',\n  ''decimaldigits'' => ''0'',\n  ''size'' => ''5'',\n  ''defaultvalue'' => '''',\n  ''rangetype'' => ''1'',\n)', '', '', '', 0, 1, 0, 1, 0, 1, 0, 1, 100, 0, 1),
(177, 14, 1, 'pay_type_int', '支付类型', '', '', 0, 0, '', '', 'box', 'array (\n  ''options'' => ''押一付三|1\r\n面议|2\r\n押一付一|3\r\n押一付二|4\r\n押二付一|5\r\n押二付三|6\r\n半年付不押|7\r\n年付不押|8\r\n押一付半年|9'',\n  ''boxtype'' => ''select'',\n  ''fieldtype'' => ''varchar'',\n  ''minnumber'' => ''1'',\n  ''width'' => ''100'',\n  ''size'' => ''1'',\n  ''defaultvalue'' => ''1'',\n  ''outputtype'' => ''0'',\n  ''filtertype'' => ''1'',\n)', '', '', '', 0, 1, 0, 1, 0, 1, 0, 0, 100, 0, 1),
(178, 14, 1, 'toward', '房间朝向', '', '', 0, 0, '', '', 'box', 'array (\n  ''options'' => ''选择朝向|\r\n东|1\r\n南|2\r\n西|3\r\n北|4\r\n南北|5\r\n东西|6\r\n东南|7\r\n西南|8\r\n东北|9\r\n西北|10'',\n  ''boxtype'' => ''select'',\n  ''fieldtype'' => ''varchar'',\n  ''minnumber'' => ''1'',\n  ''width'' => ''100'',\n  ''size'' => ''1'',\n  ''defaultvalue'' => '''',\n  ''outputtype'' => ''0'',\n)', '', '', '', 0, 1, 0, 1, 0, 1, 0, 0, 100, 0, 1),
(179, 14, 1, 'houseallocation', '房屋配置', '', '', 0, 0, '', '', 'box', 'array (\n  ''options'' => ''床|1\r\n热水器|2\r\n洗衣机|3\r\n空调|4\r\n冰箱|5\r\n电视机|6\r\n宽带|7'',\n  ''boxtype'' => ''checkbox'',\n  ''fieldtype'' => ''varchar'',\n  ''minnumber'' => ''1'',\n  ''width'' => ''80'',\n  ''size'' => ''1'',\n  ''defaultvalue'' => '''',\n  ''outputtype'' => ''0'',\n)', '', '', '', 0, 1, 0, 1, 0, 1, 0, 0, 11, 0, 0),
(180, 14, 1, 'fittype', '装修类型', '', '', 0, 0, '', '', 'box', 'array (\n  ''options'' => ''毛坯|1\r\n简单装修|2\r\n中等装修|3\r\n精装修|4\r\n豪华装修|5'',\n  ''boxtype'' => ''select'',\n  ''fieldtype'' => ''varchar'',\n  ''minnumber'' => ''1'',\n  ''width'' => ''100'',\n  ''size'' => ''1'',\n  ''defaultvalue'' => ''2'',\n  ''outputtype'' => ''0'',\n)', '', '', '', 0, 1, 0, 1, 0, 1, 0, 0, 100, 0, 1),
(181, 14, 1, 'objecttype', '房屋类型', '', '', 0, 0, '', '', 'box', 'array (\n  ''options'' => ''平房|1\r\n普通住宅|2\r\n商住两用|3\r\n公寓|4\r\n别墅|5\r\n其他|6'',\n  ''boxtype'' => ''select'',\n  ''fieldtype'' => ''varchar'',\n  ''minnumber'' => ''1'',\n  ''width'' => ''100'',\n  ''size'' => ''1'',\n  ''defaultvalue'' => ''2'',\n  ''outputtype'' => ''0'',\n)', '', '', '', 0, 1, 0, 1, 0, 1, 0, 0, 100, 0, 1),
(182, 14, 1, 'xiaoqu_address', '所在小区', '', '', 1, 100, '', '请输入所在小区', 'text', 'array (\n  ''size'' => ''50'',\n  ''defaultvalue'' => '''',\n  ''ispassword'' => ''0'',\n)', '', '', '', 0, 0, 0, 1, 0, 1, 1, 1, 6, 0, 0),
(183, 14, 1, 'area', '面积', '', '', 0, 10, '/^[0-9.-]+$/', '', 'text', 'array (\n  ''size'' => ''10'',\n  ''defaultvalue'' => '''',\n  ''ispassword'' => ''0'',\n)', '', '', '', 0, 0, 0, 1, 0, 1, 1, 0, 100, 0, 1),
(184, 14, 1, 'rent_mode', '出租方式', '', '', 0, 0, '', '', 'box', 'array (\n  ''options'' => ''整租|1\r\n合租|2\r\n床位|3'',\n  ''boxtype'' => ''radio'',\n  ''fieldtype'' => ''varchar'',\n  ''minnumber'' => ''1'',\n  ''width'' => ''50'',\n  ''size'' => ''1'',\n  ''defaultvalue'' => ''1'',\n  ''outputtype'' => ''0'',\n  ''filtertype'' => ''1'',\n)', '', '', '', 0, 1, 0, 1, 0, 1, 0, 1, 7, 0, 0),
(185, 14, 1, 'status', '状态', '', '', 0, 2, '', '', 'box', '', '', '', '', 64, 1, 0, 1, 0, 0, 0, 0, 55, 0, 0),
(186, 14, 1, 'readpoint', '阅读收费', '', '', 0, 5, '', '', 'readpoint', 'array (\n  ''minnumber'' => ''1'',\n  ''maxnumber'' => ''99999'',\n  ''decimaldigits'' => ''0'',\n  ''defaultvalue'' => '''',\n)', '', '-99', '-99', 0, 0, 0, 0, 0, 0, 0, 0, 55, 1, 0),
(187, 14, 1, 'username', '用户名', '', '', 0, 20, '', '', 'text', '', '', '', '', 64, 1, 0, 1, 0, 0, 0, 0, 98, 0, 0),
(188, 14, 1, 'islink', '转向链接', '', '', 0, 0, '', '', 'islink', 'array (\n  ''size'' => '''',\n)', '', '', '', 0, 1, 0, 1, 0, 0, 0, 0, 20, 0, 0),
(189, 14, 1, 'agent', '来源', '', '', 0, 0, '', '', 'box', 'array (\n  ''options'' => ''个人|1\r\n经纪人|2'',\n  ''boxtype'' => ''radio'',\n  ''fieldtype'' => ''varchar'',\n  ''minnumber'' => ''1'',\n  ''width'' => ''100'',\n  ''size'' => ''1'',\n  ''defaultvalue'' => ''1'',\n  ''outputtype'' => ''1'',\n  ''filtertype'' => ''1'',\n)', '', '', '', 0, 1, 0, 1, 0, 1, 0, 0, 2, 0, 0),
(190, 14, 1, 'allow_comment', '允许评论', '', '', 0, 0, '', '', 'box', 'array (\n  ''options'' => ''允许评论|1\r\n不允许评论|0'',\n  ''boxtype'' => ''radio'',\n  ''fieldtype'' => ''tinyint'',\n  ''minnumber'' => ''1'',\n  ''width'' => ''88'',\n  ''size'' => ''1'',\n  ''defaultvalue'' => ''1'',\n  ''outputtype'' => ''0'',\n)', '', '', '', 0, 0, 0, 0, 0, 0, 0, 0, 54, 1, 0),
(191, 14, 1, 'template', '内容页模板', '', '', 0, 30, '', '', 'template', 'array (\n  ''size'' => '''',\n  ''defaultvalue'' => '''',\n)', '', '-99', '-99', 0, 0, 0, 0, 0, 0, 0, 0, 53, 0, 0),
(192, 14, 1, 'listorder', '排序', '', '', 0, 6, '', '', 'number', '', '', '', '', 64, 1, 0, 1, 0, 0, 0, 0, 51, 0, 0),
(193, 14, 1, 'bedroom', '室', '', '', 0, 99, '/^[0-9-]+$/', '', 'number', 'array (\n  ''minnumber'' => ''0'',\n  ''maxnumber'' => ''99'',\n  ''decimaldigits'' => ''0'',\n  ''size'' => ''5'',\n  ''defaultvalue'' => '''',\n  ''rangetype'' => ''1'',\n)', '', '', '', 0, 1, 0, 1, 0, 1, 0, 1, 100, 0, 1),
(194, 14, 1, 'floor', '所在楼层', '', '', 0, 100, '/^[0-9-]+$/', '', 'text', 'array (\n  ''size'' => ''5'',\n  ''defaultvalue'' => '''',\n  ''ispassword'' => ''0'',\n)', '', '', '', 0, 0, 0, 1, 0, 1, 1, 0, 100, 0, 1),
(195, 14, 1, 'floors', '总楼层', '', '', 0, 100, '/^[0-9-]+$/', '', 'text', 'array (\n  ''size'' => ''5'',\n  ''defaultvalue'' => '''',\n  ''ispassword'' => ''0'',\n)', '', '', '', 0, 0, 0, 1, 0, 1, 1, 0, 100, 0, 1),
(196, 14, 1, 'bathroom', '卫', '', '', 0, 99, '/^[0-9-]+$/', '', 'number', 'array (\n  ''minnumber'' => ''0'',\n  ''maxnumber'' => ''99'',\n  ''decimaldigits'' => ''0'',\n  ''size'' => ''5'',\n  ''defaultvalue'' => '''',\n  ''rangetype'' => ''0'',\n)', '', '', '', 0, 1, 0, 1, 0, 1, 0, 1, 100, 0, 1),
(197, 14, 1, 'address', '地址', '', '', 1, 100, '', '请输入地址', 'text', 'array (\n  ''size'' => ''50'',\n  ''defaultvalue'' => '''',\n  ''ispassword'' => ''0'',\n)', '', '', '', 0, 0, 0, 1, 0, 1, 1, 0, 5, 0, 0),
(198, 14, 1, 'contact', '联系人', '', '', 1, 20, '', '请输入联系人', 'text', 'array (\n  ''size'' => ''10'',\n  ''defaultvalue'' => '''',\n  ''ispassword'' => ''0'',\n)', '', '', '', 0, 0, 0, 1, 0, 1, 1, 0, 14, 0, 0),
(199, 14, 1, 'zone', '区域', '', '', 0, 0, '', '', 'linkage', 'array (\n  ''linkageid'' => ''3360'',\n  ''showtype'' => ''3'',\n  ''space'' => '' '',\n  ''filtertype'' => ''1'',\n)', '', '', '', 0, 1, 0, 1, 0, 1, 0, 1, 0, 0, 1),
(200, 14, 1, 'photos', '图片', '', '', 0, 0, '', '', 'images', 'array (\n  ''upload_allowext'' => ''gif|jpg|jpeg|png|bmp'',\n  ''isselectimage'' => ''0'',\n  ''upload_number'' => ''8'',\n)', '', '', '', 0, 0, 0, 1, 0, 1, 0, 0, 13, 0, 0),
(201, 14, 1, 'city', '所属城市', '', 'style="display:none"', 0, 0, '', '', 'number', 'array (\n  ''minnumber'' => ''1'',\n  ''maxnumber'' => '''',\n  ''decimaldigits'' => ''0'',\n  ''size'' => '''',\n  ''defaultvalue'' => '''',\n  ''rangetype'' => ''0'',\n)', '', '', '', 0, 1, 0, 1, 0, 1, 0, 0, 0, 0, 1),
(202, 14, 1, 'info_area', '区域选择', '', '', 0, 0, '', '', 'omnipotent', 'array (\n  ''formtext'' => ''{zone}{city}'',\n  ''fieldtype'' => ''varchar'',\n  ''minnumber'' => ''1'',\n)', '', '', '', 0, 0, 0, 1, 0, 1, 0, 0, 0, 0, 0),
(203, 14, 1, 'pages', '分页方式', '', '', 0, 0, '', '', 'pages', '', '', '-99', '-99', 0, 0, 0, 1, 0, 0, 0, 0, 16, 1, 0),
(204, 14, 1, 'description', '摘要', '', '', 0, 255, '', '', 'textarea', 'array (\r\n  ''width'' => ''98'',\r\n  ''height'' => ''46'',\r\n  ''defaultvalue'' => '''',\r\n  ''enablehtml'' => ''0'',\r\n)', '', '', '', 0, 1, 0, 1, 0, 64, 1, 1, 10, 1, 0),
(205, 14, 1, 'keywords', '关键词', '多关键词之间用空格或者“,”隔开', '', 0, 40, '', '', 'keyword', 'array (\r\n  ''size'' => ''100'',\r\n  ''defaultvalue'' => '''',\r\n)', '', '-99', '-99', 0, 1, 0, 64, 1, 64, 1, 0, 100, 1, 0),
(206, 14, 1, 'map', '地图', '', '', 0, 0, '', '', 'map', 'array (\n  ''maptype'' => ''2'',\n  ''api_key'' => '''',\n  ''defaultcity'' => ''上海'',\n  ''hotcitys'' => ''北京,重庆,武汉,南京,上海,西安,宝鸡'',\n  ''width'' => ''600'',\n  ''height'' => ''400'',\n)', '', '', '', 0, 0, 0, 1, 0, 1, 0, 0, 6, 0, 0),
(207, 11, 1, 'xueduan', '学段', '', '', 0, 0, '', '请选择学段', 'box', 'array (\n  ''options'' => ''小学|1\r\n初中|2\r\n高中|3'',\n  ''boxtype'' => ''radio'',\n  ''fieldtype'' => ''varchar'',\n  ''minnumber'' => ''1'',\n  ''width'' => ''80'',\n  ''size'' => ''1'',\n  ''defaultvalue'' => '''',\n  ''outputtype'' => ''1'',\n  ''filtertype'' => ''1'',\n)', '', '', '', 0, 1, 0, 1, 0, 1, 0, 0, 5, 0, 0),
(208, 11, 1, 'xueke', '学科', '', '', 0, 0, '', '请选择学科', 'box', 'array (\n  ''options'' => ''地理|1\r\n思品|2\r\n化学|3\r\n体育|4\r\n科技|5\r\n物理|6\r\n科学|7\r\n心理与健康|8\r\n历史|9\r\n信息技术|10\r\n美术|11\r\n音乐|12\r\n生物|13\r\n英语|14\r\n书法|15\r\n语文|16\r\n数学|17\r\n政治|18'',\n  ''boxtype'' => ''radio'',\n  ''fieldtype'' => ''varchar'',\n  ''minnumber'' => ''1'',\n  ''width'' => ''80'',\n  ''size'' => ''1'',\n  ''defaultvalue'' => '''',\n  ''outputtype'' => ''1'',\n  ''filtertype'' => ''1'',\n)', '', '', '', 0, 1, 0, 1, 0, 1, 0, 0, 5, 0, 0),
(209, 11, 1, 'nianji', '年级', '', '', 0, 0, '', '请选择年级', 'box', 'array (\n  ''options'' => ''低年级|1\r\n中年级|2\r\n高年级|3'',\n  ''boxtype'' => ''radio'',\n  ''fieldtype'' => ''varchar'',\n  ''minnumber'' => ''1'',\n  ''width'' => ''80'',\n  ''size'' => ''1'',\n  ''defaultvalue'' => '''',\n  ''outputtype'' => ''1'',\n  ''filtertype'' => ''1'',\n)', '', '', '', 0, 1, 0, 1, 0, 1, 0, 0, 5, 0, 0),
(211, 15, 1, 'typeid', '类别', '', '', 0, 0, '', '', 'typeid', 'array (\n  ''minnumber'' => '''',\n  ''defaultvalue'' => '''',\n)', '', '', '', 0, 1, 0, 1, 1, 1, 0, 0, 2, 0, 0),
(212, 15, 1, 'title', '标题', '', 'inputtitle', 1, 80, '', '请输入标题', 'title', '', '', '', '', 0, 1, 0, 1, 1, 1, 1, 1, 4, 0, 0),
(213, 15, 1, 'keywords', '关键词', '多关键词之间用空格或者“,”隔开', '', 0, 40, '', '', 'keyword', 'array (\r\n  ''size'' => ''100'',\r\n  ''defaultvalue'' => '''',\r\n)', '', '-99', '-99', 0, 1, 0, 1, 1, 1, 1, 0, 7, 0, 0),
(214, 15, 1, 'description', '摘要', '', '', 0, 255, '', '', 'textarea', 'array (\r\n  ''width'' => ''98'',\r\n  ''height'' => ''46'',\r\n  ''defaultvalue'' => '''',\r\n  ''enablehtml'' => ''0'',\r\n)', '', '', '', 0, 1, 0, 1, 0, 1, 1, 1, 10, 0, 0),
(215, 15, 1, 'updatetime', '更新时间', '', '', 0, 0, '', '', 'datetime', 'array (\r\n  ''dateformat'' => ''int'',\r\n  ''format'' => ''Y-m-d H:i:s'',\r\n  ''defaulttype'' => ''1'',\r\n  ''defaultvalue'' => '''',\r\n)', '', '', '', 1, 1, 0, 1, 0, 0, 0, 0, 12, 0, 0);
INSERT INTO `v9_model_field` (`fieldid`, `modelid`, `siteid`, `field`, `name`, `tips`, `css`, `minlength`, `maxlength`, `pattern`, `errortips`, `formtype`, `setting`, `formattribute`, `unsetgroupids`, `unsetroleids`, `iscore`, `issystem`, `isunique`, `isbase`, `issearch`, `isadd`, `isfulltext`, `isposition`, `listorder`, `disabled`, `isomnipotent`) VALUES
(216, 15, 1, 'content', '内容', '<div class="content_attr"><label><input name="add_introduce" type="checkbox"  value="1" checked>是否截取内容</label><input type="text" name="introcude_length" value="200" size="3">字符至内容摘要\r\n<label><input type=''checkbox'' name=''auto_thumb'' value="1" checked>是否获取内容第</label><input type="text" name="auto_thumb_no" value="1" size="2" class="">张图片作为标题图片\r\n</div>', '', 1, 999999, '', '内容不能为空', 'editor', 'array (\n  ''toolbar'' => ''full'',\n  ''defaultvalue'' => '''',\n  ''enablekeylink'' => ''1'',\n  ''replacenum'' => ''2'',\n  ''link_mode'' => ''0'',\n  ''enablesaveimage'' => ''1'',\n)', '', '', '', 0, 0, 0, 1, 0, 1, 1, 0, 13, 0, 0),
(217, 15, 1, 'thumb', '缩略图', '', '', 0, 100, '', '', 'image', 'array (\n  ''size'' => ''50'',\n  ''defaultvalue'' => '''',\n  ''show_type'' => ''1'',\n  ''upload_maxsize'' => ''1024'',\n  ''upload_allowext'' => ''jpg|jpeg|gif|png|bmp'',\n  ''watermark'' => ''0'',\n  ''isselectimage'' => ''1'',\n  ''images_width'' => '''',\n  ''images_height'' => '''',\n)', '', '', '', 0, 1, 0, 0, 0, 1, 0, 1, 14, 0, 0),
(218, 15, 1, 'relation', '相关文章', '', '', 0, 0, '', '', 'omnipotent', 'array (\n  ''formtext'' => ''<input type=\\''hidden\\'' name=\\''info[relation]\\'' id=\\''relation\\'' value=\\''{FIELD_VALUE}\\'' style=\\''50\\'' >\r\n<ul class="list-dot" id="relation_text"></ul>\r\n<div>\r\n<input type=\\''button\\'' value="添加相关" onclick="omnipotent(\\''selectid\\'',\\''?m=content&c=content&a=public_relationlist&modelid={MODELID}\\'',\\''添加相关文章\\'',1)" class="button" style="width:66px;">\r\n<span class="edit_content">\r\n<input type=\\''button\\'' value="显示已有" onclick="show_relation({MODELID},{ID})" class="button" style="width:66px;">\r\n</span>\r\n</div>'',\n  ''fieldtype'' => ''varchar'',\n  ''minnumber'' => ''1'',\n)', '', '2,6,4,5,1,17,18,7', '', 0, 0, 0, 0, 0, 0, 1, 0, 15, 0, 0),
(219, 15, 1, 'pages', '分页方式', '', '', 0, 0, '', '', 'pages', '', '', '-99', '-99', 0, 0, 0, 1, 0, 0, 0, 0, 16, 0, 0),
(220, 15, 1, 'inputtime', '发布时间', '', '', 0, 0, '', '', 'datetime', 'array (\n  ''fieldtype'' => ''int'',\n  ''format'' => ''Y-m-d H:i:s'',\n  ''defaulttype'' => ''0'',\n)', '', '', '', 0, 1, 0, 0, 0, 0, 0, 1, 17, 0, 0),
(221, 15, 1, 'posids', '推荐位', '', '', 0, 0, '', '', 'posid', 'array (\n  ''cols'' => ''4'',\n  ''width'' => ''125'',\n)', '', '', '', 0, 1, 0, 1, 0, 0, 0, 0, 18, 0, 0),
(222, 15, 1, 'groupids_view', '阅读权限', '', '', 0, 100, '', '', 'groupid', 'array (\n  ''groupids'' => '''',\n)', '', '', '', 0, 0, 0, 1, 0, 0, 0, 0, 19, 0, 0),
(223, 15, 1, 'url', 'URL', '', '', 0, 100, '', '', 'text', '', '', '', '', 1, 1, 0, 1, 0, 0, 0, 0, 50, 0, 0),
(224, 15, 1, 'listorder', '排序', '', '', 0, 6, '', '', 'number', '', '', '', '', 1, 1, 0, 1, 0, 0, 0, 0, 51, 0, 0),
(225, 15, 1, 'template', '内容页模板', '', '', 0, 30, '', '', 'template', 'array (\n  ''size'' => '''',\n  ''defaultvalue'' => '''',\n)', '', '-99', '-99', 0, 0, 0, 0, 0, 0, 0, 0, 53, 0, 0),
(226, 15, 1, 'allow_comment', '允许评论', '', '', 0, 0, '', '', 'box', 'array (\n  ''options'' => ''允许评论|1\r\n不允许评论|0'',\n  ''boxtype'' => ''radio'',\n  ''fieldtype'' => ''tinyint'',\n  ''minnumber'' => ''1'',\n  ''width'' => ''88'',\n  ''size'' => ''1'',\n  ''defaultvalue'' => ''1'',\n  ''outputtype'' => ''0'',\n)', '', '', '', 0, 0, 0, 0, 0, 0, 0, 0, 54, 0, 0),
(227, 15, 1, 'status', '状态', '', '', 0, 2, '', '', 'box', '', '', '', '', 1, 1, 0, 1, 0, 0, 0, 0, 55, 0, 0),
(228, 15, 1, 'readpoint', '阅读收费', '', '', 0, 5, '', '', 'readpoint', 'array (\n  ''minnumber'' => ''1'',\n  ''maxnumber'' => ''99999'',\n  ''decimaldigits'' => ''0'',\n  ''defaultvalue'' => '''',\n)', '', '-99', '-99', 0, 0, 0, 0, 0, 0, 0, 0, 55, 0, 0),
(229, 15, 1, 'username', '用户名', '', '', 0, 20, '', '', 'text', '', '', '', '', 1, 1, 0, 1, 0, 0, 0, 0, 98, 0, 0),
(230, 15, 1, 'islink', '转向链接', '', '', 0, 0, '', '', 'islink', '', '', '', '', 0, 1, 0, 1, 0, 1, 0, 0, 20, 0, 0),
(231, 15, 1, 'local_video', '视频上传', '', '', 0, 0, '', '', 'bcsfile', '', '', '', '', 0, 0, 0, 1, 0, 1, 1, 0, 0, 0, 0),
(232, 11, 1, 'local_video', '上传视频', '', '', 0, 0, '', '', 'bcsfile', '', '', '', '', 0, 0, 0, 1, 0, 1, 1, 0, 0, 0, 0);

-- --------------------------------------------------------

--
-- 表的结构 `v9_module`
--

CREATE TABLE IF NOT EXISTS `v9_module` (
  `module` varchar(15) NOT NULL,
  `name` varchar(20) NOT NULL,
  `url` varchar(50) NOT NULL,
  `iscore` tinyint(1) unsigned NOT NULL DEFAULT '0',
  `version` varchar(50) NOT NULL DEFAULT '',
  `description` varchar(255) NOT NULL,
  `setting` mediumtext NOT NULL,
  `listorder` tinyint(3) unsigned NOT NULL DEFAULT '0',
  `disabled` tinyint(1) unsigned NOT NULL DEFAULT '0',
  `installdate` date NOT NULL DEFAULT '0000-00-00',
  `updatedate` date NOT NULL DEFAULT '0000-00-00',
  PRIMARY KEY (`module`)
) ENGINE=MyISAM DEFAULT CHARSET=utf8;

--
-- 转存表中的数据 `v9_module`
--

INSERT INTO `v9_module` (`module`, `name`, `url`, `iscore`, `version`, `description`, `setting`, `listorder`, `disabled`, `installdate`, `updatedate`) VALUES
('admin', 'admin', '', 1, '1.0', '', 'array (\n  ''admin_email'' => ''admin@yoursite.com'',\n  ''maxloginfailedtimes'' => ''8'',\n  ''minrefreshtime'' => ''2'',\n  ''mail_type'' => ''1'',\n  ''mail_server'' => ''smtp.qq.com'',\n  ''mail_port'' => ''25'',\n  ''category_ajax'' => ''0'',\n  ''mail_user'' => ''admin@foxmail.com'',\n  ''mail_auth'' => ''1'',\n  ''mail_from'' => ''admin@foxmail.com'',\n  ''mail_password'' => '''',\n  ''errorlog_size'' => ''20'',\n)', 0, 0, '2010-10-18', '2010-10-18'),
('member', '会员', '', 1, '1.0', '', 'array (\n  ''allowregister'' => ''1'',\n  ''choosemodel'' => ''0'',\n  ''enablemailcheck'' => ''0'',\n  ''enablcodecheck'' => ''0'',\n  ''mobile_checktype'' => ''0'',\n  ''user_sendsms_title'' => '''',\n  ''registerverify'' => ''1'',\n  ''showapppoint'' => ''0'',\n  ''rmb_point_rate'' => ''10'',\n  ''defualtpoint'' => ''0'',\n  ''defualtamount'' => ''0'',\n  ''showregprotocol'' => ''0'',\n  ''regprotocol'' => ''		 欢迎您注册成为本网站用户\r\n请仔细阅读下面的协议，只有接受协议才能继续进行注册。 \r\n1．服务条款的确认和接纳\r\n　　本网站用户服务的所有权和运作权归本网站拥有。本网站所提供的服务将按照有关章程、服务条款和操作规则严格执行。用户通过注册程序点击“我同意” 按钮，即表示用户与本网站达成协议并接受所有的服务条款。\r\n2． 本网站服务简介\r\n　　本网站通过国际互联网为用户提供新闻及文章浏览、图片浏览、软件下载、网上留言和BBS论坛等服务。\r\n　　用户必须： \r\n　　1)购置设备，包括个人电脑一台、调制解调器一个及配备上网装置。 \r\n　　2)个人上网和支付与此服务有关的电话费用、网络费用。\r\n　　用户同意： \r\n　　1)提供及时、详尽及准确的个人资料。 \r\n　　2)不断更新注册资料，符合及时、详尽、准确的要求。所有原始键入的资料将引用为注册资料。 \r\n　　3)用户同意遵守《中华人民共和国保守国家秘密法》、《中华人民共和国计算机信息系统安全保护条例》、《计算机软件保护条例》等有关计算机及互联网规定的法律和法规、实施办法。在任何情况下，本网站合理地认为用户的行为可能违反上述法律、法规，本网站可以在任何时候，不经事先通知终止向该用户提供服务。用户应了解国际互联网的无国界性，应特别注意遵守当地所有有关的法律和法规。\r\n3． 服务条款的修改\r\n　　本网站会不定时地修改服务条款，服务条款一旦发生变动，将会在相关页面上提示修改内容。如果您同意改动，则再一次点击“我同意”按钮。 如果您不接受，则及时取消您的用户使用服务资格。\r\n4． 服务修订\r\n　　本网站保留随时修改或中断服务而不需知照用户的权利。本网站行使修改或中断服务的权利，不需对用户或第三方负责。\r\n5． 用户隐私制度\r\n　　尊重用户个人隐私是本网站的 基本政策。本网站不会公开、编辑或透露用户的注册信息，除非有法律许可要求，或本网站在诚信的基础上认为透露这些信息在以下三种情况是必要的： \r\n　　1)遵守有关法律规定，遵从合法服务程序。 \r\n　　2)保持维护本网站的商标所有权。 \r\n　　3)在紧急情况下竭力维护用户个人和社会大众的隐私安全。 \r\n　　4)符合其他相关的要求。 \r\n6．用户的帐号，密码和安全性\r\n　　一旦注册成功成为本网站用户，您将得到一个密码和帐号。如果您不保管好自己的帐号和密码安全，将对因此产生的后果负全部责任。另外，每个用户都要对其帐户中的所有活动和事件负全责。您可随时根据指示改变您的密码，也可以结束旧的帐户重开一个新帐户。用户同意若发现任何非法使用用户帐号或安全漏洞的情况，立即通知本网站。\r\n7． 免责条款\r\n　　用户明确同意网站服务的使用由用户个人承担风险。 　　 \r\n　　本网站不作任何类型的担保，不担保服务一定能满足用户的要求，也不担保服务不会受中断，对服务的及时性，安全性，出错发生都不作担保。用户理解并接受：任何通过本网站服务取得的信息资料的可靠性取决于用户自己，用户自己承担所有风险和责任。 \r\n8．有限责任\r\n　　本网站对任何直接、间接、偶然、特殊及继起的损害不负责任。\r\n9． 不提供零售和商业性服务 \r\n　　用户使用网站服务的权利是个人的。用户只能是一个单独的个体而不能是一个公司或实体商业性组织。用户承诺不经本网站同意，不能利用网站服务进行销售或其他商业用途。\r\n10．用户责任 \r\n　　用户单独承担传输内容的责任。用户必须遵循： \r\n　　1)从中国境内向外传输技术性资料时必须符合中国有关法规。 \r\n　　2)使用网站服务不作非法用途。 \r\n　　3)不干扰或混乱网络服务。 \r\n　　4)不在论坛BBS或留言簿发表任何与政治相关的信息。 \r\n　　5)遵守所有使用网站服务的网络协议、规定、程序和惯例。\r\n　　6)不得利用本站危害国家安全、泄露国家秘密，不得侵犯国家社会集体的和公民的合法权益。\r\n　　7)不得利用本站制作、复制和传播下列信息： \r\n　　　1、煽动抗拒、破坏宪法和法律、行政法规实施的；\r\n　　　2、煽动颠覆国家政权，推翻社会主义制度的；\r\n　　　3、煽动分裂国家、破坏国家统一的；\r\n　　　4、煽动民族仇恨、民族歧视，破坏民族团结的；\r\n　　　5、捏造或者歪曲事实，散布谣言，扰乱社会秩序的；\r\n　　　6、宣扬封建迷信、淫秽、色情、赌博、暴力、凶杀、恐怖、教唆犯罪的；\r\n　　　7、公然侮辱他人或者捏造事实诽谤他人的，或者进行其他恶意攻击的；\r\n　　　8、损害国家机关信誉的；\r\n　　　9、其他违反宪法和法律行政法规的；\r\n　　　10、进行商业广告行为的。\r\n　　用户不能传输任何教唆他人构成犯罪行为的资料；不能传输长国内不利条件和涉及国家安全的资料；不能传输任何不符合当地法规、国家法律和国际法 律的资料。未经许可而非法进入其它电脑系统是禁止的。若用户的行为不符合以上的条款，本网站将取消用户服务帐号。\r\n11．网站内容的所有权\r\n　　本网站定义的内容包括：文字、软件、声音、相片、录象、图表；在广告中全部内容；电子邮件的全部内容；本网站为用户提供的商业信息。所有这些内容受版权、商标、标签和其它财产所有权法律的保护。所以，用户只能在本网站和广告商授权下才能使用这些内容，而不能擅自复制、篡改这些内容、或创造与内容有关的派生产品。\r\n12．附加信息服务\r\n　　用户在享用本网站提供的免费服务的同时，同意接受本网站提供的各类附加信息服务。\r\n13．解释权\r\n　　本注册协议的解释权归本网站所有。如果其中有任何条款与国家的有关法律相抵触，则以国家法律的明文规定为准。 '',\n  ''registerverifymessage'' => '' 欢迎您注册成为本网站用户，您的账号需要邮箱认证，点击下面链接进行认证：{click}\r\n或者将网址复制到浏览器：{url}'',\n  ''forgetpassword'' => '' phpcms密码找回，请在一小时内点击下面链接进行操作：{click}\r\n或者将网址复制到浏览器：{url}'',\n)', 0, 0, '2010-09-06', '2010-09-06'),
('pay', '支付', '', 1, '1.0', '', '', 0, 0, '2010-09-06', '2010-09-06'),
('digg', '顶一下', '', 0, '1.0', '', '', 0, 0, '2010-09-06', '2010-09-06'),
('special', '专题', '', 0, '1.0', '', '', 0, 0, '2010-09-06', '2010-09-06'),
('content', '内容模块', '', 1, '1.0', '', '', 0, 0, '2010-09-06', '2010-09-06'),
('search', '全站搜索', '', 0, '1.0', '', 'array (\n  ''fulltextenble'' => ''1'',\n  ''relationenble'' => ''1'',\n  ''suggestenable'' => ''1'',\n  ''sphinxenable'' => ''0'',\n  ''sphinxhost'' => ''10.228.134.102'',\n  ''sphinxport'' => ''9312'',\n  1 => \n  array (\n    ''fulltextenble'' => ''1'',\n    ''relationenble'' => ''0'',\n    ''suggestenable'' => ''0'',\n    ''sphinxenable'' => ''0'',\n    ''sphinxhost'' => '''',\n    ''sphinxport'' => '''',\n  ),\n)', 0, 0, '2010-09-06', '2010-09-06'),
('scan', '木马扫描', 'scan', 0, '1.0', '', '', 0, 0, '2010-09-01', '2010-09-06'),
('attachment', '附件', 'attachment', 1, '1.0', '', '', 0, 0, '2010-09-01', '2010-09-06'),
('block', '碎片', '', 1, '1.0', '', '', 0, 0, '2010-09-01', '2010-09-06'),
('collection', '采集模块', 'collection', 1, '1.0', '', '', 0, 0, '2010-09-01', '2010-09-06'),
('dbsource', '数据源', '', 1, '', '', '', 0, 0, '2010-09-01', '2010-09-06'),
('template', '模板风格', '', 1, '1.0', '', '', 0, 0, '2010-09-01', '2010-09-06'),
('release', '发布点', '', 1, '1.0', '', '', 0, 0, '2010-09-01', '2010-09-06'),
('video', '视频库', '', 0, '1.0', '', '', 0, 0, '2012-09-28', '2012-09-28'),
('announce', '公告', 'announce/', 0, '1.0', '公告', '', 0, 0, '2013-11-29', '2013-11-29'),
('link', '友情链接', '', 0, '1.0', '', 'array (\n  1 => \n  array (\n    ''is_post'' => ''1'',\n    ''enablecheckcode'' => ''0'',\n  ),\n)', 0, 0, '2010-09-06', '2010-09-06'),
('vote', '投票', '', 0, '1.0', '', 'array (\r\n  1 => \r\n  array (\r\n    ''default_style'' => ''default'',\r\n    ''vote_tp_template'' => ''vote_tp'',\r\n    ''allowguest'' => ''1'',\r\n    ''enabled'' => ''1'',\r\n    ''interval'' => ''1'',\r\n    ''credit'' => ''1'',\r\n  ),\r\n)', 0, 0, '2010-09-06', '2010-09-06'),
('message', '短消息', '', 0, '1.0', '', '', 0, 0, '2010-09-06', '2010-09-06'),
('mood', '新闻心情', 'mood/', 0, '1.0', '新闻心情', '', 0, 0, '2013-11-29', '2013-11-29'),
('poster', '广告模块', 'poster/', 0, '1.0', '广告模块', '', 0, 0, '2013-11-29', '2013-11-29'),
('formguide', '表单向导', 'formguide/', 0, '1.0', 'formguide', 'array (\n  ''allowmultisubmit'' => ''1'',\n  ''interval'' => ''30'',\n  ''allowunreg'' => ''0'',\n  ''mailmessage'' => ''用户向我们提交了表单数据，赶快去看看吧。'',\n)', 0, 0, '2010-10-20', '2010-10-20'),
('wap', '手机门户', 'wap/', 0, '1.0', '手机门户', '', 0, 0, '2013-11-29', '2013-11-29'),
('upgrade', '在线升级', '', 0, '1.0', '', '', 0, 0, '2011-05-18', '2011-05-18'),
('tag', '标签向导', 'tag/', 0, '1.0', '标签向导', '', 0, 0, '2013-11-29', '2013-11-29'),
('comment', '', 'comment/', 0, '1.0', '', '', 0, 0, '2014-06-18', '2014-06-18');

-- --------------------------------------------------------

--
-- 表的结构 `v9_mood`
--

CREATE TABLE IF NOT EXISTS `v9_mood` (
  `id` int(10) unsigned NOT NULL AUTO_INCREMENT,
  `catid` int(10) unsigned NOT NULL DEFAULT '0' COMMENT '??Ŀid',
  `siteid` mediumint(6) unsigned NOT NULL DEFAULT '0' COMMENT 'վ??ID',
  `contentid` int(10) unsigned NOT NULL DEFAULT '0' COMMENT '????id',
  `total` int(10) unsigned NOT NULL DEFAULT '0' COMMENT '????',
  `n1` int(10) unsigned NOT NULL DEFAULT '0',
  `n2` int(10) unsigned NOT NULL DEFAULT '0',
  `n3` int(10) unsigned NOT NULL DEFAULT '0',
  `n4` int(10) unsigned NOT NULL DEFAULT '0',
  `n5` int(10) unsigned NOT NULL DEFAULT '0',
  `n6` int(10) unsigned NOT NULL DEFAULT '0',
  `n7` int(10) unsigned NOT NULL DEFAULT '0',
  `n8` int(10) unsigned NOT NULL DEFAULT '0',
  `n9` int(10) unsigned NOT NULL DEFAULT '0',
  `n10` int(10) unsigned NOT NULL DEFAULT '0',
  `lastupdate` int(10) unsigned NOT NULL DEFAULT '0' COMMENT '????????ʱ??',
  PRIMARY KEY (`id`),
  KEY `total` (`total`),
  KEY `lastupdate` (`lastupdate`),
  KEY `catid` (`catid`,`siteid`,`contentid`)
) ENGINE=MyISAM DEFAULT CHARSET=utf8 AUTO_INCREMENT=1 ;

-- --------------------------------------------------------

--
-- 表的结构 `v9_news`
--

CREATE TABLE IF NOT EXISTS `v9_news` (
  `id` mediumint(8) unsigned NOT NULL AUTO_INCREMENT,
  `catid` smallint(5) unsigned NOT NULL DEFAULT '0',
  `typeid` smallint(5) unsigned NOT NULL,
  `title` varchar(80) NOT NULL DEFAULT '',
  `style` char(24) NOT NULL DEFAULT '',
  `thumb` varchar(100) NOT NULL DEFAULT '',
  `keywords` char(40) NOT NULL DEFAULT '',
  `description` mediumtext NOT NULL,
  `posids` tinyint(1) unsigned NOT NULL DEFAULT '0',
  `url` char(100) NOT NULL,
  `listorder` tinyint(3) unsigned NOT NULL DEFAULT '0',
  `status` tinyint(2) unsigned NOT NULL DEFAULT '1',
  `sysadd` tinyint(1) unsigned NOT NULL DEFAULT '0',
  `islink` tinyint(1) unsigned NOT NULL DEFAULT '0',
  `username` char(20) NOT NULL,
  `inputtime` int(10) unsigned NOT NULL DEFAULT '0',
  `updatetime` int(10) unsigned NOT NULL DEFAULT '0',
  PRIMARY KEY (`id`),
  KEY `status` (`status`,`listorder`,`id`),
  KEY `listorder` (`catid`,`status`,`listorder`,`id`),
  KEY `catid` (`catid`,`status`,`id`)
) ENGINE=MyISAM  DEFAULT CHARSET=utf8 AUTO_INCREMENT=3 ;

-- --------------------------------------------------------

--
-- 表的结构 `v9_news_data`
--

CREATE TABLE IF NOT EXISTS `v9_news_data` (
  `id` mediumint(8) unsigned DEFAULT '0',
  `content` mediumtext NOT NULL,
  `readpoint` smallint(5) unsigned NOT NULL DEFAULT '0',
  `groupids_view` varchar(100) NOT NULL,
  `paginationtype` tinyint(1) NOT NULL,
  `maxcharperpage` mediumint(6) NOT NULL,
  `template` varchar(30) NOT NULL,
  `paytype` tinyint(1) unsigned NOT NULL DEFAULT '0',
  `relation` varchar(255) NOT NULL DEFAULT '',
  `voteid` mediumint(8) unsigned NOT NULL DEFAULT '0',
  `allow_comment` tinyint(1) unsigned NOT NULL DEFAULT '1',
  `copyfrom` varchar(100) NOT NULL DEFAULT '',
  KEY `id` (`id`)
) ENGINE=MyISAM DEFAULT CHARSET=utf8;

-- --------------------------------------------------------

--
-- 表的结构 `v9_page`
--

CREATE TABLE IF NOT EXISTS `v9_page` (
  `catid` smallint(5) unsigned NOT NULL DEFAULT '0',
  `title` varchar(160) NOT NULL,
  `style` varchar(24) NOT NULL,
  `keywords` varchar(40) NOT NULL,
  `content` text NOT NULL,
  `template` varchar(30) NOT NULL,
  `updatetime` int(10) unsigned NOT NULL DEFAULT '0',
  KEY `catid` (`catid`)
) ENGINE=MyISAM DEFAULT CHARSET=utf8;

--
-- 转存表中的数据 `v9_page`
--

INSERT INTO `v9_page` (`catid`, `title`, `style`, `keywords`, `content`, `template`, `updatetime`) VALUES
(53, '版权', ';', '版权', '<p>Copyright &copy; 2006 - 2013 China Future Education, All Rights Reserved</p>\r\n', '', 0);

-- --------------------------------------------------------

--
-- 表的结构 `v9_pay_account`
--

CREATE TABLE IF NOT EXISTS `v9_pay_account` (
  `id` mediumint(8) unsigned NOT NULL AUTO_INCREMENT,
  `trade_sn` char(50) NOT NULL,
  `userid` mediumint(8) unsigned NOT NULL DEFAULT '0',
  `username` char(20) NOT NULL,
  `contactname` char(50) NOT NULL,
  `email` char(40) NOT NULL,
  `telephone` char(20) NOT NULL,
  `discount` float(8,2) NOT NULL DEFAULT '0.00',
  `money` char(8) NOT NULL,
  `quantity` int(8) unsigned NOT NULL DEFAULT '1',
  `addtime` int(10) NOT NULL DEFAULT '0',
  `paytime` int(10) NOT NULL DEFAULT '0',
  `usernote` char(255) NOT NULL,
  `pay_id` tinyint(3) NOT NULL,
  `pay_type` enum('offline','recharge','selfincome','online') NOT NULL DEFAULT 'recharge',
  `payment` char(90) NOT NULL,
  `type` tinyint(3) NOT NULL DEFAULT '1',
  `ip` char(15) NOT NULL DEFAULT '0.0.0.0',
  `status` enum('succ','failed','error','progress','timeout','cancel','waitting','unpay') NOT NULL DEFAULT 'unpay',
  `adminnote` char(20) NOT NULL,
  PRIMARY KEY (`id`),
  KEY `status` (`status`),
  KEY `userid` (`userid`),
  KEY `trade_sn` (`trade_sn`,`money`,`status`,`id`)
) ENGINE=MyISAM  DEFAULT CHARSET=utf8 AUTO_INCREMENT=24 ;

--
-- 转存表中的数据 `v9_pay_account`
--

INSERT INTO `v9_pay_account` (`id`, `trade_sn`, `userid`, `username`, `contactname`, `email`, `telephone`, `discount`, `money`, `quantity`, `addtime`, `paytime`, `usernote`, `pay_id`, `pay_type`, `payment`, `type`, `ip`, `status`, `adminnote`) VALUES
(1, '13_256', 3, 'aaa', '', '', '', 0.00, '1', 1, 1387548594, 0, '', 0, 'selfincome', '投稿奖励', 2, 'http://bordon.x', 'succ', ''),
(2, '26_257', 3, 'aaa', '', '', '', 0.00, '1', 1, 1387548733, 0, '', 0, 'selfincome', '投稿奖励', 2, 'http://bordon.x', 'succ', ''),
(3, '13_258', 3, 'aaa', '', '', '', 0.00, '1', 1, 1387548776, 0, '', 0, 'selfincome', '投稿奖励', 2, 'http://bordon.x', 'succ', ''),
(4, '13_261', 2, 'user1', '', '', '', 0.00, '1', 1, 1387551993, 0, '', 0, 'selfincome', '投稿奖励', 2, 'http://bordon.x', 'succ', ''),
(5, '13_262', 2, 'user1', '', '', '', 0.00, '1', 1, 1387552028, 0, '', 0, 'selfincome', '投稿奖励', 2, 'http://bordon.x', 'succ', ''),
(6, '13_264', 4, 'asdfasdf', '', '', '', 0.00, '1', 1, 1387555634, 0, '', 0, 'selfincome', '投稿奖励', 2, '58.254.4.81', 'succ', ''),
(7, '13_265', 4, 'asdfasdf', '', '', '', 0.00, '1', 1, 1387555800, 0, '', 0, 'selfincome', '投稿奖励', 2, '58.254.4.81', 'succ', ''),
(8, '13_266', 4, 'asdfasdf', '', '', '', 0.00, '1', 1, 1387555932, 0, '', 0, 'selfincome', '投稿奖励', 2, '58.254.4.81', 'succ', ''),
(9, '13_267', 4, 'asdfasdf', '', '', '', 0.00, '1', 1, 1387555972, 0, '', 0, 'selfincome', '投稿奖励', 2, '58.254.4.81', 'succ', ''),
(10, '14_268', 2, 'user1', '', '', '', 0.00, '1', 1, 1387591470, 0, '', 0, 'selfincome', '投稿奖励', 2, 'http://bordon.x', 'succ', ''),
(11, '19_269', 2, 'user1', '', '', '', 0.00, '1', 1, 1387591581, 0, '', 0, 'selfincome', '投稿奖励', 2, 'http://bordon.x', 'succ', ''),
(12, '13_271', 1, 'doraprince', '', '', '', 0.00, '1', 1, 1387627948, 0, '', 0, 'selfincome', '投稿奖励', 2, '58.254.5.225', 'succ', ''),
(13, '13_272', 2, 'user1', '', '', '', 0.00, '1', 1, 1387629872, 0, '', 0, 'selfincome', '投稿奖励', 2, 'http://bordon.x', 'succ', ''),
(14, '21_273', 2, 'user1', '', '', '', 0.00, '1', 1, 1387629929, 0, '', 0, 'selfincome', '投稿奖励', 2, 'http://bordon.x', 'succ', ''),
(15, '21_274', 2, 'user1', '', '', '', 0.00, '1', 1, 1387629976, 0, '', 0, 'selfincome', '投稿奖励', 2, 'http://bordon.x', 'succ', ''),
(16, '25_275', 2, 'user1', '', '', '', 0.00, '1', 1, 1387630349, 0, '', 0, 'selfincome', '投稿奖励', 2, 'http://bordon.x', 'succ', ''),
(17, '21_276', 2, 'user1', '', '', '', 0.00, '1', 1, 1387630407, 0, '', 0, 'selfincome', '投稿奖励', 2, 'http://bordon.x', 'succ', ''),
(18, '19_277', 2, 'user1', '', '', '', 0.00, '1', 1, 1387630472, 0, '', 0, 'selfincome', '投稿奖励', 2, 'http://bordon.x', 'succ', ''),
(19, '21_278', 2, 'user1', '', '', '', 0.00, '1', 1, 1387630527, 0, '', 0, 'selfincome', '投稿奖励', 2, 'http://bordon.x', 'succ', ''),
(20, '13_280', 2, 'user1', '', '', '', 0.00, '1', 1, 1387632494, 0, '', 0, 'selfincome', '投稿奖励', 2, 'http://bordon.x', 'succ', ''),
(21, '17_281', 2, 'user1', '', '', '', 0.00, '1', 1, 1387678741, 0, '', 0, 'selfincome', '投稿奖励', 2, 'http://bordon.x', 'succ', ''),
(22, '17_287', 2, 'user1', '', '', '', 0.00, '1', 1, 1389632954, 0, '', 0, 'selfincome', '投稿奖励', 2, '114.246.83.184', 'succ', ''),
(23, '13_391', 5, '111111', '', '', '', 0.00, '1', 1, 1400420536, 0, '', 0, 'selfincome', '投稿奖励', 2, '222.129.237.105', 'succ', 'master');

-- --------------------------------------------------------

--
-- 表的结构 `v9_pay_payment`
--

CREATE TABLE IF NOT EXISTS `v9_pay_payment` (
  `pay_id` tinyint(3) unsigned NOT NULL AUTO_INCREMENT,
  `name` varchar(120) NOT NULL,
  `pay_name` varchar(120) NOT NULL,
  `pay_code` varchar(20) NOT NULL,
  `pay_desc` text NOT NULL,
  `pay_method` tinyint(1) DEFAULT NULL,
  `pay_fee` varchar(10) NOT NULL,
  `config` text NOT NULL,
  `is_cod` tinyint(1) unsigned NOT NULL DEFAULT '0',
  `is_online` tinyint(1) unsigned NOT NULL DEFAULT '0',
  `pay_order` tinyint(3) unsigned NOT NULL DEFAULT '0',
  `enabled` tinyint(1) unsigned NOT NULL DEFAULT '0',
  `author` varchar(100) NOT NULL,
  `website` varchar(100) NOT NULL,
  `version` varchar(20) NOT NULL,
  PRIMARY KEY (`pay_id`),
  KEY `pay_code` (`pay_code`)
) ENGINE=MyISAM DEFAULT CHARSET=utf8 AUTO_INCREMENT=1 ;

-- --------------------------------------------------------

--
-- 表的结构 `v9_pay_spend`
--

CREATE TABLE IF NOT EXISTS `v9_pay_spend` (
  `id` int(10) unsigned NOT NULL AUTO_INCREMENT,
  `creat_at` int(10) unsigned NOT NULL DEFAULT '0',
  `userid` int(10) unsigned NOT NULL DEFAULT '0',
  `username` varchar(20) NOT NULL,
  `type` tinyint(1) unsigned NOT NULL DEFAULT '0',
  `logo` varchar(20) NOT NULL,
  `value` int(5) NOT NULL,
  `op_userid` int(10) unsigned NOT NULL DEFAULT '0',
  `op_username` char(20) NOT NULL,
  `msg` varchar(255) NOT NULL,
  PRIMARY KEY (`id`),
  KEY `type` (`type`),
  KEY `creat_at` (`creat_at`),
  KEY `logo` (`logo`),
  KEY `userid` (`userid`)
) ENGINE=MyISAM DEFAULT CHARSET=utf8 AUTO_INCREMENT=1 ;

-- --------------------------------------------------------

--
-- 表的结构 `v9_picture`
--

CREATE TABLE IF NOT EXISTS `v9_picture` (
  `id` mediumint(8) unsigned NOT NULL AUTO_INCREMENT,
  `catid` smallint(5) unsigned NOT NULL DEFAULT '0',
  `typeid` smallint(5) unsigned NOT NULL,
  `title` char(80) NOT NULL DEFAULT '',
  `style` char(24) NOT NULL DEFAULT '',
  `thumb` char(100) NOT NULL DEFAULT '',
  `keywords` char(40) NOT NULL DEFAULT '',
  `description` char(255) NOT NULL DEFAULT '',
  `posids` tinyint(1) unsigned NOT NULL DEFAULT '0',
  `url` char(100) NOT NULL,
  `listorder` tinyint(3) unsigned NOT NULL DEFAULT '0',
  `status` tinyint(2) unsigned NOT NULL DEFAULT '1',
  `sysadd` tinyint(1) unsigned NOT NULL DEFAULT '0',
  `islink` tinyint(1) unsigned NOT NULL DEFAULT '0',
  `username` char(20) NOT NULL,
  `inputtime` int(10) unsigned NOT NULL DEFAULT '0',
  `updatetime` int(10) unsigned NOT NULL DEFAULT '0',
  PRIMARY KEY (`id`),
  KEY `status` (`status`,`listorder`,`id`),
  KEY `listorder` (`catid`,`status`,`listorder`,`id`),
  KEY `catid` (`catid`,`status`,`id`)
) ENGINE=MyISAM DEFAULT CHARSET=utf8 AUTO_INCREMENT=1 ;

-- --------------------------------------------------------

--
-- 表的结构 `v9_picture_data`
--

CREATE TABLE IF NOT EXISTS `v9_picture_data` (
  `id` mediumint(8) unsigned DEFAULT '0',
  `content` text NOT NULL,
  `readpoint` smallint(5) unsigned NOT NULL DEFAULT '0',
  `groupids_view` varchar(100) NOT NULL,
  `paginationtype` tinyint(1) NOT NULL,
  `maxcharperpage` mediumint(6) NOT NULL,
  `template` varchar(30) NOT NULL,
  `paytype` tinyint(1) unsigned NOT NULL DEFAULT '0',
  `relation` varchar(255) NOT NULL DEFAULT '',
  `pictureurls` mediumtext NOT NULL,
  `copyfrom` varchar(255) NOT NULL DEFAULT '',
  `allow_comment` tinyint(1) unsigned NOT NULL DEFAULT '1',
  KEY `id` (`id`)
) ENGINE=MyISAM DEFAULT CHARSET=utf8;

-- --------------------------------------------------------

--
-- 表的结构 `v9_position`
--

CREATE TABLE IF NOT EXISTS `v9_position` (
  `posid` smallint(5) unsigned NOT NULL AUTO_INCREMENT,
  `modelid` smallint(5) unsigned DEFAULT '0',
  `catid` smallint(5) unsigned DEFAULT '0',
  `name` char(30) NOT NULL DEFAULT '',
  `maxnum` smallint(5) NOT NULL DEFAULT '20',
  `extention` char(100) DEFAULT NULL,
  `listorder` smallint(5) unsigned NOT NULL DEFAULT '0',
  `siteid` smallint(5) unsigned NOT NULL DEFAULT '0',
  `thumb` varchar(150) NOT NULL DEFAULT '',
  PRIMARY KEY (`posid`)
) ENGINE=MyISAM  DEFAULT CHARSET=utf8 AUTO_INCREMENT=23 ;

--
-- 转存表中的数据 `v9_position`
--

INSERT INTO `v9_position` (`posid`, `modelid`, `catid`, `name`, `maxnum`, `extention`, `listorder`, `siteid`, `thumb`) VALUES
(1, 0, 0, '首页最新课程推荐', 20, '', 1, 0, ''),
(2, 0, 0, '首页幻灯图推荐', 20, '', 4, 0, ''),
(18, 0, 0, '最热课程推荐', 20, '', 0, 0, ''),
(19, 0, 0, '频道页今日更新', 20, '', 0, 0, ''),
(20, 14, 0, '城市置顶', 20, 'get_linkage({zone},getinfocache(''info_linkageid''), ''_'',4)', 0, 1, ''),
(21, 14, 0, '区域置顶', 20, 'get_linkage({zone},getinfocache(''info_linkageid''), ''_'',4)', 0, 1, ''),
(22, 14, 0, '商圈置顶', 20, 'get_linkage({zone},getinfocache(''info_linkageid''), ''_'',4)', 0, 1, '');

-- --------------------------------------------------------

--
-- 表的结构 `v9_position_data`
--

CREATE TABLE IF NOT EXISTS `v9_position_data` (
  `id` mediumint(8) unsigned NOT NULL DEFAULT '0',
  `catid` smallint(5) unsigned NOT NULL DEFAULT '0',
  `posid` smallint(5) unsigned NOT NULL DEFAULT '0',
  `module` char(20) DEFAULT NULL,
  `modelid` smallint(6) unsigned DEFAULT '0',
  `thumb` tinyint(1) NOT NULL DEFAULT '0',
  `data` mediumtext,
  `siteid` smallint(5) unsigned NOT NULL DEFAULT '1',
  `listorder` mediumint(8) DEFAULT '0',
  `expiration` int(10) NOT NULL,
  `extention` char(30) DEFAULT NULL,
  `synedit` tinyint(1) DEFAULT '0',
  KEY `posid` (`posid`),
  KEY `listorder` (`listorder`)
) ENGINE=MyISAM DEFAULT CHARSET=utf8;

--
-- 转存表中的数据 `v9_position_data`
--

INSERT INTO `v9_position_data` (`id`, `catid`, `posid`, `module`, `modelid`, `thumb`, `data`, `siteid`, `listorder`, `expiration`, `extention`, `synedit`) VALUES
(577, 39, 2, 'content', 11, 1, 'array (\n  ''title'' => ''李克强总理的经济公开课'',\n  ''description'' => ''李克强总理的经济公开课'',\n  ''thumb'' => ''http://202.120.83.180/phpcms/uploadfile/thumb/53a40a1fc7fb1.jpg'',\n  ''inputtime'' => ''1403259313'',\n)', 1, 577, 0, NULL, 0),
(576, 38, 1, 'content', 11, 1, 'array (\n  ''title'' => ''人文素质与创新意识2'',\n  ''description'' => ''人文素质与创新意识2'',\n  ''thumb'' => ''http://202.120.83.180/phpcms/uploadfile/thumb/53a406467e8d0.jpg'',\n  ''inputtime'' => ''1403258381'',\n)', 1, 576, 0, NULL, 0),
(576, 38, 2, 'content', 11, 1, 'array (\n  ''title'' => ''人文素质与创新意识2'',\n  ''description'' => ''人文素质与创新意识2'',\n  ''thumb'' => ''http://202.120.83.180/phpcms/uploadfile/thumb/53a406467e8d0.jpg'',\n  ''inputtime'' => ''1403258381'',\n)', 1, 576, 0, NULL, 0),
(569, 14, 18, 'content', 11, 1, 'array (\n  ''title'' => ''宇宙第二大爆炸'',\n  ''description'' => ''这是一部关于宇宙第二大爆炸的科幻片'',\n  ''thumb'' => ''http://202.120.83.180/phpcms/uploadfile/thumb/53a384345f89f.jpg'',\n  ''inputtime'' => ''1403224985'',\n)', 1, 569, 0, NULL, 0),
(569, 14, 1, 'content', 11, 1, 'array (\n  ''title'' => ''宇宙第二大爆炸'',\n  ''description'' => ''这是一部关于宇宙第二大爆炸的科幻片'',\n  ''thumb'' => ''http://202.120.83.180/phpcms/uploadfile/thumb/53a384345f89f.jpg'',\n  ''inputtime'' => ''1403224985'',\n)', 1, 569, 0, NULL, 0),
(569, 14, 2, 'content', 11, 1, 'array (\n  ''title'' => ''宇宙第二大爆炸'',\n  ''description'' => ''这是一部关于宇宙第二大爆炸的科幻片'',\n  ''thumb'' => ''http://202.120.83.180/phpcms/uploadfile/thumb/53a384345f89f.jpg'',\n  ''inputtime'' => ''1403224985'',\n)', 1, 569, 0, NULL, 0),
(567, 15, 18, 'content', 11, 1, 'array (\n  ''title'' => ''全髋关节置换手术'',\n  ''description'' => ''全髋关节置换手术，三维医学动画'',\n  ''thumb'' => ''http://202.120.83.180/phpcms/uploadfile/thumb/53a38337d1a01.jpg'',\n  ''inputtime'' => ''1403224790'',\n)', 1, 567, 0, NULL, 0),
(566, 15, 2, 'content', 11, 1, 'array (\n  ''title'' => ''急生心肌梗死的介入治疗'',\n  ''description'' => ''手术现场，急生心肌梗死的介入治疗'',\n  ''thumb'' => ''http://202.120.83.180/phpcms/uploadfile/thumb/53a3827b0c51b.jpg'',\n  ''inputtime'' => ''1403224554'',\n)', 1, 566, 0, NULL, 0),
(566, 15, 1, 'content', 11, 1, 'array (\n  ''title'' => ''急生心肌梗死的介入治疗'',\n  ''description'' => ''手术现场，急生心肌梗死的介入治疗'',\n  ''thumb'' => ''http://202.120.83.180/phpcms/uploadfile/thumb/53a3827b0c51b.jpg'',\n  ''inputtime'' => ''1403224554'',\n)', 1, 566, 0, NULL, 0),
(566, 15, 18, 'content', 11, 1, 'array (\n  ''title'' => ''急生心肌梗死的介入治疗'',\n  ''description'' => ''手术现场，急生心肌梗死的介入治疗'',\n  ''thumb'' => ''http://202.120.83.180/phpcms/uploadfile/thumb/53a3827b0c51b.jpg'',\n  ''inputtime'' => ''1403224554'',\n)', 1, 566, 0, NULL, 0),
(566, 15, 19, 'content', 11, 1, 'array (\n  ''title'' => ''急生心肌梗死的介入治疗'',\n  ''description'' => ''手术现场，急生心肌梗死的介入治疗'',\n  ''thumb'' => ''http://202.120.83.180/phpcms/uploadfile/thumb/53a3827b0c51b.jpg'',\n  ''inputtime'' => ''1403224554'',\n)', 1, 566, 0, NULL, 0),
(570, 14, 2, 'content', 11, 0, 'array (\n  ''title'' => ''恒星与星系的形成'',\n  ''description'' => ''恒星与星系的形成'',\n  ''thumb'' => '''',\n  ''inputtime'' => ''1403225156'',\n)', 1, 570, 0, NULL, 0),
(570, 14, 1, 'content', 11, 0, 'array (\n  ''title'' => ''恒星与星系的形成'',\n  ''description'' => ''恒星与星系的形成'',\n  ''thumb'' => '''',\n  ''inputtime'' => ''1403225156'',\n)', 1, 570, 0, NULL, 0),
(574, 38, 2, 'content', 11, 1, 'array (\n  ''title'' => ''“嫦娥三号”两器分离过程回放'',\n  ''description'' => ''“嫦娥三号”两器分离过程回放'',\n  ''thumb'' => ''http://202.120.83.180/phpcms/uploadfile/thumb/53a3d6d49922a.jpg'',\n  ''inputtime'' => ''1403246217'',\n)', 1, 574, 0, NULL, 0),
(574, 38, 1, 'content', 11, 1, 'array (\n  ''title'' => ''“嫦娥三号”两器分离过程回放'',\n  ''description'' => ''“嫦娥三号”两器分离过程回放'',\n  ''thumb'' => ''http://202.120.83.180/phpcms/uploadfile/thumb/53a3d6d49922a.jpg'',\n  ''inputtime'' => ''1403246217'',\n)', 1, 574, 0, NULL, 0),
(574, 38, 18, 'content', 11, 1, 'array (\n  ''title'' => ''“嫦娥三号”两器分离过程回放'',\n  ''description'' => ''“嫦娥三号”两器分离过程回放'',\n  ''thumb'' => ''http://202.120.83.180/phpcms/uploadfile/thumb/53a3d6d49922a.jpg'',\n  ''inputtime'' => ''1403246217'',\n)', 1, 574, 0, NULL, 0),
(574, 38, 19, 'content', 11, 1, 'array (\n  ''title'' => ''“嫦娥三号”两器分离过程回放'',\n  ''description'' => ''“嫦娥三号”两器分离过程回放'',\n  ''thumb'' => ''http://202.120.83.180/phpcms/uploadfile/thumb/53a3d6d49922a.jpg'',\n  ''inputtime'' => ''1403246217'',\n)', 1, 574, 0, NULL, 0),
(575, 38, 2, 'content', 11, 1, 'array (\n  ''title'' => ''“嫦娥三号”着陆全程精彩画面回顾'',\n  ''description'' => ''“嫦娥三号”着陆全程精彩画面回顾'',\n  ''thumb'' => ''http://202.120.83.180/phpcms/uploadfile/thumb/53a3d7cc3224b.jpg'',\n  ''inputtime'' => ''1403246479'',\n)', 1, 575, 0, NULL, 0),
(575, 38, 1, 'content', 11, 1, 'array (\n  ''title'' => ''“嫦娥三号”着陆全程精彩画面回顾'',\n  ''description'' => ''“嫦娥三号”着陆全程精彩画面回顾'',\n  ''thumb'' => ''http://202.120.83.180/phpcms/uploadfile/thumb/53a3d7cc3224b.jpg'',\n  ''inputtime'' => ''1403246479'',\n)', 1, 575, 0, NULL, 0),
(530, 14, 2, 'content', 11, 1, 'array (\n  ''title'' => ''幼儿画报动画版7'',\n  ''description'' => ''幼儿画报动画版7'',\n  ''thumb'' => ''http://202.120.83.180/phpcms/uploadfile/thumb/53a16ca9983df.jpg'',\n  ''inputtime'' => ''1403088008'',\n)', 1, 530, 0, NULL, 0),
(530, 14, 1, 'content', 11, 1, 'array (\n  ''title'' => ''幼儿画报动画版7'',\n  ''description'' => ''幼儿画报动画版7'',\n  ''thumb'' => ''http://202.120.83.180/phpcms/uploadfile/thumb/53a16ca9983df.jpg'',\n  ''inputtime'' => ''1403088008'',\n)', 1, 530, 0, NULL, 0),
(575, 38, 18, 'content', 11, 1, 'array (\n  ''title'' => ''“嫦娥三号”着陆全程精彩画面回顾'',\n  ''description'' => ''“嫦娥三号”着陆全程精彩画面回顾'',\n  ''thumb'' => ''http://202.120.83.180/phpcms/uploadfile/thumb/53a3d7cc3224b.jpg'',\n  ''inputtime'' => ''1403246479'',\n)', 1, 575, 0, NULL, 0),
(533, 14, 19, 'content', 11, 1, 'array (\n  ''title'' => ''三只小鸟15'',\n  ''description'' => ''三只小鸟15'',\n  ''thumb'' => ''http://202.120.83.180/phpcms/uploadfile/thumb/53a16f48ba7c9.jpg'',\n  ''inputtime'' => ''1403088631'',\n)', 1, 533, 0, NULL, 0),
(533, 14, 2, 'content', 11, 1, 'array (\n  ''title'' => ''三只小鸟15'',\n  ''description'' => ''三只小鸟15'',\n  ''thumb'' => ''http://202.120.83.180/phpcms/uploadfile/thumb/53a16f48ba7c9.jpg'',\n  ''inputtime'' => ''1403088631'',\n)', 1, 533, 0, NULL, 0),
(533, 14, 1, 'content', 11, 1, 'array (\n  ''title'' => ''三只小鸟15'',\n  ''description'' => ''三只小鸟15'',\n  ''thumb'' => ''http://202.120.83.180/phpcms/uploadfile/thumb/53a16f48ba7c9.jpg'',\n  ''inputtime'' => ''1403088631'',\n)', 1, 533, 0, NULL, 0),
(533, 14, 18, 'content', 11, 1, 'array (\n  ''title'' => ''三只小鸟15'',\n  ''description'' => ''三只小鸟15'',\n  ''thumb'' => ''http://202.120.83.180/phpcms/uploadfile/thumb/53a16f48ba7c9.jpg'',\n  ''inputtime'' => ''1403088631'',\n)', 1, 533, 0, NULL, 0),
(534, 14, 2, 'content', 11, 1, 'array (\n  ''title'' => ''儿歌大全之茉莉花'',\n  ''description'' => ''儿歌大全之茉莉花'',\n  ''thumb'' => ''http://202.120.83.180/phpcms/uploadfile/thumb/53a1704f76dbe.jpg'',\n  ''inputtime'' => ''1403088888'',\n)', 1, 534, 0, NULL, 0),
(534, 14, 1, 'content', 11, 1, 'array (\n  ''title'' => ''儿歌大全之茉莉花'',\n  ''description'' => ''儿歌大全之茉莉花'',\n  ''thumb'' => ''http://202.120.83.180/phpcms/uploadfile/thumb/53a1704f76dbe.jpg'',\n  ''inputtime'' => ''1403088888'',\n)', 1, 534, 0, NULL, 0),
(534, 14, 18, 'content', 11, 1, 'array (\n  ''title'' => ''儿歌大全之茉莉花'',\n  ''description'' => ''儿歌大全之茉莉花'',\n  ''thumb'' => ''http://202.120.83.180/phpcms/uploadfile/thumb/53a1704f76dbe.jpg'',\n  ''inputtime'' => ''1403088888'',\n)', 1, 534, 0, NULL, 0),
(534, 14, 19, 'content', 11, 1, 'array (\n  ''title'' => ''儿歌大全之茉莉花'',\n  ''description'' => ''儿歌大全之茉莉花'',\n  ''thumb'' => ''http://202.120.83.180/phpcms/uploadfile/thumb/53a1704f76dbe.jpg'',\n  ''inputtime'' => ''1403088888'',\n)', 1, 534, 0, NULL, 0),
(535, 14, 2, 'content', 11, 1, 'array (\n  ''title'' => ''外星车'',\n  ''description'' => ''外星车'',\n  ''thumb'' => ''http://202.120.83.180/phpcms/uploadfile/thumb/53a195bc841bb.jpg'',\n  ''inputtime'' => ''1403098455'',\n)', 1, 535, 0, NULL, 0),
(535, 14, 1, 'content', 11, 1, 'array (\n  ''title'' => ''外星车'',\n  ''description'' => ''外星车'',\n  ''thumb'' => ''http://202.120.83.180/phpcms/uploadfile/thumb/53a195bc841bb.jpg'',\n  ''inputtime'' => ''1403098455'',\n)', 1, 535, 0, NULL, 0),
(535, 14, 19, 'content', 11, 1, 'array (\n  ''title'' => ''外星车'',\n  ''description'' => ''外星车'',\n  ''thumb'' => ''http://202.120.83.180/phpcms/uploadfile/thumb/53a195bc841bb.jpg'',\n  ''inputtime'' => ''1403098455'',\n)', 1, 535, 0, NULL, 0),
(558, 13, 1, 'content', 11, 1, 'array (\n  ''title'' => ''歌声与微笑'',\n  ''description'' => ''歌声与微笑，毕加猪出版的优质儿童动画片'',\n  ''thumb'' => ''http://202.120.83.180/phpcms/uploadfile/thumb/53a2e0058bfe2.jpg'',\n  ''inputtime'' => ''1403182951'',\n  ''style'' => '''',\n)', 1, 558, 0, NULL, 0),
(558, 13, 18, 'content', 11, 1, 'array (\n  ''title'' => ''歌声与微笑'',\n  ''description'' => ''歌声与微笑，毕加猪出版的优质儿童动画片'',\n  ''thumb'' => ''http://202.120.83.180/phpcms/uploadfile/thumb/53a2e0058bfe2.jpg'',\n  ''inputtime'' => ''1403182951'',\n  ''style'' => '''',\n)', 1, 558, 0, NULL, 0),
(561, 13, 1, 'content', 11, 1, 'array (\n  ''title'' => ''朵拉背包-16'',\n  ''description'' => ''朵拉是一部小朋友们喜爱的动画片，她塑造了一个聪明、智慧和勇敢的形象。'',\n  ''thumb'' => ''http://202.120.83.180/phpcms/uploadfile/thumb/53a2e3366210b.jpg'',\n  ''inputtime'' => ''1403183532'',\n  ''style'' => '''',\n)', 1, 561, 0, NULL, 0),
(561, 13, 18, 'content', 11, 1, 'array (\n  ''title'' => ''朵拉背包-16'',\n  ''description'' => ''朵拉是一部小朋友们喜爱的动画片，她塑造了一个聪明、智慧和勇敢的形象。'',\n  ''thumb'' => ''http://202.120.83.180/phpcms/uploadfile/thumb/53a2e3366210b.jpg'',\n  ''inputtime'' => ''1403183532'',\n  ''style'' => '''',\n)', 1, 561, 0, NULL, 0),
(563, 13, 2, 'content', 11, 1, 'array (\n  ''title'' => ''嘟嘟熊画报-快乐的一天'',\n  ''description'' => ''嘟嘟熊画报-快乐的一天'',\n  ''thumb'' => ''http://202.120.83.180/phpcms/uploadfile/thumb/53a2e514aa5e6.jpg'',\n  ''inputtime'' => ''1403184265'',\n)', 1, 563, 0, NULL, 0),
(563, 13, 1, 'content', 11, 1, 'array (\n  ''title'' => ''嘟嘟熊画报-快乐的一天'',\n  ''description'' => ''嘟嘟熊画报-快乐的一天'',\n  ''thumb'' => ''http://202.120.83.180/phpcms/uploadfile/thumb/53a2e514aa5e6.jpg'',\n  ''inputtime'' => ''1403184265'',\n)', 1, 563, 0, NULL, 0),
(565, 13, 2, 'content', 11, 1, 'array (\n  ''title'' => ''野生动物样片'',\n  ''description'' => ''这是一部野生动物宣传片，号召人们都来爱护和保护野生动物资源，建设我们美好的地球家园'',\n  ''thumb'' => ''http://202.120.83.180/phpcms/uploadfile/thumb/53a2f985d5d9d.jpg'',\n  ''inputtime'' => ''1403189138'',\n  ''style'' => '''',\n)', 1, 565, 0, NULL, 0),
(565, 13, 1, 'content', 11, 1, 'array (\n  ''title'' => ''野生动物样片'',\n  ''description'' => ''这是一部野生动物宣传片，号召人们都来爱护和保护野生动物资源，建设我们美好的地球家园'',\n  ''thumb'' => ''http://202.120.83.180/phpcms/uploadfile/thumb/53a2f985d5d9d.jpg'',\n  ''inputtime'' => ''1403189138'',\n  ''style'' => '''',\n)', 1, 565, 0, NULL, 0),
(565, 13, 18, 'content', 11, 1, 'array (\n  ''title'' => ''野生动物样片'',\n  ''description'' => ''这是一部野生动物宣传片，号召人们都来爱护和保护野生动物资源，建设我们美好的地球家园'',\n  ''thumb'' => ''http://202.120.83.180/phpcms/uploadfile/thumb/53a2f985d5d9d.jpg'',\n  ''inputtime'' => ''1403189138'',\n  ''style'' => '''',\n)', 1, 565, 0, NULL, 0),
(565, 13, 19, 'content', 11, 1, 'array (\n  ''title'' => ''野生动物样片'',\n  ''description'' => ''这是一部野生动物宣传片，号召人们都来爱护和保护野生动物资源，建设我们美好的地球家园'',\n  ''thumb'' => ''http://202.120.83.180/phpcms/uploadfile/thumb/53a2f985d5d9d.jpg'',\n  ''inputtime'' => ''1403189138'',\n  ''style'' => '''',\n)', 1, 565, 0, NULL, 0),
(577, 39, 1, 'content', 11, 1, 'array (\n  ''title'' => ''李克强总理的经济公开课'',\n  ''description'' => ''李克强总理的经济公开课'',\n  ''thumb'' => ''http://202.120.83.180/phpcms/uploadfile/thumb/53a40a1fc7fb1.jpg'',\n  ''inputtime'' => ''1403259313'',\n)', 1, 577, 0, NULL, 0),
(577, 39, 18, 'content', 11, 1, 'array (\n  ''title'' => ''李克强总理的经济公开课'',\n  ''description'' => ''李克强总理的经济公开课'',\n  ''thumb'' => ''http://202.120.83.180/phpcms/uploadfile/thumb/53a40a1fc7fb1.jpg'',\n  ''inputtime'' => ''1403259313'',\n)', 1, 577, 0, NULL, 0),
(577, 39, 19, 'content', 11, 1, 'array (\n  ''title'' => ''李克强总理的经济公开课'',\n  ''description'' => ''李克强总理的经济公开课'',\n  ''thumb'' => ''http://202.120.83.180/phpcms/uploadfile/thumb/53a40a1fc7fb1.jpg'',\n  ''inputtime'' => ''1403259313'',\n)', 1, 577, 0, NULL, 0),
(578, 38, 2, 'content', 11, 1, 'array (\n  ''title'' => ''洪恩幼儿英语第1册第5单元'',\n  ''description'' => ''洪恩幼儿英语第1册第5单元'',\n  ''thumb'' => ''http://202.120.83.180/phpcms/uploadfile/thumb/53a9053f21cb2.jpg'',\n  ''inputtime'' => ''1403585789'',\n)', 1, 578, 0, NULL, 0),
(578, 38, 1, 'content', 11, 1, 'array (\n  ''title'' => ''洪恩幼儿英语第1册第5单元'',\n  ''description'' => ''洪恩幼儿英语第1册第5单元'',\n  ''thumb'' => ''http://202.120.83.180/phpcms/uploadfile/thumb/53a9053f21cb2.jpg'',\n  ''inputtime'' => ''1403585789'',\n)', 1, 578, 0, NULL, 0),
(578, 38, 19, 'content', 11, 1, 'array (\n  ''title'' => ''洪恩幼儿英语第1册第5单元'',\n  ''description'' => ''洪恩幼儿英语第1册第5单元'',\n  ''thumb'' => ''http://202.120.83.180/phpcms/uploadfile/thumb/53a9053f21cb2.jpg'',\n  ''inputtime'' => ''1403585789'',\n)', 1, 578, 0, NULL, 0),
(579, 38, 2, 'content', 11, 1, 'array (\n  ''title'' => ''测试'',\n  ''description'' => ''测试测试测试测试测试测试'',\n  ''thumb'' => ''http://202.120.83.180/phpcms/uploadfile/thumb/53a9230f280e2.jpg'',\n  ''inputtime'' => ''1403592785'',\n  ''style'' => '''',\n)', 1, 579, 0, NULL, 0),
(579, 38, 1, 'content', 11, 1, 'array (\n  ''title'' => ''测试'',\n  ''description'' => ''测试测试测试测试测试测试'',\n  ''thumb'' => ''http://202.120.83.180/phpcms/uploadfile/thumb/53a9230f280e2.jpg'',\n  ''inputtime'' => ''1403592785'',\n  ''style'' => '''',\n)', 1, 579, 0, NULL, 0),
(595, 39, 1, 'content', 11, 1, 'array (\n  ''title'' => ''01卡文迪什扭秤实验'',\n  ''description'' => ''01卡文迪什扭秤实验'',\n  ''thumb'' => ''http://202.120.83.180/phpcms/uploadfile/thumb/53ace3f2c374f.jpg'',\n  ''inputtime'' => ''1403839357'',\n)', 1, 595, 0, NULL, 0),
(595, 39, 18, 'content', 11, 1, 'array (\n  ''title'' => ''01卡文迪什扭秤实验'',\n  ''description'' => ''01卡文迪什扭秤实验'',\n  ''thumb'' => ''http://202.120.83.180/phpcms/uploadfile/thumb/53ace3f2c374f.jpg'',\n  ''inputtime'' => ''1403839357'',\n)', 1, 595, 0, NULL, 0),
(595, 39, 19, 'content', 11, 1, 'array (\n  ''title'' => ''01卡文迪什扭秤实验'',\n  ''description'' => ''01卡文迪什扭秤实验'',\n  ''thumb'' => ''http://202.120.83.180/phpcms/uploadfile/thumb/53ace3f2c374f.jpg'',\n  ''inputtime'' => ''1403839357'',\n)', 1, 595, 0, NULL, 0);

-- --------------------------------------------------------

--
-- 表的结构 `v9_poster`
--

CREATE TABLE IF NOT EXISTS `v9_poster` (
  `id` smallint(5) unsigned NOT NULL AUTO_INCREMENT,
  `siteid` smallint(5) unsigned NOT NULL DEFAULT '0',
  `name` varchar(40) NOT NULL,
  `spaceid` smallint(5) unsigned NOT NULL DEFAULT '0',
  `type` varchar(10) NOT NULL,
  `setting` text NOT NULL,
  `startdate` int(10) unsigned NOT NULL DEFAULT '0',
  `enddate` int(10) unsigned NOT NULL DEFAULT '0',
  `addtime` int(10) unsigned NOT NULL DEFAULT '0',
  `hits` mediumint(8) unsigned NOT NULL DEFAULT '0',
  `clicks` smallint(5) unsigned NOT NULL DEFAULT '0',
  `listorder` tinyint(3) unsigned NOT NULL DEFAULT '0',
  `disabled` tinyint(1) unsigned NOT NULL DEFAULT '0',
  PRIMARY KEY (`id`),
  KEY `spaceid` (`spaceid`,`siteid`,`disabled`,`listorder`)
) ENGINE=MyISAM  DEFAULT CHARSET=utf8 AUTO_INCREMENT=11 ;

--
-- 转存表中的数据 `v9_poster`
--

INSERT INTO `v9_poster` (`id`, `siteid`, `name`, `spaceid`, `type`, `setting`, `startdate`, `enddate`, `addtime`, `hits`, `clicks`, `listorder`, `disabled`) VALUES
(1, 1, 'banner', 1, 'images', 'array (\n  1 => \n  array (\n    ''linkurl'' => ''http://www.yoursite.com'',\n    ''imageurl'' => ''http://localhost/video/uploadfile/poster/2.png'',\n    ''alt'' => '''',\n  ),\n)', 1285813808, 1446249600, 1285813833, 0, 1, 0, 0),
(2, 1, 'phpcmsv9', 2, 'images', 'array (\n  1 => \n  array (\n    ''linkurl'' => ''http://www.yoursite.com'',\n    ''imageurl'' => ''http://localhost/video/statics/images/v9/ad_login.jpg'',\n    ''alt'' => ''专业建站系统'',\n  ),\n)', 1285816298, 1446249600, 1285816310, 0, 1, 0, 0),
(3, 1, '下载推荐', 3, 'images', 'array (\n  1 => \n  array (\n    ''linkurl'' => ''http://www.yoursite.com'',\n    ''imageurl'' => ''http://localhost/video/uploadfile/poster/3.png'',\n    ''alt'' => ''官方'',\n  ),\n)', 1286504815, 1446249600, 1286504865, 0, 1, 0, 0),
(4, 1, '广告', 4, 'images', 'array (\n  1 => \n  array (\n    ''linkurl'' => ''http://www.yoursite.com'',\n    ''imageurl'' => ''http://localhost/video/uploadfile/poster/4.gif'',\n    ''alt'' => ''官方'',\n  ),\n)', 1286505141, 1446249600, 1286505178, 0, 0, 0, 0),
(5, 1, '下载', 5, 'images', 'array (\n  1 => \n  array (\n    ''linkurl'' => ''http://www.yoursite.com'',\n    ''imageurl'' => ''http://localhost/video/uploadfile/poster/5.gif'',\n    ''alt'' => ''官方'',\n  ),\n)', 1286509363, 1446249600, 1286509401, 0, 0, 0, 0),
(6, 1, '下载推荐1', 6, 'images', 'array (\n  1 => \n  array (\n    ''linkurl'' => ''http://www.yoursite.com'',\n    ''imageurl'' => ''http://localhost/video/uploadfile/poster/5.gif'',\n    ''alt'' => ''官方'',\n  ),\n)', 1286510183, 1446249600, 1286510227, 0, 0, 0, 0),
(7, 1, '下载详情', 7, 'images', 'array (\n  1 => \n  array (\n    ''linkurl'' => ''http://www.yoursite.com'',\n    ''imageurl'' => ''http://localhost/video/uploadfile/poster/5.gif'',\n    ''alt'' => ''官方'',\n  ),\n)', 1286510314, 1446249600, 1286510341, 0, 0, 0, 0),
(8, 1, '下载页', 8, 'images', 'array (\n  1 => \n  array (\n    ''linkurl'' => ''http://www.yoursite.com'',\n    ''imageurl'' => ''http://localhost/video/uploadfile/poster/1.jpg'',\n    ''alt'' => ''官方站'',\n  ),\n)', 1286522084, 1446249600, 1286522125, 0, 0, 0, 0),
(9, 1, '广告', 9, 'images', 'array (\n  1 => \n  array (\n    ''linkurl'' => ''http://www.yoursite.com'',\n    ''imageurl'' => ''http://localhost/video/uploadfile/poster/4.gif'',\n    ''alt'' => '''',\n  ),\n)', 1287041759, 1446249600, 1287041804, 0, 0, 0, 0),
(10, 1, 'phpcms', 10, 'images', 'array (\n  1 => \n  array (\n    ''linkurl'' => ''http://www.yoursite.com'',\n    ''imageurl'' => ''http://localhost/video/uploadfile/poster/6.jpg'',\n    ''alt'' => ''官方'',\n  ),\n)', 1289270509, 1446249600, 1289270541, 1, 0, 0, 0);

-- --------------------------------------------------------

--
-- 表的结构 `v9_poster_201311`
--

CREATE TABLE IF NOT EXISTS `v9_poster_201311` (
  `id` int(10) unsigned NOT NULL AUTO_INCREMENT,
  `pid` smallint(5) unsigned NOT NULL DEFAULT '0',
  `siteid` smallint(5) unsigned NOT NULL DEFAULT '0',
  `spaceid` smallint(5) unsigned NOT NULL DEFAULT '0',
  `username` char(20) NOT NULL,
  `area` char(40) NOT NULL,
  `ip` char(15) NOT NULL,
  `referer` char(120) NOT NULL,
  `clicktime` int(10) unsigned NOT NULL DEFAULT '0',
  `type` tinyint(1) unsigned NOT NULL DEFAULT '1',
  PRIMARY KEY (`id`),
  KEY `pid` (`pid`,`type`,`ip`)
) ENGINE=MyISAM DEFAULT CHARSET=utf8 AUTO_INCREMENT=1 ;

-- --------------------------------------------------------

--
-- 表的结构 `v9_poster_201312`
--

CREATE TABLE IF NOT EXISTS `v9_poster_201312` (
  `id` int(10) unsigned NOT NULL AUTO_INCREMENT,
  `pid` smallint(5) unsigned NOT NULL DEFAULT '0',
  `siteid` smallint(5) unsigned NOT NULL DEFAULT '0',
  `spaceid` smallint(5) unsigned NOT NULL DEFAULT '0',
  `username` char(20) NOT NULL,
  `area` char(40) NOT NULL,
  `ip` char(15) NOT NULL,
  `referer` char(120) NOT NULL,
  `clicktime` int(10) unsigned NOT NULL DEFAULT '0',
  `type` tinyint(1) unsigned NOT NULL DEFAULT '1',
  PRIMARY KEY (`id`),
  KEY `pid` (`pid`,`type`,`ip`)
) ENGINE=MyISAM DEFAULT CHARSET=utf8 AUTO_INCREMENT=1 ;

-- --------------------------------------------------------

--
-- 表的结构 `v9_poster_201407`
--

CREATE TABLE IF NOT EXISTS `v9_poster_201407` (
  `id` int(10) unsigned NOT NULL AUTO_INCREMENT,
  `pid` smallint(5) unsigned NOT NULL DEFAULT '0',
  `siteid` smallint(5) unsigned NOT NULL DEFAULT '0',
  `spaceid` smallint(5) unsigned NOT NULL DEFAULT '0',
  `username` char(20) NOT NULL,
  `area` char(40) NOT NULL,
  `ip` char(15) NOT NULL,
  `referer` char(120) NOT NULL,
  `clicktime` int(10) unsigned NOT NULL DEFAULT '0',
  `type` tinyint(1) unsigned NOT NULL DEFAULT '1',
  PRIMARY KEY (`id`),
  KEY `pid` (`pid`,`type`,`ip`)
) ENGINE=MyISAM DEFAULT CHARSET=utf8 AUTO_INCREMENT=1 ;

-- --------------------------------------------------------

--
-- 表的结构 `v9_poster_space`
--

CREATE TABLE IF NOT EXISTS `v9_poster_space` (
  `spaceid` smallint(5) unsigned NOT NULL AUTO_INCREMENT,
  `siteid` smallint(5) unsigned NOT NULL DEFAULT '0',
  `name` char(50) NOT NULL,
  `type` char(30) NOT NULL,
  `path` char(40) NOT NULL,
  `width` smallint(4) unsigned NOT NULL DEFAULT '0',
  `height` smallint(4) unsigned NOT NULL DEFAULT '0',
  `setting` char(100) NOT NULL,
  `description` char(100) NOT NULL,
  `items` tinyint(3) unsigned NOT NULL DEFAULT '0',
  `disabled` tinyint(1) unsigned NOT NULL DEFAULT '0',
  PRIMARY KEY (`spaceid`),
  KEY `disabled` (`disabled`,`siteid`)
) ENGINE=MyISAM  DEFAULT CHARSET=utf8 AUTO_INCREMENT=11 ;

--
-- 转存表中的数据 `v9_poster_space`
--

INSERT INTO `v9_poster_space` (`spaceid`, `siteid`, `name`, `type`, `path`, `width`, `height`, `setting`, `description`, `items`, `disabled`) VALUES
(1, 1, '顶部搜索右侧广告位', 'banner', 'poster_js/1.js', 430, 63, 'array (\n  ''paddleft'' => '''',\n  ''paddtop'' => '''',\n)', '', 1, 0),
(2, 1, '会员登陆页广告', 'banner', 'poster_js/2.js', 310, 304, 'array (\n  ''paddleft'' => '''',\n  ''paddtop'' => '''',\n)', '会员登陆页广告右侧代替外部通行证广告', 1, 0),
(3, 1, '图片频道图片排行下方', 'banner', 'poster_js/3.js', 249, 87, 'array (\n  ''paddleft'' => '''',\n  ''paddtop'' => '''',\n)', '', 1, 0),
(4, 1, '新闻中心推荐链接左侧', 'banner', 'poster_js/4.js', 748, 91, 'array (\n  ''paddleft'' => '''',\n  ''paddtop'' => '''',\n)', '', 1, 0),
(5, 1, '下载列表页右侧顶部', 'banner', 'poster_js/5.js', 248, 162, 'array (\n  ''paddleft'' => '''',\n  ''paddtop'' => '''',\n)', '', 1, 0),
(6, 1, '下载详情页右侧顶部', 'banner', 'poster_js/6.js', 248, 162, 'array (\n  ''paddleft'' => '''',\n  ''paddtop'' => '''',\n)', '', 1, 0),
(7, 1, '下载详情页右侧下部', 'banner', 'poster_js/7.js', 248, 162, 'array (\n  ''paddleft'' => '''',\n  ''paddtop'' => '''',\n)', '', 1, 0),
(8, 1, '下载频道首页', 'banner', 'poster_js/8.js', 698, 80, 'array (\n  ''paddleft'' => '''',\n  ''paddtop'' => '''',\n)', '', 1, 0),
(9, 1, '下载详情页地址列表右侧', 'banner', 'poster_js/12.js', 330, 50, 'array (\n  ''paddleft'' => '''',\n  ''paddtop'' => '''',\n)', '', 1, 0),
(10, 1, '首页关注下方广告', 'banner', 'poster_js/10.js', 307, 60, 'array (\n  ''paddleft'' => '''',\n  ''paddtop'' => '''',\n)', '', 1, 0);

-- --------------------------------------------------------

--
-- 表的结构 `v9_queue`
--

CREATE TABLE IF NOT EXISTS `v9_queue` (
  `id` int(10) NOT NULL AUTO_INCREMENT,
  `type` char(5) DEFAULT NULL,
  `siteid` smallint(5) unsigned DEFAULT '0',
  `path` varchar(100) DEFAULT NULL,
  `status1` tinyint(1) DEFAULT '0',
  `status2` tinyint(1) DEFAULT '0',
  `status3` tinyint(1) DEFAULT '0',
  `status4` tinyint(1) DEFAULT '0',
  `times` int(10) unsigned DEFAULT '0',
  PRIMARY KEY (`id`),
  KEY `siteid` (`siteid`),
  KEY `times` (`times`)
) ENGINE=MyISAM DEFAULT CHARSET=utf8 AUTO_INCREMENT=1 ;

-- --------------------------------------------------------

--
-- 表的结构 `v9_release_point`
--

CREATE TABLE IF NOT EXISTS `v9_release_point` (
  `id` mediumint(8) NOT NULL AUTO_INCREMENT,
  `name` varchar(30) DEFAULT NULL,
  `host` varchar(100) DEFAULT NULL,
  `username` varchar(50) DEFAULT NULL,
  `password` varchar(50) DEFAULT NULL,
  `port` varchar(10) DEFAULT '21',
  `pasv` tinyint(1) DEFAULT '0',
  `ssl` tinyint(1) DEFAULT '0',
  `path` varchar(50) DEFAULT NULL,
  PRIMARY KEY (`id`)
) ENGINE=MyISAM DEFAULT CHARSET=utf8 AUTO_INCREMENT=1 ;

-- --------------------------------------------------------

--
-- 表的结构 `v9_search`
--

CREATE TABLE IF NOT EXISTS `v9_search` (
  `searchid` int(10) unsigned NOT NULL AUTO_INCREMENT,
  `typeid` smallint(5) unsigned NOT NULL DEFAULT '0',
  `id` mediumint(8) unsigned NOT NULL DEFAULT '0',
  `adddate` int(10) unsigned NOT NULL,
  `data` text NOT NULL,
  `siteid` smallint(5) unsigned NOT NULL DEFAULT '1',
  PRIMARY KEY (`searchid`),
  KEY `typeid` (`typeid`,`id`),
  KEY `siteid` (`siteid`),
  FULLTEXT KEY `data` (`data`)
) ENGINE=MyISAM  DEFAULT CHARSET=utf8 AUTO_INCREMENT=596 ;

--
-- 转存表中的数据 `v9_search`
--

INSERT INTO `v9_search` (`searchid`, `typeid`, `id`, `adddate`, `data`, `siteid`) VALUES
(9, 1, 2, 1386641655, '讲师 tret 讲师', 1),
(329, 0, 418, 0, 'sd sd ', 0),
(330, 0, 419, 0, '1397996989 (65).PNG  ', 0),
(509, 0, 599, 0, '11  选择', 0),
(508, 0, 598, 0, '11  选择', 0),
(307, 0, 396, 1401781896, 'sakai测试节目 sakai测试节目 节目 测试', 1),
(308, 0, 397, 1401787895, 'sakai测试节目2 节目 节目 测试', 1),
(309, 0, 398, 1401788064, 'adfasfd adfasfd ', 1),
(310, 0, 399, 1401788076, 'title dfasdfaf ', 1),
(311, 0, 400, 1401788143, 'afdasdfasf afdasdfasf ', 1),
(312, 0, 401, 1401789227, '6512652 6512652 ', 1),
(183, 0, 270, 1387614443, '小棕熊 01 小 棕熊  ', 1),
(301, 0, 390, 1400408487, '降央卓玛  乌苏里船歌 降央卓玛 ', 1),
(325, 0, 414, 0, '1397996989 (63).PNG  ', 0),
(326, 0, 415, 0, '1397996989 (63).PNG  ', 0),
(299, 0, 388, 1400408231, '降央卓玛 - 爱在天地间 降央卓玛 天地', 1),
(298, 0, 387, 1400408167, '降央卓玛 -- 卓玛 降央卓玛 -- 卓玛 ', 1),
(300, 0, 389, 1400408322, '降央卓玛 爱江山更爱美人 降央卓玛 美人', 1),
(328, 0, 417, 0, 'title asdf ', 0),
(319, 0, 408, 0, '1397996989 (55).PNG  ', 0),
(320, 0, 409, 0, '1397996989 (56).PNG  ', 0),
(321, 0, 410, 0, '1397996989 (57).PNG  ', 0),
(322, 0, 411, 0, '1397996989 (60).PNG  ', 0),
(323, 0, 412, 0, '1397996989 (61).PNG  ', 0),
(324, 0, 413, 0, '1397996989 (62).PNG  ', 0),
(477, 0, 567, 1403224790, '全髋关节置换手术 髋关节 手术 关节 三维 专家 医学 动画 外科', 1),
(478, 0, 568, 1403224913, '心脏搭桥手术 心脏 手术 心脏', 1),
(327, 0, 416, 0, '1397996989 (64).PNG  ', 0),
(331, 0, 420, 0, 'erw qwe ', 0),
(332, 0, 421, 0, '1397996989 (66).PNG  ', 0),
(333, 0, 422, 0, '1397996989 (67).PNG  ', 0),
(334, 0, 423, 0, 'dms (5).mp4  ', 0),
(335, 0, 424, 0, 'dms (6).mp4  ', 0),
(336, 0, 425, 0, 'dms (7).mp4  ', 0),
(337, 0, 426, 0, 'dms (8).mp4  ', 0),
(338, 0, 427, 0, '1323213  ', 0),
(339, 0, 428, 0, '1323213  ', 0),
(340, 0, 429, 0, '12313  ', 0),
(341, 0, 430, 0, 'sdf  ', 0),
(342, 0, 431, 0, 'qqqq  ', 0),
(343, 0, 432, 0, 'qqqq  ', 0),
(344, 0, 433, 0, 'qqqq  ', 0),
(345, 0, 434, 0, 'sdsdf  ', 0),
(346, 0, 435, 0, 'sdsdf  ', 0),
(347, 0, 436, 0, 'dfgdfg  ', 0),
(348, 0, 437, 0, 'asdfsadf  ', 0),
(349, 0, 438, 0, '112  ', 0),
(350, 0, 439, 0, '234  ', 0),
(351, 0, 440, 0, '112233  ', 0),
(352, 0, 441, 0, 'ss  ', 0),
(353, 0, 442, 0, '11  ', 0),
(354, 0, 443, 0, '22  ', 0),
(355, 0, 444, 0, '22  ', 0),
(356, 0, 445, 0, '11  ', 0),
(357, 0, 446, 0, '11  ', 0),
(358, 0, 447, 0, 'sakaitest  ', 0),
(359, 0, 448, 0, '11  ', 0),
(360, 0, 449, 0, '11  ', 0),
(361, 0, 450, 0, '11  ', 0),
(362, 0, 451, 0, '114  ', 0),
(363, 0, 452, 0, '114  ', 0),
(364, 0, 453, 0, '1111  ', 0),
(365, 0, 454, 0, '11  ', 0),
(366, 0, 455, 0, '11  ', 0),
(367, 0, 456, 0, '11  ', 0),
(368, 0, 457, 0, '11  ', 0),
(369, 0, 458, 0, '11  ', 0),
(370, 0, 459, 0, '11  ', 0),
(371, 0, 460, 0, '11  ', 0),
(372, 0, 461, 0, '11  ', 0),
(373, 0, 462, 0, '111  ', 0),
(374, 0, 463, 0, '11  ', 0),
(375, 0, 464, 0, '11  ', 0),
(376, 0, 465, 0, '22  ', 0),
(377, 0, 466, 0, '11  ', 0),
(378, 0, 467, 0, '11  ', 0),
(379, 0, 468, 0, '11  ', 0),
(380, 0, 469, 0, '11  ', 0),
(381, 0, 470, 0, '11  ', 0),
(382, 0, 471, 0, '11  ', 0),
(383, 0, 472, 0, '11  ', 0),
(384, 0, 473, 0, '11  ', 0),
(514, 59, 604, 0, 'asfas  ', 0),
(479, 0, 569, 1403224985, '宇宙第二大爆炸 宇宙 宇宙 第二 爆炸 关于 这是 专家', 1),
(387, 0, 476, 0, 'asdfasfd  ', 0),
(388, 0, 477, 0, 'asdfasfd  ', 0),
(389, 0, 478, 0, 'asdfasfd  ', 0),
(390, 0, 479, 0, '11  ', 0),
(490, 59, 580, 1403594666, '补全图形 图形 ', 1),
(506, 59, 596, 1403851322, 'testconvert testconvert ', 1),
(507, 0, 597, 0, '11  选择', 0),
(486, 0, 576, 1403258381, '人文素质与创新意识2 人文 素质 意识 素质 意识 人文 创新', 1),
(487, 0, 577, 1403259313, '李克强总理的经济公开课 李克强 总理 公开 经济 中华 人民 共和', 1),
(488, 59, 578, 1403585789, '洪恩幼儿英语第1册第5单元 洪恩 单元 幼儿 幼儿 英语 单元', 1),
(489, 59, 579, 1403592785, '测试 测试 ', 1),
(485, 0, 575, 1403246479, '“嫦娥三号”着陆全程精彩画面回顾 嫦娥 登月 回顾 精彩 画面 全程 国航', 1),
(423, 0, 512, 0, '11  选择', 0),
(424, 0, 513, 0, '11  选择', 0),
(425, 0, 514, 0, '11  选择', 0),
(426, 0, 515, 0, '11  选择', 0),
(427, 0, 516, 0, '11  选择', 0),
(428, 0, 517, 0, '11  选择', 0),
(476, 0, 566, 1403224554, '急生心肌梗死的介入治疗 手术 心肌梗死 手术 治疗 介入 现场 专家 视频 医学 专业', 1),
(446, 0, 535, 1403098455, '外星车 外星 ', 1),
(480, 0, 570, 1403225156, '恒星与星系的形成 星系 恒星 形成', 1),
(481, 0, 571, 0, '11  选择', 0),
(482, 0, 572, 0, '11  选择', 0),
(483, 0, 573, 0, '11  选择', 0),
(484, 0, 574, 1403246217, '“嫦娥三号”两器分离过程回放 登月 回放 过程 分离', 1),
(440, 0, 529, 1403086913, 'wildfile 动物 保护 这是 动物 志愿者', 1),
(441, 0, 530, 1403088008, '幼儿画报动画版7 幼儿画报 动画 动画 画报 幼儿', 1),
(444, 0, 533, 1403088631, '三只小鸟15 三只小鸟 ', 1),
(445, 0, 534, 1403088888, '儿歌大全之茉莉花 茉莉花 儿歌 大全 大全', 1),
(447, 0, 536, 0, '11  选择', 0),
(448, 0, 537, 0, '11  选择', 0),
(449, 0, 538, 0, '11  选择', 0),
(450, 0, 539, 0, '11  选择', 0),
(451, 0, 540, 0, '11  选择', 0),
(452, 0, 541, 0, '11  选择', 0),
(453, 0, 542, 0, '11  选择', 0),
(454, 0, 543, 0, '11  选择', 0),
(455, 0, 544, 0, '11  选择', 0),
(456, 0, 545, 0, '野生动物一个  人员 内容 一个', 0),
(457, 0, 546, 0, '野生动物  内容', 0),
(458, 0, 547, 0, '11  选择', 0),
(510, 0, 600, 0, '11  选择', 0),
(511, 0, 601, 0, 'asdfasf  ', 0),
(512, 59, 602, 0, 'asdsfda  ', 0),
(513, 59, 603, 1403855192, '627 asdfasdf ', 1),
(464, 0, 553, 0, '11  选择', 0),
(501, 0, 591, 0, '11  选择', 0),
(515, 59, 605, 0, 'asfas  ', 0),
(500, 59, 590, 1403595066, '干冰-2 干冰 ', 1),
(469, 0, 558, 1403182951, '歌声与微笑 歌声 微笑 优质 出版 儿童 动画片 喜爱 一个 动画', 1),
(470, 0, 559, 1403183196, '动画片 动画 动画片 这是 影像 动画 研究 知名 专家', 1),
(471, 0, 560, 1403183272, '野生动物 野生动物 ', 1),
(472, 0, 561, 1403183532, '朵拉背包-16 背包 聪明 智慧 勇敢 形象 一个 塑造 喜爱 动画片', 1),
(473, 0, 562, 1403184069, '野生动物 野生动物 专家', 1),
(474, 0, 563, 1403184265, '嘟嘟熊画报-快乐的一天 画报 画报 快乐', 1),
(475, 0, 565, 1403189138, '野生动物样片 野生 动物 保护 人们 号召 资源 这是 我们 家园 地球 美好 建设 动物 一直 志愿者 积极 野生 工作 珍惜', 1),
(502, 0, 592, 0, '11  选择', 0),
(503, 0, 593, 0, '11  选择', 0),
(504, 0, 594, 0, '11  选择', 0),
(505, 59, 595, 1403839357, '01卡文迪什扭秤实验 扭秤 实验', 1),
(516, 59, 606, 0, 'asfas  ', 0),
(517, 59, 607, 0, 'asfas  ', 0),
(518, 59, 608, 0, 'asfas  ', 0),
(519, 59, 609, 0, 'asfas  ', 0),
(520, 59, 610, 0, 'asfas  ', 0),
(521, 59, 611, 0, '11  ', 0),
(522, 59, 612, 0, '11  ', 0),
(523, 0, 613, 0, '11  选择', 0),
(524, 0, 614, 0, '11  选择', 0),
(525, 0, 615, 0, '11  选择', 0),
(526, 59, 616, 0, '111  ', 0),
(527, 59, 617, 0, '11  ', 0),
(528, 0, 618, 0, '11  选择', 0),
(529, 0, 619, 0, '11  选择', 0),
(530, 59, 620, 0, '11  ', 0),
(531, 0, 621, 0, '11  选择', 0),
(532, 0, 622, 0, '11  选择', 0),
(533, 59, 623, 0, '11  ', 0),
(534, 0, 624, 0, '11  选择', 0),
(535, 0, 625, 0, '11  选择', 0),
(536, 0, 626, 0, '11  选择', 0),
(537, 0, 627, 0, '11  选择', 0),
(538, 0, 628, 0, '11  选择', 0),
(539, 0, 629, 0, '11  选择', 0),
(540, 59, 630, 0, '11  ', 0),
(541, 0, 631, 0, '11  幼儿园 花花', 0),
(542, 59, 632, 0, '11  ', 0),
(543, 0, 633, 0, '11  选择', 0),
(544, 0, 634, 0, '11  中学 第一', 0),
(545, 0, 635, 0, '111  ', 0),
(546, 0, 636, 0, '11  幼儿园 花花', 0),
(547, 59, 637, 0, '11  ', 0),
(548, 59, 638, 0, '11  ', 0),
(549, 59, 639, 0, '11  ', 0),
(550, 59, 640, 0, '11  ', 0),
(551, 59, 641, 0, '11  ', 0),
(552, 59, 642, 0, '11  ', 0),
(553, 59, 643, 0, '11  ', 0),
(554, 59, 644, 0, '11  ', 0),
(555, 0, 645, 0, '11  选择', 0),
(556, 0, 646, 0, '11  中学 第一', 0),
(557, 0, 647, 0, '11  选择', 0),
(558, 0, 648, 0, '11  选择', 0),
(559, 59, 649, 0, 'h  ', 1),
(560, 59, 650, 0, '3  ', 1),
(561, 59, 651, 0, '2  ', 1),
(562, 59, 652, 0, 'chenmingyu  ', 1),
(563, 59, 653, 0, 'gaoyiwuli  ', 1),
(564, 0, 655, 0, '11  选择', 0),
(565, 0, 656, 0, '11  选择', 0),
(566, 0, 657, 0, '11  幼儿园 花花', 0),
(567, 0, 658, 0, '11  幼儿园 花花', 0),
(568, 0, 659, 0, '11  ', 0),
(569, 59, 660, 0, '11  ', 0),
(570, 59, 661, 1404278381, '微视频资源1 资源 视频 视频 资源 老师 最好', 1),
(571, 59, 662, 1404278440, '微视频资源2 资源 视频 视频 资源 老师', 1),
(572, 59, 663, 1404279203, '微视频资源 资源 视频 视频 资源 宋体', 1),
(573, 59, 664, 1404279217, '微视频资源  资源 视频 视频 资源 宋体', 1),
(574, 59, 665, 1404279226, '微视频资源  资源 视频 视频 资源 宋体', 1),
(575, 59, 666, 1404279235, '微视频资源  资源 视频 视频 资源 宋体', 1),
(576, 59, 667, 1404279244, '微视频资源  资源 视频 视频 资源 宋体', 1),
(577, 59, 668, 1404279254, '微视频资源  资源 视频 视频 资源 宋体', 1),
(578, 59, 669, 1404279263, '微视频资源  资源 视频 视频 资源 宋体', 1),
(579, 59, 670, 1404279272, '微视频资源  资源 视频 视频 资源 宋体', 1),
(580, 59, 671, 1404279282, '微视频资源  资源 视频 视频 资源 宋体', 1),
(581, 59, 672, 1404279291, '微视频资源  资源 视频 视频 资源 宋体', 1),
(582, 59, 673, 1404279295, '微视频资源  资源 视频 视频 资源 宋体', 1),
(583, 59, 674, 1404279299, '微视频资源  资源 视频 视频 资源 宋体', 1),
(584, 59, 675, 1404279303, '微视频资源  资源 视频 视频 资源 宋体', 1),
(585, 59, 676, 1404279307, '微视频资源  资源 视频 视频 资源 宋体', 1),
(586, 59, 677, 1404279310, '微视频资源  资源 视频 视频 资源 宋体', 1),
(587, 59, 678, 1404279315, '微视频资源  资源 视频 视频 资源 宋体', 1),
(588, 59, 679, 1404279318, '微视频资源  资源 视频 视频 资源 宋体', 1),
(589, 59, 680, 1404279343, '微视频资源  资源 视频 视频 资源 宋体', 1),
(590, 59, 681, 1404279347, '微视频资源  资源 视频 视频 资源 宋体', 1),
(591, 59, 682, 1404279351, '微视频资源  资源 视频 视频 资源 宋体', 1),
(592, 59, 683, 1404279355, '微视频资源  资源 视频 视频 资源 宋体', 1),
(593, 59, 684, 1404294972, '翻转后视频 视频 视频', 1),
(594, 59, 685, 1404294987, '翻转后视频 视频 视频', 1),
(595, 59, 686, 1404294996, '翻转后视频3 视频 视频', 1);

-- --------------------------------------------------------

--
-- 表的结构 `v9_search_keyword`
--

CREATE TABLE IF NOT EXISTS `v9_search_keyword` (
  `keyword` char(20) NOT NULL,
  `pinyin` char(20) NOT NULL,
  `searchnums` int(10) unsigned NOT NULL,
  `data` char(20) NOT NULL,
  UNIQUE KEY `keyword` (`keyword`),
  UNIQUE KEY `pinyin` (`pinyin`),
  FULLTEXT KEY `data` (`data`)
) ENGINE=MyISAM DEFAULT CHARSET=utf8;

-- --------------------------------------------------------

--
-- 表的结构 `v9_session`
--

CREATE TABLE IF NOT EXISTS `v9_session` (
  `sessionid` char(32) NOT NULL,
  `userid` mediumint(8) unsigned NOT NULL DEFAULT '0',
  `ip` char(15) NOT NULL,
  `lastvisit` int(10) unsigned NOT NULL DEFAULT '0',
  `roleid` tinyint(3) unsigned DEFAULT '0',
  `groupid` tinyint(3) unsigned NOT NULL DEFAULT '0',
  `m` char(20) NOT NULL,
  `c` char(20) NOT NULL,
  `a` char(20) NOT NULL,
  `data` char(255) NOT NULL,
  PRIMARY KEY (`sessionid`),
  KEY `lastvisit` (`lastvisit`)
) ENGINE=MEMORY DEFAULT CHARSET=utf8;

--
-- 转存表中的数据 `v9_session`
--

INSERT INTO `v9_session` (`sessionid`, `userid`, `ip`, `lastvisit`, `roleid`, `groupid`, `m`, `c`, `a`, `data`) VALUES
('0hvdqfp9ukq2vv2q1tainacpm4', 5, '', 1404295288, 1, 0, 'admin', 'index', 'public_session_life', 'code|s:4:"y2da";userid|s:1:"5";roleid|s:1:"1";pc_hash|s:6:"NxsvRu";lock_screen|i:0;');

-- --------------------------------------------------------

--
-- 表的结构 `v9_site`
--

CREATE TABLE IF NOT EXISTS `v9_site` (
  `siteid` smallint(5) unsigned NOT NULL AUTO_INCREMENT,
  `name` char(30) DEFAULT '',
  `dirname` char(255) DEFAULT '',
  `domain` char(255) DEFAULT '',
  `site_title` char(255) DEFAULT '',
  `keywords` char(255) DEFAULT '',
  `description` char(255) DEFAULT '',
  `release_point` text,
  `default_style` char(50) DEFAULT NULL,
  `template` text,
  `setting` mediumtext,
  `uuid` char(40) DEFAULT '',
  PRIMARY KEY (`siteid`)
) ENGINE=MyISAM  DEFAULT CHARSET=utf8 AUTO_INCREMENT=2 ;

--
-- 转存表中的数据 `v9_site`
--

INSERT INTO `v9_site` (`siteid`, `name`, `dirname`, `domain`, `site_title`, `keywords`, `description`, `release_point`, `default_style`, `template`, `setting`, `uuid`) VALUES
(1, '默认站点', '', 'http://localhost/bordon/', '医学资源站点', '医学多媒体', '医学多媒体资源网站', '', 'mooc', 'mooc', 'array (\n  ''upload_maxsize'' => ''204800'',\n  ''upload_allowext'' => ''jpg|jpeg|gif|bmp|png|doc|docx|xls|xlsx|ppt|pptx|pdf|txt|rar|zip|swf|mp3|aac|wav'',\n  ''watermark_enable'' => ''0'',\n  ''watermark_minwidth'' => ''300'',\n  ''watermark_minheight'' => ''300'',\n  ''watermark_img'' => ''statics/images/water//mark.png'',\n  ''watermark_pct'' => ''85'',\n  ''watermark_quality'' => ''80'',\n  ''watermark_pos'' => ''9'',\n)', '8261f520-aa47-1031-97af-ab0e46332e4e');

-- --------------------------------------------------------

--
-- 表的结构 `v9_special`
--

CREATE TABLE IF NOT EXISTS `v9_special` (
  `id` smallint(5) unsigned NOT NULL AUTO_INCREMENT,
  `siteid` smallint(5) unsigned NOT NULL DEFAULT '0',
  `aid` int(10) unsigned NOT NULL DEFAULT '0',
  `title` char(60) NOT NULL,
  `typeids` char(100) NOT NULL,
  `thumb` char(100) NOT NULL,
  `banner` char(100) NOT NULL,
  `description` char(255) NOT NULL,
  `url` char(100) NOT NULL,
  `ishtml` tinyint(1) unsigned NOT NULL DEFAULT '0',
  `ispage` tinyint(1) unsigned NOT NULL,
  `filename` char(40) NOT NULL,
  `pics` char(100) NOT NULL,
  `voteid` char(60) NOT NULL,
  `style` char(20) NOT NULL,
  `index_template` char(40) NOT NULL,
  `list_template` char(40) NOT NULL,
  `show_template` char(60) NOT NULL,
  `css` text NOT NULL,
  `username` char(40) NOT NULL,
  `userid` mediumint(8) unsigned NOT NULL DEFAULT '0',
  `createtime` int(10) unsigned NOT NULL DEFAULT '0',
  `listorder` smallint(5) unsigned NOT NULL,
  `elite` tinyint(1) unsigned NOT NULL DEFAULT '0',
  `disabled` tinyint(1) unsigned NOT NULL DEFAULT '0',
  `isvideo` tinyint(1) unsigned NOT NULL DEFAULT '0',
  PRIMARY KEY (`id`),
  KEY `disabled` (`disabled`,`siteid`)
) ENGINE=MyISAM  DEFAULT CHARSET=utf8 AUTO_INCREMENT=3 ;

--
-- 转存表中的数据 `v9_special`
--

INSERT INTO `v9_special` (`id`, `siteid`, `aid`, `title`, `typeids`, `thumb`, `banner`, `description`, `url`, `ishtml`, `ispage`, `filename`, `pics`, `voteid`, `style`, `index_template`, `list_template`, `show_template`, `css`, `username`, `userid`, `createtime`, `listorder`, `elite`, `disabled`, `isvideo`) VALUES
(1, 1, 0, '人性的哲学与科学', '', 'bordon.xicp.net:9999/phpcms/uploadfile/2013/1210/20131210012519999.jpg', 'bordon.xicp.net:9999/phpcms/uploadfile/2013/1210/20131210012519999.jpg', '耶鲁大学公开课-人性的哲学与科学', 'bordon.xicp.net:9999/phpcms/html/special/yeludaxue/', 1, 0, 'yeludaxue', '', '', 'sina', 'index', 'list', 'show', '', 'phpcms', 1, 1387275570, 0, 0, 0, 0),
(2, 1, 0, '儿歌', '', 'http://bordon.xicp.net/:9999/phpcms/uploadfile/2013/1211/20131211073110382.jpg', 'http://bordon.xicp.net/:9999/phpcms/uploadfile/2013/1211/20131211073110382.jpg', '儿歌', 'http://bordon.xicp.net/:9999/phpcms/html/special/erge/', 1, 0, 'erge', '', '', 'sina', 'index_video', 'list_video', 'show', '', 'phpcms', 1, 1387380288, 0, 1, 0, 0);

-- --------------------------------------------------------

--
-- 表的结构 `v9_special_content`
--

CREATE TABLE IF NOT EXISTS `v9_special_content` (
  `id` mediumint(8) unsigned NOT NULL AUTO_INCREMENT,
  `specialid` smallint(5) unsigned NOT NULL DEFAULT '0',
  `title` char(80) NOT NULL,
  `style` char(24) NOT NULL,
  `typeid` smallint(5) unsigned NOT NULL DEFAULT '0',
  `thumb` char(100) NOT NULL,
  `keywords` char(40) NOT NULL,
  `description` char(255) NOT NULL,
  `url` char(100) NOT NULL,
  `curl` char(15) NOT NULL,
  `listorder` mediumint(8) unsigned NOT NULL DEFAULT '0',
  `userid` mediumint(8) unsigned NOT NULL DEFAULT '0',
  `username` char(20) NOT NULL,
  `inputtime` int(10) unsigned NOT NULL DEFAULT '0',
  `updatetime` int(10) unsigned NOT NULL DEFAULT '0',
  `searchid` mediumint(8) unsigned NOT NULL DEFAULT '0',
  `islink` tinyint(1) unsigned NOT NULL DEFAULT '0',
  `isdata` tinyint(1) unsigned NOT NULL DEFAULT '0',
  `videoid` int(10) unsigned NOT NULL DEFAULT '0',
  PRIMARY KEY (`id`),
  KEY `specialid` (`specialid`,`typeid`,`isdata`),
  KEY `typeid` (`typeid`,`isdata`)
) ENGINE=MyISAM  DEFAULT CHARSET=utf8 AUTO_INCREMENT=6 ;

--
-- 转存表中的数据 `v9_special_content`
--

INSERT INTO `v9_special_content` (`id`, `specialid`, `title`, `style`, `typeid`, `thumb`, `keywords`, `description`, `url`, `curl`, `listorder`, `userid`, `username`, `inputtime`, `updatetime`, `searchid`, `islink`, `isdata`, `videoid`) VALUES
(5, 1, 'AVSEQ09', '', 53, 'uploadfile/thumb/52b30df1541b3.jpg', '', '好习惯故事    09', 'http://bordon.xicp.net/:9999/phpcms/index.php?m=content&c=index&a=show&catid=21&id=243', '244|22', 0, 0, 'phpcms', 1387466235, 1387466225, 0, 1, 0, 0);

-- --------------------------------------------------------

--
-- 表的结构 `v9_special_c_data`
--

CREATE TABLE IF NOT EXISTS `v9_special_c_data` (
  `id` mediumint(8) unsigned NOT NULL DEFAULT '0',
  `author` varchar(40) NOT NULL,
  `content` text NOT NULL,
  `paginationtype` tinyint(1) unsigned NOT NULL DEFAULT '0',
  `maxcharperpage` mediumint(6) unsigned NOT NULL DEFAULT '0',
  `style` char(20) NOT NULL,
  `show_template` varchar(30) NOT NULL,
  UNIQUE KEY `id` (`id`)
) ENGINE=MyISAM DEFAULT CHARSET=utf8;

-- --------------------------------------------------------

--
-- 表的结构 `v9_sphinx_counter`
--

CREATE TABLE IF NOT EXISTS `v9_sphinx_counter` (
  `counter_id` int(11) unsigned NOT NULL,
  `max_doc_id` int(11) unsigned NOT NULL,
  PRIMARY KEY (`counter_id`)
) ENGINE=MyISAM DEFAULT CHARSET=utf8;

-- --------------------------------------------------------

--
-- 表的结构 `v9_sso_admin`
--

CREATE TABLE IF NOT EXISTS `v9_sso_admin` (
  `id` smallint(6) NOT NULL AUTO_INCREMENT,
  `username` char(20) NOT NULL,
  `password` char(32) NOT NULL,
  `encrypt` char(6) DEFAULT NULL,
  `issuper` tinyint(1) DEFAULT '0',
  `lastlogin` int(10) DEFAULT NULL,
  `ip` char(15) DEFAULT NULL,
  PRIMARY KEY (`id`),
  UNIQUE KEY `username` (`username`)
) ENGINE=MyISAM  DEFAULT CHARSET=utf8 AUTO_INCREMENT=4 ;

--
-- 转存表中的数据 `v9_sso_admin`
--

INSERT INTO `v9_sso_admin` (`id`, `username`, `password`, `encrypt`, `issuper`, `lastlogin`, `ip`) VALUES
(1, 'phpcms', '58f0af6d28ad2680ec534c123d7989f7', 'BLu7N7', 1, 1387537812, '58.254.4.81'),
(2, 'testtest', 'f41fdeaf3ffb8d395efa34e8680cd53c', '178670', 1, NULL, NULL),
(3, 'doraprince', '90cda6a89a1e11a7b7d64bb8d54c705e', 'b66be9', 1, NULL, NULL);

-- --------------------------------------------------------

--
-- 表的结构 `v9_sso_applications`
--

CREATE TABLE IF NOT EXISTS `v9_sso_applications` (
  `appid` smallint(6) unsigned NOT NULL AUTO_INCREMENT,
  `type` char(16) NOT NULL DEFAULT '',
  `name` char(20) NOT NULL DEFAULT '',
  `url` char(255) NOT NULL DEFAULT '',
  `authkey` char(255) NOT NULL DEFAULT '',
  `ip` char(15) NOT NULL DEFAULT '',
  `apifilename` char(30) NOT NULL DEFAULT 'phpsso.php',
  `charset` char(8) NOT NULL DEFAULT '',
  `synlogin` tinyint(1) NOT NULL DEFAULT '0',
  PRIMARY KEY (`appid`),
  KEY `synlogin` (`synlogin`)
) ENGINE=MyISAM  DEFAULT CHARSET=utf8 AUTO_INCREMENT=2 ;

--
-- 转存表中的数据 `v9_sso_applications`
--

INSERT INTO `v9_sso_applications` (`appid`, `type`, `name`, `url`, `authkey`, `ip`, `apifilename`, `charset`, `synlogin`) VALUES
(1, 'phpcms_v9', 'phpcms v9', 'http://localhost/phpcms/', '6tcw16zxic1iwddakpjcwttivoz4ge2i', '', 'api.php?op=phpsso', 'utf8', 1);

-- --------------------------------------------------------

--
-- 表的结构 `v9_sso_members`
--

CREATE TABLE IF NOT EXISTS `v9_sso_members` (
  `uid` int(10) unsigned NOT NULL AUTO_INCREMENT,
  `username` char(20) NOT NULL DEFAULT '',
  `password` char(32) NOT NULL DEFAULT '',
  `random` char(8) NOT NULL DEFAULT '',
  `email` char(32) NOT NULL DEFAULT '',
  `regip` char(15) NOT NULL DEFAULT '',
  `regdate` int(10) unsigned NOT NULL DEFAULT '0',
  `lastip` char(15) NOT NULL DEFAULT '0',
  `lastdate` int(10) unsigned NOT NULL DEFAULT '0',
  `appname` char(15) NOT NULL,
  `type` enum('app','connect') DEFAULT NULL,
  `avatar` tinyint(1) NOT NULL DEFAULT '0',
  `ucuserid` mediumint(8) unsigned DEFAULT '0',
  PRIMARY KEY (`uid`),
  UNIQUE KEY `username` (`username`),
  KEY `email` (`email`),
  KEY `ucuserid` (`ucuserid`)
) ENGINE=MyISAM  DEFAULT CHARSET=utf8 AUTO_INCREMENT=9 ;

--
-- 转存表中的数据 `v9_sso_members`
--

INSERT INTO `v9_sso_members` (`uid`, `username`, `password`, `random`, `email`, `regip`, `regdate`, `lastip`, `lastdate`, `appname`, `type`, `avatar`, `ucuserid`) VALUES
(1, 'doraprince', '7cdf4a3cb556b83b624126460f649c82', 'MgetfI', 'doraprince@sina.com', '127.0.0.1', 1386848605, 'http://bordon.x', 1387627930, 'phpcms v9', 'app', 0, 0),
(2, 'user1', '080d4ece6b55606e00689a7ac0f6116f', 'DV691L', 'user1@qq.com', 'http://bordon.x', 1387466715, '114.246.83.184', 1389632829, 'phpcms v9', 'app', 0, 0),
(8, '王五', 'f408389a23706e4743ff263c5695a453', 'ed5xyV', 'wangwu@qq.com', '111.197.232.223', 1400737783, '0', 1400737783, 'phpcms v9', 'app', 0, 0),
(6, '张三', 'd003664090bc6b9b8051a0668ff249ea', '2K5uHz', 'zhangsan@qq.com', '111.197.232.223', 1400737079, '0', 1400737079, 'phpcms v9', 'app', 0, 0);

-- --------------------------------------------------------

--
-- 表的结构 `v9_sso_messagequeue`
--

CREATE TABLE IF NOT EXISTS `v9_sso_messagequeue` (
  `id` int(10) unsigned NOT NULL AUTO_INCREMENT,
  `operation` char(32) NOT NULL,
  `succeed` tinyint(1) NOT NULL DEFAULT '0',
  `totalnum` smallint(6) unsigned NOT NULL DEFAULT '0',
  `noticedata` mediumtext NOT NULL,
  `dateline` int(10) unsigned NOT NULL DEFAULT '0',
  `appstatus` mediumtext,
  PRIMARY KEY (`id`),
  KEY `dateline` (`dateline`),
  KEY `succeed` (`succeed`,`id`)
) ENGINE=MyISAM  DEFAULT CHARSET=utf8 AUTO_INCREMENT=12 ;

--
-- 转存表中的数据 `v9_sso_messagequeue`
--

INSERT INTO `v9_sso_messagequeue` (`id`, `operation`, `succeed`, `totalnum`, `noticedata`, `dateline`, `appstatus`) VALUES
(1, 'member_add', 0, 1, 'array (\n  ''username'' => ''doraprince'',\n  ''password'' => ''7cdf4a3cb556b83b624126460f649c82'',\n  ''email'' => ''doraprince@sina.com'',\n  ''regip'' => ''127.0.0.1'',\n  ''regdate'' => ''1386848605'',\n  ''lastdate'' => ''1386848605'',\n  ''appname'' => ''phpcms v9'',\n  ''type'' => ''app'',\n  ''random'' => ''MgetfI'',\n  ''ucuserid'' => ''0'',\n  ''uid'' => ''1'',\n  ''action'' => ''member_add'',\n)', 1386848605, '{"1":1}'),
(2, 'member_add', 0, 1, 'array (\n  ''username'' => ''user1'',\n  ''password'' => ''080d4ece6b55606e00689a7ac0f6116f'',\n  ''email'' => ''user1@qq.com'',\n  ''regip'' => ''bordon.xicp.net/'',\n  ''regdate'' => ''1387466715'',\n  ''lastdate'' => ''1387466715'',\n  ''appname'' => ''phpcms v9'',\n  ''type'' => ''app'',\n  ''random'' => ''DV691L'',\n  ''ucuserid'' => ''0'',\n  ''uid'' => ''2'',\n  ''action'' => ''member_add'',\n)', 1387466715, '{"1":1}'),
(3, 'member_add', 0, 1, 'array (\n  ''username'' => ''aaa'',\n  ''password'' => ''c8878045e18b2324cf541c8fe58b830d'',\n  ''email'' => ''aaa@sina.com'',\n  ''regip'' => ''bordon.xicp.net/'',\n  ''regdate'' => ''1387548431'',\n  ''lastdate'' => ''1387548431'',\n  ''appname'' => ''phpcms v9'',\n  ''type'' => ''app'',\n  ''random'' => ''NrJBI6'',\n  ''ucuserid'' => ''0'',\n  ''uid'' => ''3'',\n  ''action'' => ''member_add'',\n)', 1387548431, '{"1":1}'),
(4, 'member_add', 0, 1, 'array (\n  ''username'' => ''asdfasdf'',\n  ''password'' => ''af3584b69f61abd81be8196f4d22f571'',\n  ''email'' => ''asdfadsf@sina.com'',\n  ''regip'' => ''58.254.4.81'',\n  ''regdate'' => ''1387555609'',\n  ''lastdate'' => ''1387555609'',\n  ''appname'' => ''phpcms v9'',\n  ''type'' => ''app'',\n  ''random'' => ''fWgixp'',\n  ''ucuserid'' => ''0'',\n  ''uid'' => ''4'',\n  ''action'' => ''member_add'',\n)', 1387555609, '{"1":1}'),
(5, 'member_edit', 0, 1, 'array (\n  ''appname'' => ''phpcms v9'',\n  ''uid'' => ''2'',\n  ''action'' => ''member_edit'',\n)', 1387591610, '{"1":1}'),
(6, 'member_add', 0, 1, 'array (\n  ''username'' => ''111111'',\n  ''password'' => ''99f9a27aec26b51bb4baa117e6941ac0'',\n  ''email'' => ''111111@qq.com'',\n  ''regip'' => ''114.246.68.253'',\n  ''regdate'' => ''1395684474'',\n  ''lastdate'' => ''1395684474'',\n  ''appname'' => ''phpcms v9'',\n  ''type'' => ''app'',\n  ''random'' => ''qYFqCd'',\n  ''ucuserid'' => ''0'',\n  ''uid'' => ''5'',\n  ''action'' => ''member_add'',\n)', 1395684474, '{"1":1}'),
(7, 'member_delete', 0, 1, 'array (\n  ''uids'' => \n  array (\n    0 => ''3'',\n    1 => ''4'',\n    2 => ''5'',\n  ),\n  ''action'' => ''member_delete'',\n)', 1400736956, '{"1":0}'),
(8, 'member_add', 0, 1, 'array (\n  ''username'' => ''张三'',\n  ''password'' => ''d003664090bc6b9b8051a0668ff249ea'',\n  ''email'' => ''zhangsan@qq.com'',\n  ''regip'' => ''111.197.232.223'',\n  ''regdate'' => ''1400737079'',\n  ''lastdate'' => ''1400737079'',\n  ''appname'' => ''phpcms v9'',\n  ''type'' => ''app'',\n  ''random'' => ''2K5uHz'',\n  ''ucuserid'' => ''0'',\n  ''uid'' => ''6'',\n  ''action'' => ''member_add'',\n)', 1400737079, '{"1":1}'),
(9, 'member_add', 0, 1, 'array (\n  ''username'' => ''王五'',\n  ''password'' => ''b05725e7436cf7ff717306971add12cc'',\n  ''email'' => ''wangwu@qq.com'',\n  ''regip'' => ''111.197.232.223'',\n  ''regdate'' => ''1400737334'',\n  ''lastdate'' => ''1400737334'',\n  ''appname'' => ''phpcms v9'',\n  ''type'' => ''app'',\n  ''random'' => ''wqfceP'',\n  ''ucuserid'' => ''0'',\n  ''uid'' => ''7'',\n  ''action'' => ''member_add'',\n)', 1400737334, '{"1":1}'),
(10, 'member_delete', 0, 1, 'array (\n  ''uids'' => \n  array (\n    0 => ''7'',\n  ),\n  ''action'' => ''member_delete'',\n)', 1400737422, '{"1":0}'),
(11, 'member_add', 0, 1, 'array (\n  ''username'' => ''王五'',\n  ''password'' => ''f408389a23706e4743ff263c5695a453'',\n  ''email'' => ''wangwu@qq.com'',\n  ''regip'' => ''111.197.232.223'',\n  ''regdate'' => ''1400737783'',\n  ''lastdate'' => ''1400737783'',\n  ''appname'' => ''phpcms v9'',\n  ''type'' => ''app'',\n  ''random'' => ''ed5xyV'',\n  ''ucuserid'' => ''0'',\n  ''uid'' => ''8'',\n  ''action'' => ''member_add'',\n)', 1400737783, '{"1":1}');

-- --------------------------------------------------------

--
-- 表的结构 `v9_sso_session`
--

CREATE TABLE IF NOT EXISTS `v9_sso_session` (
  `sessionid` char(32) NOT NULL,
  `userid` mediumint(8) unsigned NOT NULL DEFAULT '0',
  `ip` char(15) NOT NULL,
  `lastvisit` int(10) unsigned NOT NULL DEFAULT '0',
  `roleid` tinyint(3) unsigned DEFAULT '0',
  `groupid` tinyint(3) unsigned NOT NULL DEFAULT '0',
  `m` char(20) NOT NULL,
  `c` char(20) NOT NULL,
  `a` char(20) NOT NULL,
  `data` char(255) NOT NULL,
  PRIMARY KEY (`sessionid`),
  KEY `lastvisit` (`lastvisit`)
) ENGINE=MEMORY DEFAULT CHARSET=utf8;

-- --------------------------------------------------------

--
-- 表的结构 `v9_sso_settings`
--

CREATE TABLE IF NOT EXISTS `v9_sso_settings` (
  `name` varchar(32) NOT NULL DEFAULT '',
  `data` text NOT NULL,
  PRIMARY KEY (`name`)
) ENGINE=MyISAM DEFAULT CHARSET=utf8;

--
-- 转存表中的数据 `v9_sso_settings`
--

INSERT INTO `v9_sso_settings` (`name`, `data`) VALUES
('denyemail', ''),
('denyusername', ''),
('creditrate', ''),
('sp4', ''),
('ucenter', '');

-- --------------------------------------------------------

--
-- 表的结构 `v9_tag`
--

CREATE TABLE IF NOT EXISTS `v9_tag` (
  `id` mediumint(8) unsigned NOT NULL AUTO_INCREMENT,
  `siteid` smallint(5) unsigned NOT NULL DEFAULT '0',
  `tag` text NOT NULL,
  `name` char(40) NOT NULL,
  `type` tinyint(1) unsigned NOT NULL DEFAULT '0',
  `module` char(20) NOT NULL,
  `action` char(20) NOT NULL,
  `data` text NOT NULL,
  `page` char(15) NOT NULL,
  `return` char(20) NOT NULL,
  `cache` mediumint(8) unsigned NOT NULL DEFAULT '0',
  `num` smallint(5) unsigned NOT NULL DEFAULT '0',
  PRIMARY KEY (`id`)
) ENGINE=MyISAM DEFAULT CHARSET=utf8 AUTO_INCREMENT=1 ;

-- --------------------------------------------------------

--
-- 表的结构 `v9_template_bak`
--

CREATE TABLE IF NOT EXISTS `v9_template_bak` (
  `id` int(10) NOT NULL AUTO_INCREMENT,
  `creat_at` int(10) unsigned DEFAULT '0',
  `fileid` char(50) DEFAULT NULL,
  `userid` mediumint(8) DEFAULT NULL,
  `username` char(20) DEFAULT NULL,
  `template` text,
  PRIMARY KEY (`id`),
  KEY `fileid` (`fileid`)
) ENGINE=MyISAM DEFAULT CHARSET=utf8 AUTO_INCREMENT=1 ;

-- --------------------------------------------------------

--
-- 表的结构 `v9_test`
--

CREATE TABLE IF NOT EXISTS `v9_test` (
  `id` mediumint(8) unsigned NOT NULL AUTO_INCREMENT,
  `catid` smallint(5) unsigned NOT NULL DEFAULT '0',
  `typeid` smallint(5) unsigned NOT NULL,
  `title` char(80) NOT NULL DEFAULT '',
  `style` char(24) NOT NULL DEFAULT '',
  `thumb` char(100) NOT NULL DEFAULT '',
  `keywords` char(40) NOT NULL DEFAULT '',
  `description` char(255) NOT NULL DEFAULT '',
  `posids` tinyint(1) unsigned NOT NULL DEFAULT '0',
  `url` char(100) NOT NULL,
  `listorder` tinyint(3) unsigned NOT NULL DEFAULT '0',
  `status` tinyint(2) unsigned NOT NULL DEFAULT '1',
  `sysadd` tinyint(1) unsigned NOT NULL DEFAULT '0',
  `islink` tinyint(1) unsigned NOT NULL DEFAULT '0',
  `username` char(20) NOT NULL,
  `inputtime` int(10) unsigned NOT NULL DEFAULT '0',
  `updatetime` int(10) unsigned NOT NULL DEFAULT '0',
  PRIMARY KEY (`id`),
  KEY `status` (`status`,`listorder`,`id`),
  KEY `listorder` (`catid`,`status`,`listorder`,`id`),
  KEY `catid` (`catid`,`status`,`id`)
) ENGINE=MyISAM DEFAULT CHARSET=utf8 AUTO_INCREMENT=1 ;

-- --------------------------------------------------------

--
-- 表的结构 `v9_test_data`
--

CREATE TABLE IF NOT EXISTS `v9_test_data` (
  `id` mediumint(8) unsigned DEFAULT '0',
  `content` text NOT NULL,
  `readpoint` smallint(5) unsigned NOT NULL DEFAULT '0',
  `groupids_view` varchar(100) NOT NULL,
  `paginationtype` tinyint(1) NOT NULL,
  `maxcharperpage` mediumint(6) NOT NULL,
  `template` varchar(30) NOT NULL,
  `paytype` tinyint(1) unsigned NOT NULL DEFAULT '0',
  `allow_comment` tinyint(1) unsigned NOT NULL DEFAULT '1',
  `relation` varchar(255) NOT NULL DEFAULT '',
  `local_video` varchar(255) NOT NULL DEFAULT '',
  KEY `id` (`id`)
) ENGINE=MyISAM DEFAULT CHARSET=utf8;

-- --------------------------------------------------------

--
-- 表的结构 `v9_times`
--

CREATE TABLE IF NOT EXISTS `v9_times` (
  `username` char(40) NOT NULL,
  `ip` char(15) NOT NULL,
  `logintime` int(10) unsigned NOT NULL DEFAULT '0',
  `isadmin` tinyint(1) NOT NULL DEFAULT '0',
  `times` tinyint(1) unsigned NOT NULL DEFAULT '0',
  PRIMARY KEY (`username`,`isadmin`)
) ENGINE=MEMORY DEFAULT CHARSET=utf8;

-- --------------------------------------------------------

--
-- 表的结构 `v9_type`
--

CREATE TABLE IF NOT EXISTS `v9_type` (
  `typeid` smallint(5) unsigned NOT NULL AUTO_INCREMENT,
  `siteid` smallint(5) unsigned NOT NULL DEFAULT '0',
  `module` char(15) NOT NULL,
  `modelid` smallint(5) unsigned NOT NULL DEFAULT '0',
  `name` char(30) NOT NULL,
  `parentid` smallint(5) unsigned NOT NULL DEFAULT '0',
  `typedir` char(20) NOT NULL,
  `url` char(100) NOT NULL,
  `template` char(30) NOT NULL,
  `listorder` smallint(5) unsigned NOT NULL DEFAULT '0',
  `description` varchar(255) NOT NULL,
  PRIMARY KEY (`typeid`),
  KEY `module` (`module`,`parentid`,`siteid`,`listorder`)
) ENGINE=MyISAM  DEFAULT CHARSET=utf8 AUTO_INCREMENT=60 ;

--
-- 转存表中的数据 `v9_type`
--

INSERT INTO `v9_type` (`typeid`, `siteid`, `module`, `modelid`, `name`, `parentid`, `typedir`, `url`, `template`, `listorder`, `description`) VALUES
(52, 1, 'search', 0, '专题', 0, 'special', '', '', 4, '专题'),
(1, 1, 'search', 1, '新闻', 0, '', '', '', 1, '新闻模型搜索'),
(2, 1, 'search', 2, '下载', 0, '', '', '', 3, '下载模型搜索'),
(3, 1, 'search', 3, '图片', 0, '', '', '', 2, '图片模型搜索'),
(53, 1, 'special', 0, '哲学', 1, 'zhexue', 'bordon.xicp.net:9999/phpcms/html/special/yeludaxue/zhexue/type-53.html', '', 1, ''),
(54, 1, 'search', 12, '专辑', 0, '', '', '', 0, ''),
(55, 1, 'special', 0, 'erge', 2, 'erge', 'http://bordon.xicp.net/:9999/phpcms/html/special/erge/erge/type-55.html', '', 1, ''),
(57, 1, 'search', 14, '房产信息', 0, '', '', '', 0, ''),
(58, 1, 'search', 15, '测试模型', 0, '', '', '', 0, ''),
(59, 1, 'search', 11, '视频模型搜索', 0, 'content', '', '', 0, '视频模型搜索');

-- --------------------------------------------------------

--
-- 表的结构 `v9_urlrule`
--

CREATE TABLE IF NOT EXISTS `v9_urlrule` (
  `urlruleid` smallint(5) unsigned NOT NULL AUTO_INCREMENT,
  `module` varchar(15) NOT NULL,
  `file` varchar(20) NOT NULL,
  `ishtml` tinyint(1) unsigned NOT NULL DEFAULT '0',
  `urlrule` varchar(255) NOT NULL,
  `example` varchar(255) NOT NULL,
  PRIMARY KEY (`urlruleid`)
) ENGINE=MyISAM  DEFAULT CHARSET=utf8 AUTO_INCREMENT=31 ;

--
-- 转存表中的数据 `v9_urlrule`
--

INSERT INTO `v9_urlrule` (`urlruleid`, `module`, `file`, `ishtml`, `urlrule`, `example`) VALUES
(1, 'content', 'category', 1, '{$categorydir}{$catdir}/index.html|{$categorydir}{$catdir}/{$page}.html', 'news/china/1000.html'),
(6, 'content', 'category', 0, 'index.php?m=content&c=index&a=lists&catid={$catid}|index.php?m=content&c=index&a=lists&catid={$catid}&page={$page}', 'index.php?m=content&c=index&a=lists&catid=1&page=1'),
(11, 'content', 'show', 1, '{$year}/{$catdir}_{$month}{$day}/{$id}.html|{$year}/{$catdir}_{$month}{$day}/{$id}_{$page}.html', '2010/catdir_0720/1_2.html'),
(12, 'content', 'show', 1, '{$categorydir}{$catdir}/{$year}/{$month}{$day}/{$id}.html|{$categorydir}{$catdir}/{$year}/{$month}{$day}/{$id}_{$page}.html', 'it/product/2010/0720/1_2.html'),
(16, 'content', 'show', 0, 'index.php?m=content&c=index&a=show&catid={$catid}&id={$id}|index.php?m=content&c=index&a=show&catid={$catid}&id={$id}&page={$page}', 'index.php?m=content&c=index&a=show&catid=1&id=1'),
(17, 'content', 'show', 0, 'show-{$catid}-{$id}-{$page}.html', 'show-1-2-1.html'),
(18, 'content', 'show', 0, 'content-{$catid}-{$id}-{$page}.html', 'content-1-2-1.html'),
(30, 'content', 'category', 0, 'list-{$catid}-{$page}.html', 'list-1-1.html');

-- --------------------------------------------------------

--
-- 表的结构 `v9_video`
--

CREATE TABLE IF NOT EXISTS `v9_video` (
  `id` mediumint(8) unsigned NOT NULL AUTO_INCREMENT,
  `catid` smallint(5) unsigned NOT NULL DEFAULT '0',
  `typeid` smallint(5) unsigned NOT NULL,
  `title` char(80) NOT NULL DEFAULT '',
  `style` char(24) NOT NULL DEFAULT '',
  `thumb` char(100) NOT NULL DEFAULT '',
  `keywords` char(40) NOT NULL DEFAULT '',
  `description` mediumtext NOT NULL,
  `posids` tinyint(1) unsigned NOT NULL DEFAULT '0',
  `url` char(100) NOT NULL,
  `listorder` tinyint(3) unsigned NOT NULL DEFAULT '0',
  `status` tinyint(2) unsigned NOT NULL DEFAULT '1',
  `sysadd` tinyint(1) unsigned NOT NULL DEFAULT '0',
  `islink` tinyint(1) unsigned NOT NULL DEFAULT '0',
  `username` char(20) NOT NULL,
  `inputtime` int(10) unsigned NOT NULL DEFAULT '0',
  `updatetime` int(10) unsigned NOT NULL DEFAULT '0',
  `vision` varchar(255) NOT NULL DEFAULT '',
  `video_category` varchar(255) NOT NULL DEFAULT '',
  `tea_des` varchar(255) NOT NULL DEFAULT '',
  `tea_name` varchar(255) NOT NULL DEFAULT '',
  `xueduan` varchar(255) NOT NULL DEFAULT '',
  `xueke` varchar(255) NOT NULL DEFAULT '',
  `nianji` varchar(255) NOT NULL DEFAULT '',
  PRIMARY KEY (`id`),
  KEY `status` (`status`,`listorder`,`id`),
  KEY `listorder` (`catid`,`status`,`listorder`,`id`),
  KEY `catid` (`catid`,`status`,`id`)
) ENGINE=MyISAM  DEFAULT CHARSET=utf8 AUTO_INCREMENT=687 ;

--
-- 转存表中的数据 `v9_video`
--

INSERT INTO `v9_video` (`id`, `catid`, `typeid`, `title`, `style`, `thumb`, `keywords`, `description`, `posids`, `url`, `listorder`, `status`, `sysadd`, `islink`, `username`, `inputtime`, `updatetime`, `vision`, `video_category`, `tea_des`, `tea_name`, `xueduan`, `xueke`, `nianji`) VALUES
(401, 62, 0, '6512652', '', '', '6512652', 'fsasdf', 0, 'http://localhost/bordon/index.php?m=content&c=index&a=show&catid=62&id=401', 0, 99, 1, 0, 'doraprince', 1401789227, 1401789240, '1', '', 'wgsdg', '', '', '', ''),
(434, 97, 0, 'sdsdf', '', 'http://localhost/cms/uploadfile/thumb/53916b922fe65.jpg', '', '', 0, 'http://localhost/bordon/index.php?m=content&c=index&a=show&catid=97&id=434', 0, 99, 1, 0, '', 1402039186, 1402039186, '1', '', '', '', '', '', ''),
(397, 62, 0, 'sakai测试节目2', '', '', '节目', 'sakai测试节目2sakai测试节目2', 0, 'http://localhost/bordon/index.php?m=content&c=index&a=show&catid=62&id=397', 0, 99, 1, 0, 'doraprince', 1401787895, 1401788049, '1', '', 'afdasdf', 'adfsas', '', '', ''),
(398, 62, 0, 'adfasfd', '', '', 'adfasfd', 'asdfas', 0, 'http://localhost/bordon/index.php?m=content&c=index&a=show&catid=62&id=398', 0, 99, 1, 0, 'doraprince', 1401788064, 1401788074, '1', '', 'asdfasdfas', 'dfasdf', '', '', ''),
(399, 62, 0, 'title', '', '', 'dfasdfaf', 'asdf', 0, 'http://localhost/bordon/index.php?m=content&c=index&a=show&catid=62&id=399', 0, 99, 1, 0, 'doraprince', 1401788076, 1401788138, '1', '', 'asdf', 'adf', '', '', ''),
(400, 62, 0, 'afdasdfasf', '', '', 'afdasdfasf', 'asdfasdf', 0, 'http://localhost/bordon/index.php?m=content&c=index&a=show&catid=62&id=400', 0, 99, 1, 0, 'doraprince', 1401788143, 1401788153, '1', '', 'asdfasdfasasdf', 'asdfasf', '', '', ''),
(431, 97, 0, 'qqqq', '', 'http://localhost/cms/uploadfile/thumb/53916a887ccca.jpg', '', '', 0, 'http://localhost/bordon/index.php?m=content&c=index&a=show&catid=97&id=431', 0, 99, 1, 0, '', 1402038920, 1402038920, '1', '', '', '', '', '', ''),
(432, 97, 0, 'qqqq', '', 'http://localhost/cms/uploadfile/thumb/53916a75e9517.jpg', '', '', 0, 'http://localhost/bordon/index.php?m=content&c=index&a=show&catid=97&id=432', 0, 99, 1, 0, '', 1402038901, 1402038901, '1', '', '', '', '', '', ''),
(433, 97, 0, 'qqqq', '', 'http://localhost/cms/uploadfile/thumb/53916a7d5369f.jpg', '', '', 0, 'http://localhost/bordon/index.php?m=content&c=index&a=show&catid=97&id=433', 0, 99, 1, 0, '', 1402038909, 1402038909, '1', '', '', '', '', '', ''),
(616, 11, 0, '111', '', 'http://202.120.83.180/phpcms/uploadfile/thumb/53ad2760f2189.jpg', '', '', 0, 'http://localhost/bordon/index.php?m=content&c=index&a=show&catid=11&id=616', 0, 99, 1, 0, 'doraprince', 1403856736, 1403856736, '11', '', '11', '11', '', '', ''),
(615, 97, 0, '11', '', '', '', '', 0, 'http://localhost/bordon/index.php?m=content&c=index&a=show&catid=97&id=615', 0, 99, 1, 0, 'AdministratorSakai', 1403856659, 1403856659, '', '', '', '', '', '', ''),
(408, 97, 0, '1397996989 (55).PNG', '', '', '', '', 0, 'http://localhost/bordon/index.php?m=content&c=index&a=show&catid=97&id=408', 0, 99, 1, 0, '', 1402031329, 1402031329, '', '', '', '', '', '', ''),
(409, 97, 0, '1397996989 (56).PNG', '', '', '', '', 0, 'http://localhost/bordon/index.php?m=content&c=index&a=show&catid=97&id=409', 0, 99, 1, 0, '', 1402031517, 1402031517, '', '', '', '', '', '', ''),
(396, 62, 0, 'sakai测试节目', '', 'http://localhost/cms/uploadfile/thumb/538d7e9739fca.jpg', 'sakai测试节目', 'sakai测试节目', 0, 'http://localhost/bordon/index.php?m=content&c=index&a=show&catid=62&id=396', 0, 99, 1, 0, 'doraprince', 1401781896, 1401782037, '1', '', 'sakai测试节目', 'sakai测试节目', '', '', ''),
(412, 97, 0, '1397996989 (61).PNG', '', '', '', '', 0, 'http://localhost/bordon/index.php?m=content&c=index&a=show&catid=97&id=412', 0, 99, 1, 0, '', 1402032589, 1402032589, '', '', '', '', '', '', ''),
(413, 97, 0, '1397996989 (62).PNG', '', '', '', '', 0, 'http://localhost/bordon/index.php?m=content&c=index&a=show&catid=97&id=413', 0, 99, 1, 0, '', 1402032822, 1402032822, '', '', '', '', '', '', ''),
(414, 97, 0, '1397996989 (63).PNG', '', '', '', '', 0, 'http://localhost/bordon/index.php?m=content&c=index&a=show&catid=97&id=414', 0, 99, 1, 0, '', 1402033209, 1402033209, '', '', '', '', '', '', ''),
(415, 96, 0, '1397996989 (63).PNG', '', '', '', '', 0, 'http://localhost/bordon/index.php?m=content&c=index&a=show&catid=96&id=415', 0, 99, 1, 0, '', 1402033335, 1402033335, '', '', '', '', '', '', ''),
(416, 96, 0, '1397996989 (64).PNG', '', '', '', '', 0, 'http://localhost/bordon/index.php?m=content&c=index&a=show&catid=96&id=416', 0, 99, 1, 0, '', 1402033735, 1402033735, '', '', '', '', '', '', ''),
(417, 96, 0, 'title', '', 'http://localhost/cms/uploadfile/thumb/539156cf28411.jpg', 'asdf', 'asf', 0, 'http://localhost/bordon/index.php?m=content&c=index&a=show&catid=96&id=417', 0, 99, 1, 0, '', 1402033871, 1402033871, '1', '', 'asfasdf', 'asf', '', '', ''),
(418, 96, 0, 'sd', '', 'http://localhost/cms/uploadfile/thumb/5391570bde1cc.jpg', 'sd', 'sd', 0, 'http://localhost/bordon/index.php?m=content&c=index&a=show&catid=96&id=418', 0, 99, 1, 0, '', 1402033931, 1402033931, '1', '', 'sd', 'sd', '', '', ''),
(419, 97, 0, '1397996989 (65).PNG', '', '', '', '', 0, 'http://localhost/bordon/index.php?m=content&c=index&a=show&catid=97&id=419', 0, 99, 1, 0, '', 1402034260, 1402034260, '1', '', '', '', '', '', ''),
(420, 96, 0, 'erw', '', 'http://localhost/cms/uploadfile/thumb/539159d38af50.jpg', 'qwe', 'qwe', 0, 'http://localhost/bordon/index.php?m=content&c=index&a=show&catid=96&id=420', 0, 99, 1, 0, '', 1402034643, 1402034643, '1', '', 'qwe', 'qwe', '', '', ''),
(421, 97, 0, '1397996989 (66).PNG', '', 'http://localhost/cms/uploadfile/thumb/53915bd9bd127.jpg', '', '', 0, 'http://localhost/bordon/index.php?m=content&c=index&a=show&catid=97&id=421', 0, 99, 1, 0, '', 1402035161, 1402035161, '1', '', '', '', '', '', ''),
(422, 97, 0, '1397996989 (67).PNG', '', 'http://localhost/cms/uploadfile/thumb/539161428b2a3.jpg', '', '', 0, 'http://localhost/bordon/index.php?m=content&c=index&a=show&catid=97&id=422', 0, 99, 1, 0, '', 1402036546, 1402036546, '1', '', '', '', '', '', ''),
(423, 97, 0, 'dms (5).mp4', '', 'http://localhost/cms/uploadfile/thumb/539161a12242c.jpg', '', '', 0, 'http://localhost/bordon/index.php?m=content&c=index&a=show&catid=97&id=423', 0, 99, 1, 0, '', 1402036641, 1402036641, '1', '', '', '', '', '', ''),
(424, 97, 0, 'dms (6).mp4', '', 'http://localhost/cms/uploadfile/thumb/539161d7593a1.jpg', '', '', 0, 'http://localhost/bordon/index.php?m=content&c=index&a=show&catid=97&id=424', 0, 99, 1, 0, '', 1402036695, 1402036695, '1', '', '', '', '', '', ''),
(425, 97, 0, 'dms (7).mp4', '', 'http://localhost/cms/uploadfile/thumb/5391620a00ea9.jpg', '', '', 0, 'http://localhost/bordon/index.php?m=content&c=index&a=show&catid=97&id=425', 0, 99, 1, 0, '', 1402036745, 1402036745, '1', '', '', '', '', '', ''),
(568, 15, 0, '心脏搭桥手术', '', 'http://202.120.83.180/phpcms/uploadfile/thumb/53a3837021ee3.jpg', '心脏', '心脏搭桥手术', 0, 'http://202.120.83.180/phpcms/index.php?m=content&c=index&a=show&catid=15&id=568', 0, 99, 1, 0, 'master', 1403224913, 1403224944, '1', '', '', '', '', '', ''),
(569, 14, 0, '宇宙第二大爆炸', '', 'http://202.120.83.180/phpcms/uploadfile/thumb/53a384345f89f.jpg', '宇宙', '这是一部关于宇宙第二大爆炸的科幻片', 1, 'http://localhost/bordon/index.php?m=content&c=index&a=show&catid=14&id=569', 0, 99, 1, 0, 'master', 1403224985, 1403225140, '1', '', '他是一位宇宙学专家', '宇宙学专家', '3', '5', '1'),
(426, 97, 0, 'dms (8).mp4', '', 'http://localhost/cms/uploadfile/thumb/539165ce820f0.jpg', '', '', 0, 'http://localhost/bordon/index.php?m=content&c=index&a=show&catid=97&id=426', 0, 99, 1, 0, '', 1402037710, 1402037710, '1', '', '', '', '', '', ''),
(427, 96, 0, '1323213', '', 'http://localhost/cms/uploadfile/thumb/5391692af2ba8.jpg', '', '', 0, 'http://localhost/bordon/index.php?m=content&c=index&a=show&catid=96&id=427', 0, 99, 1, 0, '', 1402038570, 1402038570, '1', '', '', '', '', '', ''),
(428, 96, 0, '1323213', '', 'http://localhost/cms/uploadfile/thumb/539169961aaf9.jpg', '', '', 0, 'http://localhost/bordon/index.php?m=content&c=index&a=show&catid=96&id=428', 0, 99, 1, 0, '', 1402038678, 1402038678, '1', '', '', '', '', '', ''),
(429, 97, 0, '12313', '', 'http://localhost/cms/uploadfile/thumb/539169ba478a3.jpg', '', '', 0, 'http://localhost/bordon/index.php?m=content&c=index&a=show&catid=97&id=429', 0, 99, 1, 0, '', 1402038714, 1402038714, '1', '', '', '', '', '', ''),
(430, 97, 0, 'sdf', '', 'http://localhost/cms/uploadfile/thumb/539169f870ec0.jpg', '', '', 0, 'http://localhost/bordon/index.php?m=content&c=index&a=show&catid=97&id=430', 0, 99, 1, 0, '', 1402038776, 1402038776, '1', '', '', '', '', '', ''),
(410, 97, 0, '1397996989 (57).PNG', '', '', '', '', 0, 'http://localhost/bordon/index.php?m=content&c=index&a=show&catid=97&id=410', 0, 99, 1, 0, '', 1402031934, 1402031934, '', '', '', '', '', '', ''),
(411, 97, 0, '1397996989 (60).PNG', '', '', '', '', 0, 'http://localhost/bordon/index.php?m=content&c=index&a=show&catid=97&id=411', 0, 99, 1, 0, '', 1402032353, 1402032353, '', '', '', '', '', '', ''),
(435, 97, 0, 'sdsdf', '', 'http://localhost/cms/uploadfile/thumb/53916baa08d41.jpg', '', '', 0, 'http://localhost/bordon/index.php?m=content&c=index&a=show&catid=97&id=435', 0, 99, 1, 0, '', 1402039210, 1402039210, '1', '', '', '', '', '', ''),
(436, 97, 0, 'dfgdfg', '', 'http://localhost/cms/uploadfile/thumb/53916bd38ffc0.jpg', '', '', 0, 'http://localhost/bordon/index.php?m=content&c=index&a=show&catid=97&id=436', 0, 99, 1, 0, '', 1402039251, 1402039251, '1', '', '', '', '', '', ''),
(437, 97, 0, 'asdfsadf', '', 'http://localhost/cms/uploadfile/thumb/53916c16d44e2.jpg', '', '', 0, 'http://localhost/bordon/index.php?m=content&c=index&a=show&catid=97&id=437', 0, 99, 1, 0, '', 1402039318, 1402039318, '1', '', '', '', '', '', ''),
(438, 96, 0, '112', '', 'http://localhost/cms/uploadfile/thumb/53916f26214ca.jpg', '', '', 0, 'http://localhost/bordon/index.php?m=content&c=index&a=show&catid=96&id=438', 0, 99, 1, 0, '', 1402040102, 1402040102, '1', '', '', '', '', '', ''),
(439, 97, 0, '234', '', 'http://localhost/cms/uploadfile/thumb/53916f626ef68.jpg', '', '', 0, 'http://localhost/bordon/index.php?m=content&c=index&a=show&catid=97&id=439', 0, 99, 1, 0, '', 1402040162, 1402040162, '1', '', '', '', '', '', ''),
(440, 97, 0, '112233', '', 'http://localhost/cms/uploadfile/thumb/539170f52d6d3.jpg', '', '', 0, 'http://localhost/bordon/index.php?m=content&c=index&a=show&catid=97&id=440', 0, 99, 1, 0, '', 1402040565, 1402040565, '1', '', '', '', '', '', ''),
(441, 97, 0, 'ss', '', 'http://localhost/cms/uploadfile/thumb/539172447205f.jpg', '', '', 0, 'http://localhost/bordon/index.php?m=content&c=index&a=show&catid=97&id=441', 0, 99, 1, 0, '', 1402040900, 1402040900, '1', '', '', '', '', '', ''),
(442, 96, 0, '11', '', 'http://localhost/cms/uploadfile/thumb/5391728b15948.jpg', '', '', 0, 'http://localhost/bordon/index.php?m=content&c=index&a=show&catid=96&id=442', 0, 99, 1, 0, '', 1402040971, 1402040971, '1', '', '', '', '', '', ''),
(443, 96, 0, '22', '', 'http://localhost/cms/uploadfile/thumb/539172de5a87e.jpg', '', '', 0, 'http://localhost/bordon/index.php?m=content&c=index&a=show&catid=96&id=443', 0, 99, 1, 0, '', 1402041054, 1402041054, '1', '', '', '', '', '', ''),
(444, 96, 0, '22', '', 'http://localhost/cms/uploadfile/thumb/539173b9d5eee.jpg', '', '', 0, 'http://localhost/bordon/index.php?m=content&c=index&a=show&catid=96&id=444', 0, 99, 1, 0, '', 1402041273, 1402041273, '1', '', '', '', '', '', ''),
(445, 97, 0, '11', '', 'http://localhost/cms/uploadfile/thumb/539174621e28a.jpg', '', '', 0, 'http://localhost/bordon/index.php?m=content&c=index&a=show&catid=97&id=445', 0, 99, 1, 0, '', 1402041442, 1402041442, '1', '', '', '', '', '', ''),
(446, 97, 0, '11', '', 'http://localhost/cms/uploadfile/thumb/53917523d7070.jpg', '', '', 0, 'http://localhost/bordon/index.php?m=content&c=index&a=show&catid=97&id=446', 0, 99, 1, 0, '', 1402041635, 1402041635, '1', '', '', '', '', '', ''),
(447, 97, 0, 'sakaitest', '', 'http://localhost/cms/uploadfile/thumb/53917855dea44.jpg', '', '', 0, 'http://localhost/bordon/index.php?m=content&c=index&a=show&catid=97&id=447', 0, 99, 1, 0, '', 1402042453, 1402042453, '1', '', '', '', '', '', ''),
(448, 97, 0, '11', '', 'http://localhost/cms/uploadfile/thumb/539179fca02c2.jpg', '', '', 0, 'http://localhost/bordon/index.php?m=content&c=index&a=show&catid=97&id=448', 0, 99, 1, 0, '', 1402042876, 1402042876, '1', '', '', '', '', '', ''),
(449, 97, 0, '11', '', 'http://localhost/cms/uploadfile/thumb/53917ebb5c044.jpg', '', '', 0, 'http://localhost/bordon/index.php?m=content&c=index&a=show&catid=97&id=449', 0, 99, 1, 0, '', 1402044091, 1402044091, '1', '', '', '', '', '', ''),
(450, 97, 0, '11', '', 'http://localhost/cms/uploadfile/thumb/53917ef8729b9.jpg', '', '', 0, 'http://localhost/bordon/index.php?m=content&c=index&a=show&catid=97&id=450', 0, 99, 1, 0, '', 1402044152, 1402044152, '1', '', '', '', '', '', ''),
(451, 97, 0, '114', '', 'http://localhost/cms/uploadfile/thumb/539182d954124.jpg', '', '', 0, 'http://localhost/bordon/index.php?m=content&c=index&a=show&catid=97&id=451', 0, 99, 1, 0, '', 1402045145, 1402045145, '1', '', '', '', '', '', ''),
(452, 97, 0, '114', '', '', '', '', 0, 'http://localhost/bordon/index.php?m=content&c=index&a=show&catid=97&id=452', 0, 99, 1, 0, '', 1402045220, 1402045220, '1', '', '', '', '', '', ''),
(453, 97, 0, '1111', '', 'http://localhost/cms/uploadfile/thumb/539183b6effa9.jpg', '', '', 0, 'http://localhost/bordon/index.php?m=content&c=index&a=show&catid=97&id=453', 0, 99, 1, 0, '', 1402045366, 1402045366, '1', '', '', '', '', '', ''),
(454, 97, 0, '11', '', 'http://localhost/cms/uploadfile/thumb/5391840f85c4c.jpg', '', '', 0, 'http://localhost/bordon/index.php?m=content&c=index&a=show&catid=97&id=454', 0, 99, 1, 0, '', 1402045455, 1402045455, '1', '', '', '', '', '', ''),
(455, 97, 0, '11', '', 'http://localhost/cms/uploadfile/thumb/53918d2a84e7e.jpg', '', '', 0, 'http://localhost/bordon/index.php?m=content&c=index&a=show&catid=97&id=455', 0, 99, 1, 0, '', 1402047786, 1402047786, '1', '', '', '', '', '', ''),
(456, 97, 0, '11', '', 'http://localhost/cms/uploadfile/thumb/53918d684fa23.jpg', '', '', 0, 'http://localhost/bordon/index.php?m=content&c=index&a=show&catid=97&id=456', 0, 99, 1, 0, '', 1402047848, 1402047848, '1', '', '', '', '', '', ''),
(457, 97, 0, '11', '', 'http://localhost/cms/uploadfile/thumb/53918edc75f7a.jpg', '', '', 0, 'http://localhost/bordon/index.php?m=content&c=index&a=show&catid=97&id=457', 0, 99, 1, 0, '', 1402048220, 1402048220, '1', '', '', '', '', '', ''),
(458, 97, 0, '11', '', 'http://localhost/cms/uploadfile/thumb/53919082238ac.jpg', '', '', 0, 'http://localhost/bordon/index.php?m=content&c=index&a=show&catid=97&id=458', 0, 99, 1, 0, '', 1402048642, 1402048642, '1', '', '', '', '', '', ''),
(459, 97, 0, '11', '', 'http://localhost/cms/uploadfile/thumb/53919267aae59.jpg', '', '', 0, 'http://localhost/bordon/index.php?m=content&c=index&a=show&catid=97&id=459', 0, 99, 1, 0, '', 1402049127, 1402049127, '1', '', '', '', '', '', ''),
(460, 97, 0, '11', '', 'http://localhost/cms/uploadfile/thumb/539194dbef700.jpg', '', '', 0, 'http://localhost/bordon/index.php?m=content&c=index&a=show&catid=97&id=460', 0, 99, 1, 0, '', 1402049755, 1402049755, '1', '', '', '', '', '', ''),
(461, 97, 0, '11', '', 'http://localhost/cms/uploadfile/thumb/5391960950aa1.jpg', '', '', 0, 'http://localhost/bordon/index.php?m=content&c=index&a=show&catid=97&id=461', 0, 99, 1, 0, '', 1402050057, 1402050057, '1', '', '', '', '', '', ''),
(462, 97, 0, '111', '', 'http://localhost/cms/uploadfile/thumb/53919744eb4c7.jpg', '', '', 0, 'http://localhost/bordon/index.php?m=content&c=index&a=show&catid=97&id=462', 0, 99, 1, 0, '', 1402050372, 1402050372, '1', '', '', '', '', '', ''),
(463, 97, 0, '11', '', 'http://localhost/cms/uploadfile/thumb/53919ca7a8cde.jpg', '', '', 0, 'http://localhost/bordon/index.php?m=content&c=index&a=show&catid=97&id=463', 0, 99, 1, 0, '', 1402051751, 1402051751, '1', '', '', '', '', '', ''),
(464, 97, 0, '11', '', 'http://localhost/cms/uploadfile/thumb/53919ce3dde1f.jpg', '', '', 0, 'http://localhost/bordon/index.php?m=content&c=index&a=show&catid=97&id=464', 0, 99, 1, 0, '', 1402051811, 1402051811, '1', '', '', '', '', '', ''),
(465, 97, 0, '22', '', 'http://localhost/cms/uploadfile/thumb/53940948d7ab4.jpg', '', '', 0, 'http://localhost/bordon/index.php?m=content&c=index&a=show&catid=97&id=465', 0, 99, 1, 0, '', 1402210632, 1402210632, '1', '', '', '', '', '', ''),
(466, 97, 0, '11', '', 'http://localhost/cms/uploadfile/thumb/53942ea5dfc29.jpg', '', '', 0, 'http://localhost/bordon/index.php?m=content&c=index&a=show&catid=97&id=466', 0, 99, 1, 0, '', 1402220197, 1402220197, '1', '', '', '', '', '', ''),
(467, 97, 0, '11', '', 'http://localhost/cms/uploadfile/thumb/539431415e50c.jpg', '', '', 0, 'http://localhost/bordon/index.php?m=content&c=index&a=show&catid=97&id=467', 0, 99, 1, 0, '', 1402220865, 1402220865, '1', '', '', '', '', '', ''),
(468, 97, 0, '11', '', 'http://localhost/cms/uploadfile/thumb/53957a7124a91.jpg', '', '', 0, 'http://localhost/bordon/index.php?m=content&c=index&a=show&catid=97&id=468', 0, 99, 1, 0, '', 1402305137, 1402305137, '1', '', '', '', '', '', ''),
(469, 97, 0, '11', '', 'http://localhost/cms/uploadfile/thumb/53957f14b0691.jpg', '', '', 0, 'http://localhost/bordon/index.php?m=content&c=index&a=show&catid=97&id=469', 0, 99, 1, 0, '', 1402306324, 1402306324, '1', '', '', '', '', '', ''),
(470, 97, 0, '11', '', 'http://localhost/cms/uploadfile/thumb/5397b9949017e.jpg', '', '', 0, 'http://localhost/bordon/index.php?m=content&c=index&a=show&catid=97&id=470', 0, 99, 1, 0, '', 1402452372, 1402452372, '1', '', '', '', '', '', ''),
(471, 97, 0, '11', '', 'http://localhost/cms/uploadfile/thumb/539818e6e8aef.jpg', '', '', 0, 'http://localhost/bordon/index.php?m=content&c=index&a=show&catid=97&id=471', 0, 99, 1, 0, '', 1402476774, 1402476774, '1', '', '', '', '', '', ''),
(472, 97, 0, '11', '', 'http://localhost/cms/uploadfile/thumb/5398f7b717d0d.jpg', '', '', 0, 'http://localhost/bordon/index.php?m=content&c=index&a=show&catid=97&id=472', 0, 99, 1, 0, '', 1402533815, 1402533815, '1', '', '', '', '', '', ''),
(473, 97, 0, '11', '', 'http://localhost/cms/uploadfile/thumb/5399472f74fb6.jpg', '', '', 0, 'http://localhost/bordon/index.php?m=content&c=index&a=show&catid=97&id=473', 0, 99, 1, 0, '', 1402554159, 1402554159, '1', '', '', '', '', '', ''),
(617, 11, 0, '11', '', 'http://202.120.83.180/phpcms/uploadfile/thumb/53ad27fb962d9.jpg', '', '', 0, 'http://localhost/bordon/index.php?m=content&c=index&a=show&catid=11&id=617', 0, 99, 1, 0, 'doraprince', 1403856891, 1403856891, '', '', '', '', '', '', ''),
(477, 96, 0, 'asdfasfd', '', 'http://localhost/cms/uploadfile/thumb/5399b66ed8cc5.jpg', '', '', 0, 'http://localhost/bordon/index.php?m=content&c=index&a=show&catid=96&id=477', 0, 99, 1, 0, 'doraprince', 1402582638, 1402582638, '', '', '', '', '', '', ''),
(478, 97, 0, 'asdfasfd', '', 'http://localhost/cms/uploadfile/thumb/5399b6d5d3fe5.jpg', '', '', 0, 'http://localhost/bordon/index.php?m=content&c=index&a=show&catid=97&id=478', 0, 99, 1, 0, 'doraprince', 1402582741, 1402582741, '', '', '', '', '', '', ''),
(479, 97, 0, '11', '', 'http://localhost/cms/uploadfile/thumb/539a4a401bca0.jpg', '', '', 0, 'http://localhost/bordon/index.php?m=content&c=index&a=show&catid=97&id=479', 0, 99, 1, 0, '', 1402620480, 1402620480, '1', '', '', '', '', '', ''),
(612, 13, 0, '11', '', 'http://202.120.83.180/phpcms/uploadfile/thumb/53ad269836d30.jpg', '', '', 0, 'http://202.120.83.180/phpcms/index.php?m=content&c=index&a=show&catid=13&id=612', 0, 99, 1, 0, 'doraprince', 1403856536, 1403856536, '13', '', '11', 'asf', '', '', ''),
(613, 97, 0, '11', '', '', '', '', 0, 'http://localhost/bordon/index.php?m=content&c=index&a=show&catid=97&id=613', 0, 99, 1, 0, 'AdministratorSakai', 1403856571, 1403856571, '', '', '', '', '', '', ''),
(614, 97, 0, '11', '', '', '', '', 0, 'http://localhost/bordon/index.php?m=content&c=index&a=show&catid=97&id=614', 0, 99, 1, 0, 'AdministratorSakai', 1403856625, 1403856625, '', '', '', '', '', '', ''),
(608, 4, 0, 'asfas', '', 'http://202.120.83.180/phpcms/uploadfile/thumb/53ad255ceed8b.jpg', '', '', 0, 'http://202.120.83.180/phpcms/index.php?m=content&c=index&a=show&catid=4&id=608', 0, 99, 1, 0, 'doraprince', 1403856220, 1403856220, '1asdf', '', 'asdf', '', '', '', ''),
(609, 4, 0, 'asfas', '', 'http://202.120.83.180/phpcms/uploadfile/thumb/53ad25604e0b1.jpg', '', '', 0, 'http://202.120.83.180/phpcms/index.php?m=content&c=index&a=show&catid=4&id=609', 0, 99, 1, 0, 'doraprince', 1403856224, 1403856224, '1asdf', '', 'asdf', '', '', '', ''),
(610, 4, 0, 'asfas', '', 'http://202.120.83.180/phpcms/uploadfile/thumb/53ad25f5e13b5.jpg', '', '', 0, 'http://202.120.83.180/phpcms/index.php?m=content&c=index&a=show&catid=4&id=610', 0, 99, 1, 0, 'doraprince', 1403856373, 1403856373, '1asdf', '', 'asdf', '', '', '', ''),
(611, 13, 0, '11', '', 'http://202.120.83.180/phpcms/uploadfile/thumb/53ad2669196a3.jpg', '', '', 0, 'http://202.120.83.180/phpcms/index.php?m=content&c=index&a=show&catid=13&id=611', 0, 99, 1, 0, 'doraprince', 1403856489, 1403856489, '13', '', '11', '11', '', '', ''),
(605, 4, 0, 'asfas', '', '', '', '', 0, 'http://202.120.83.180/phpcms/index.php?m=content&c=index&a=show&catid=4&id=605', 0, 99, 1, 0, 'doraprince', 1403855869, 1403855869, '1asdf', '', 'asdf', '', '', '', ''),
(606, 4, 0, 'asfas', '', '', '', '', 0, 'http://202.120.83.180/phpcms/index.php?m=content&c=index&a=show&catid=4&id=606', 0, 99, 1, 0, 'doraprince', 1403855885, 1403855885, '1asdf', '', 'asdf', '', '', '', ''),
(607, 4, 0, 'asfas', '', 'http://202.120.83.180/phpcms/uploadfile/thumb/53ad255513355.jpg', '', '', 0, 'http://202.120.83.180/phpcms/index.php?m=content&c=index&a=show&catid=4&id=607', 0, 99, 1, 0, 'doraprince', 1403856213, 1403856213, '1asdf', '', 'asdf', '', '', '', ''),
(590, 117, 0, '干冰-2', '', '', '干冰', '', 0, 'http://202.120.83.180/phpcms/index.php?m=content&c=index&a=show&catid=117&id=590', 0, 99, 1, 0, 'master', 1403595066, 1403595098, '1', '', '', '', '2', '3', '2'),
(591, 97, 0, '11', '', '', '', '', 0, 'http://localhost/bordon/index.php?m=content&c=index&a=show&catid=97&id=591', 0, 99, 1, 0, 'AdministratorSakai', 1403663015, 1403663015, '', '', '', '', '', '', ''),
(592, 97, 0, '11', '', '', '', '', 0, 'http://localhost/bordon/index.php?m=content&c=index&a=show&catid=97&id=592', 0, 99, 1, 0, 'AdministratorSakai', 1403676450, 1403676450, '', '', '', '', '', '', ''),
(593, 97, 0, '11', '', '', '', '', 0, 'http://localhost/bordon/index.php?m=content&c=index&a=show&catid=97&id=593', 0, 99, 1, 0, 'AdministratorSakai', 1403752799, 1403752799, '', '', '', '', '', '', ''),
(594, 97, 0, '11', '', '', '', '', 0, 'http://localhost/bordon/index.php?m=content&c=index&a=show&catid=97&id=594', 0, 99, 1, 0, 'AdministratorSakai', 1403754050, 1403754050, '', '', '', '', '', '', ''),
(595, 39, 0, '01卡文迪什扭秤实验', '', 'http://202.120.83.180/phpcms/uploadfile/thumb/53ace3f2c374f.jpg', '扭秤', '01卡文迪什扭秤实验', 1, 'http://localhost/bordon/index.php?m=content&c=index&a=show&catid=39&id=595', 0, 99, 1, 0, 'master', 1403839357, 1403839474, '1', '', '', '', '', '', ''),
(570, 14, 0, '恒星与星系的形成', '', '', '星系 恒星', '恒星与星系的形成', 1, 'http://localhost/bordon/index.php?m=content&c=index&a=show&catid=14&id=570', 0, 99, 1, 0, 'master', 1403225156, 1403225346, '1', '', '', '', '2', '2', ''),
(571, 97, 0, '11', '', '', '', '', 0, 'http://localhost/bordon/index.php?m=content&c=index&a=show&catid=97&id=571', 0, 99, 1, 0, 'AdministratorSakai', 1403228943, 1403228943, '', '', '', '', '', '', ''),
(572, 97, 0, '11', '', '', '', '', 0, 'http://localhost/bordon/index.php?m=content&c=index&a=show&catid=97&id=572', 0, 99, 1, 0, 'AdministratorSakai', 1403229060, 1403229060, '', '', '', '', '', '', ''),
(573, 97, 0, '11', '', '', '', '', 0, 'http://localhost/bordon/index.php?m=content&c=index&a=show&catid=97&id=573', 0, 99, 1, 0, 'AdministratorSakai', 1403229376, 1403229376, '', '', '', '', '', '', ''),
(574, 38, 0, '“嫦娥三号”两器分离过程回放', '', 'http://202.120.83.180/phpcms/uploadfile/thumb/53a3d6d49922a.jpg', '登月', '“嫦娥三号”两器分离过程回放', 1, 'http://localhost/bordon/index.php?m=content&c=index&a=show&catid=38&id=574', 0, 99, 1, 0, 'master', 1403246217, 1403246292, '1', '', '', '', '2', '2', '3'),
(575, 38, 0, '“嫦娥三号”着陆全程精彩画面回顾', '', 'http://202.120.83.180/phpcms/uploadfile/thumb/53a3d7cc3224b.jpg', '嫦娥 登月', '“嫦娥三号”着陆全程精彩画面回顾', 1, 'http://localhost/bordon/index.php?m=content&c=index&a=show&catid=38&id=575', 0, 99, 1, 0, 'master', 1403246479, 1403246540, '1', '', '中国航天', '中国航天', '2', '5', '2'),
(576, 38, 0, '人文素质与创新意识2', '', 'http://202.120.83.180/phpcms/uploadfile/thumb/53a406467e8d0.jpg', '人文 素质 意识', '人文素质与创新意识2', 1, 'http://localhost/bordon/index.php?m=content&c=index&a=show&catid=38&id=576', 0, 99, 1, 0, 'master', 1403258381, 1403258438, '1', '', '', '', '2', '2', '2'),
(577, 39, 0, '李克强总理的经济公开课', '', 'http://202.120.83.180/phpcms/uploadfile/thumb/53a40a1fc7fb1.jpg', '李克强', '李克强总理的经济公开课', 1, 'http://localhost/bordon/index.php?m=content&c=index&a=show&catid=39&id=577', 0, 99, 1, 0, 'phpcms', 1403259313, 1403259423, '1', '', '中华人民共和国总理', '李克强', '3', '7', '3'),
(578, 38, 0, '洪恩幼儿英语第1册第5单元', '', 'http://202.120.83.180/phpcms/uploadfile/thumb/53a9053f21cb2.jpg', '洪恩 单元 幼儿', '洪恩幼儿英语第1册第5单元', 1, 'http://localhost/bordon/index.php?m=content&c=index&a=show&catid=38&id=578', 0, 99, 1, 0, 'qhfz', 1403585789, 1403585855, '1', '', '洪恩幼儿英语', '洪恩', '1', '14', '1'),
(579, 38, 0, '测试', '', 'http://202.120.83.180/phpcms/uploadfile/thumb/53a9230f280e2.jpg', '测试', '测试测试测试测试测试测试', 1, 'http://localhost/bordon/index.php?m=content&c=index&a=show&catid=38&id=579', 0, 99, 1, 0, 'qhfz', 1403592785, 1403593487, '1', '', '测试', '测试', '2', '2', ''),
(580, 38, 0, '补全图形', '', 'http://202.120.83.180/phpcms/uploadfile/thumb/53a927e7307b8.jpg', '图形', '', 0, 'http://localhost/bordon/index.php?m=content&c=index&a=show&catid=38&id=580', 0, 99, 1, 0, 'qhfz', 1403594666, 1403594727, '1', '', '', '', '3', '17', ''),
(512, 97, 0, '11', '', 'http://202.120.83.180/phpcms/uploadfile/thumb/53a137ff3b87b.jpg', '', '', 0, 'http://localhost/bordon/index.php?m=content&c=index&a=show&catid=97&id=512', 0, 99, 1, 0, 'AdministratorSakai', 1403074559, 1403074559, '', '', '', '', '', '', ''),
(513, 97, 0, '11', '', 'http://202.120.83.180/phpcms/uploadfile/thumb/53a138dbd2476.jpg', '', '', 0, 'http://localhost/bordon/index.php?m=content&c=index&a=show&catid=97&id=513', 0, 99, 1, 0, 'AdministratorSakai', 1403074779, 1403074779, '', '', '', '', '', '', ''),
(514, 97, 0, '11', '', 'http://202.120.83.180/phpcms/uploadfile/thumb/53a1395c63603.jpg', '', '', 0, 'http://localhost/bordon/index.php?m=content&c=index&a=show&catid=97&id=514', 0, 99, 1, 0, 'AdministratorSakai', 1403074908, 1403074908, '', '', '', '', '', '', ''),
(515, 97, 0, '11', '', 'http://202.120.83.180/phpcms/uploadfile/thumb/53a13a8485199.jpg', '', '', 0, 'http://localhost/bordon/index.php?m=content&c=index&a=show&catid=97&id=515', 0, 99, 1, 0, 'AdministratorSakai', 1403075204, 1403075204, '', '', '', '', '', '', ''),
(516, 97, 0, '11', '', 'http://202.120.83.180/phpcms/uploadfile/thumb/53a13b5e4dabf.jpg', '', '', 0, 'http://localhost/bordon/index.php?m=content&c=index&a=show&catid=97&id=516', 0, 99, 1, 0, 'AdministratorSakai', 1403075422, 1403075422, '', '', '', '', '', '', ''),
(517, 97, 0, '11', '', 'http://202.120.83.180/phpcms/uploadfile/thumb/53a13c7f16c48.jpg', '', '', 0, 'http://localhost/bordon/index.php?m=content&c=index&a=show&catid=97&id=517', 0, 99, 1, 0, 'AdministratorSakai', 1403075711, 1403075711, '', '', '', '', '', '', ''),
(566, 15, 0, '急生心肌梗死的介入治疗', '', 'http://202.120.83.180/phpcms/uploadfile/thumb/53a3827b0c51b.jpg', '手术 心肌梗死', '手术现场，急生心肌梗死的介入治疗', 1, 'http://202.120.83.180/phpcms/index.php?m=content&c=index&a=show&catid=15&id=566', 0, 99, 1, 0, 'master', 1403224554, 1403224699, '1', '', '医学手术专业视频', '手术专家', '3', '13', '3'),
(567, 15, 0, '全髋关节置换手术', '', 'http://202.120.83.180/phpcms/uploadfile/thumb/53a38337d1a01.jpg', '髋关节', '全髋关节置换手术，三维医学动画', 1, 'http://202.120.83.180/phpcms/index.php?m=content&c=index&a=show&catid=15&id=567', 0, 99, 1, 0, 'master', 1403224790, 1403224887, '1', '', '他是一位外科手术专家', '手术专家', '3', '5', '3'),
(535, 14, 0, '外星车', '', 'http://202.120.83.180/phpcms/uploadfile/thumb/53a195bc841bb.jpg', '外星', '外星车', 1, 'http://localhost/bordon/index.php?m=content&c=index&a=show&catid=14&id=535', 0, 99, 1, 0, 'master', 1403098455, 1403098556, '1', '', '', '', '', '', ''),
(596, 39, 0, 'testconvert', '', 'http://202.120.83.180/phpcms/uploadfile/thumb/53ad1283ae403.jpg', 'testconvert', '', 0, 'http://localhost/bordon/index.php?m=content&c=index&a=show&catid=39&id=596', 0, 99, 1, 0, 'master', 1403851322, 1403851395, '1', '', '', '', '', '', ''),
(597, 97, 0, '11', '', '', '', '', 0, 'http://localhost/bordon/index.php?m=content&c=index&a=show&catid=97&id=597', 0, 99, 1, 0, 'AdministratorSakai', 1403852179, 1403852179, '', '', '', '', '', '', ''),
(598, 97, 0, '11', '', '', '', '', 0, 'http://localhost/bordon/index.php?m=content&c=index&a=show&catid=97&id=598', 0, 99, 1, 0, 'AdministratorSakai', 1403852219, 1403852219, '', '', '', '', '', '', ''),
(599, 97, 0, '11', '', '', '', '', 0, 'http://localhost/bordon/index.php?m=content&c=index&a=show&catid=97&id=599', 0, 99, 1, 0, 'AdministratorSakai', 1403852440, 1403852440, '', '', '', '', '', '', ''),
(600, 97, 0, '11', '', '', '', '', 0, 'http://localhost/bordon/index.php?m=content&c=index&a=show&catid=97&id=600', 0, 99, 1, 0, 'AdministratorSakai', 1403852663, 1403852663, '', '', '', '', '', '', ''),
(601, 4, 0, 'asdfasf', '', '', '', '', 0, 'http://202.120.83.180/phpcms/index.php?m=content&c=index&a=show&catid=4&id=601', 0, 99, 1, 0, '', 1403854459, 1403854459, '13', '', 'asfd', 'asf', '', '', ''),
(602, 4, 0, 'asdsfda', '', '', '', '', 0, 'http://202.120.83.180/phpcms/index.php?m=content&c=index&a=show&catid=4&id=602', 0, 99, 1, 0, '', 1403854580, 1403854580, '13', '', 'afd', 'asfd', '', '', ''),
(603, 38, 0, '627', '', 'http://202.120.83.180/phpcms/uploadfile/thumb/53ad21722caab.jpg', 'asdfasdf', 'asdf', 0, 'http://localhost/bordon/index.php?m=content&c=index&a=show&catid=38&id=603', 0, 99, 1, 0, 'doraprince', 1403855192, 1403855218, '1', '', 'asdfasdf', '', '', '', ''),
(529, 13, 0, 'wildfile', '', 'http://202.120.83.180/phpcms/uploadfile/thumb/53a1688a08fb5.jpg', '动物', '这是一部野生动物保护宣传片', 0, 'http://202.120.83.180/phpcms/index.php?m=content&c=index&a=show&catid=13&id=529', 0, 99, 1, 0, 'doraprince', 1403086913, 1403224387, '1', '', '王增，一位野生动物保护志愿者', '王增', '2', '2', '1'),
(530, 14, 0, '幼儿画报动画版7', '', 'http://202.120.83.180/phpcms/uploadfile/thumb/53a16ca9983df.jpg', '幼儿画报 动画', '幼儿画报动画版7', 1, 'http://localhost/bordon/index.php?m=content&c=index&a=show&catid=14&id=530', 0, 99, 1, 0, 'master', 1403088008, 1403088041, '1', '', '', '', '', '', ''),
(534, 14, 0, '儿歌大全之茉莉花', '', 'http://202.120.83.180/phpcms/uploadfile/thumb/53a1704f76dbe.jpg', '茉莉花 儿歌 大全', '儿歌大全之茉莉花', 1, 'http://localhost/bordon/index.php?m=content&c=index&a=show&catid=14&id=534', 0, 99, 1, 0, 'master', 1403088888, 1403088975, '1', '', '', '', '2', '4', '1'),
(533, 14, 0, '三只小鸟15', '', 'http://202.120.83.180/phpcms/uploadfile/thumb/53a16f48ba7c9.jpg', '三只小鸟', '三只小鸟15', 1, 'http://localhost/bordon/index.php?m=content&c=index&a=show&catid=14&id=533', 0, 99, 1, 0, 'master', 1403088631, 1403088712, '1', '', '', '', '', '', ''),
(536, 97, 0, '11', '', 'http://202.120.83.180/phpcms/uploadfile/thumb/53a2369ff32b3.jpg', '', '', 0, 'http://localhost/bordon/index.php?m=content&c=index&a=show&catid=97&id=536', 0, 99, 1, 0, 'AdministratorSakai', 1403139743, 1403139743, '', '', '', '', '', '', ''),
(537, 97, 0, '11', '', 'http://202.120.83.180/phpcms/uploadfile/thumb/53a236c8465da.jpg', '', '', 0, 'http://localhost/bordon/index.php?m=content&c=index&a=show&catid=97&id=537', 0, 99, 1, 0, 'AdministratorSakai', 1403139784, 1403139784, '', '', '', '', '', '', ''),
(538, 97, 0, '11', '', 'http://202.120.83.180/phpcms/uploadfile/thumb/53a23c9841328.jpg', '', '', 0, 'http://localhost/bordon/index.php?m=content&c=index&a=show&catid=97&id=538', 0, 99, 1, 0, 'AdministratorSakai', 1403141272, 1403141272, '', '', '', '', '', '', ''),
(539, 97, 0, '11', '', 'http://202.120.83.180/phpcms/uploadfile/thumb/53a23fe362630.jpg', '', '', 0, 'http://localhost/bordon/index.php?m=content&c=index&a=show&catid=97&id=539', 0, 99, 1, 0, 'AdministratorSakai', 1403142115, 1403142115, '', '', '', '', '', '', ''),
(540, 97, 0, '11', '', 'http://202.120.83.180/phpcms/uploadfile/thumb/53a241976d80e.jpg', '', '', 0, 'http://localhost/bordon/index.php?m=content&c=index&a=show&catid=97&id=540', 0, 99, 1, 0, 'AdministratorSakai', 1403142551, 1403142551, '', '', '', '', '', '', ''),
(541, 97, 0, '11', '', 'http://202.120.83.180/phpcms/uploadfile/thumb/53a241e124091.jpg', '', '', 0, 'http://localhost/bordon/index.php?m=content&c=index&a=show&catid=97&id=541', 0, 99, 1, 0, 'AdministratorSakai', 1403142625, 1403142625, '', '', '', '', '', '', ''),
(542, 97, 0, '11', '', 'http://202.120.83.180/phpcms/uploadfile/thumb/53a242f0ddfaa.jpg', '', '', 0, 'http://localhost/bordon/index.php?m=content&c=index&a=show&catid=97&id=542', 0, 99, 1, 0, 'AdministratorSakai', 1403142896, 1403142896, '', '', '', '', '', '', ''),
(543, 97, 0, '11', '', 'http://202.120.83.180/phpcms/uploadfile/thumb/53a244377613c.jpg', '', '', 0, 'http://localhost/bordon/index.php?m=content&c=index&a=show&catid=97&id=543', 0, 99, 1, 0, 'AdministratorSakai', 1403143223, 1403143223, '', '', '', '', '', '', ''),
(544, 97, 0, '11', '', 'http://202.120.83.180/phpcms/uploadfile/thumb/53a2451faea2d.jpg', '', '', 0, 'http://localhost/bordon/index.php?m=content&c=index&a=show&catid=97&id=544', 0, 99, 1, 0, 'AdministratorSakai', 1403143455, 1403143455, '', '', '', '', '', '', ''),
(545, 13, 0, '野生动物一个', '', 'http://202.120.83.180/phpcms/uploadfile/thumb/53a25a7b3a23a.jpg', '', '', 0, 'http://202.120.83.180/phpcms/index.php?m=content&c=index&a=show&catid=13&id=545', 0, 99, 1, 0, 'doraprince', 1403148923, 1403148923, '1', '', 'IT人员', '潘雷', '', '', ''),
(546, 13, 0, '野生动物', '', 'http://202.120.83.180/phpcms/uploadfile/thumb/53a25b06c2e04.jpg', '', '', 0, 'http://202.120.83.180/phpcms/index.php?m=content&c=index&a=show&catid=13&id=546', 0, 99, 1, 0, 'doraprince', 1403149062, 1403149062, '1', '', 'IT', '潘雷', '', '', ''),
(547, 97, 0, '11', '', 'http://202.120.83.180/phpcms/uploadfile/thumb/53a25bf1207ad.jpg', '', '', 0, 'http://localhost/bordon/index.php?m=content&c=index&a=show&catid=97&id=547', 0, 99, 1, 0, 'AdministratorSakai', 1403149297, 1403149297, '', '', '', '', '', '', ''),
(618, 11, 0, '11', '', '', '', '', 0, 'http://localhost/bordon/index.php?m=content&c=index&a=show&catid=11&id=618', 0, 99, 1, 0, 'AdministratorSakai', 1403856979, 1403856979, '', '', '', '', '', '', ''),
(619, 97, 0, '11', '', '', '', '', 0, 'http://localhost/bordon/index.php?m=content&c=index&a=show&catid=97&id=619', 0, 99, 1, 0, 'AdministratorSakai', 1403857086, 1403857086, '', '', '', '', '', '', ''),
(620, 97, 0, '11', '', 'http://202.120.83.180/phpcms/uploadfile/thumb/53ad291629fef.jpg', '', '', 0, 'http://localhost/bordon/index.php?m=content&c=index&a=show&catid=97&id=620', 0, 99, 1, 0, 'doraprince', 1403857174, 1403857174, '', '', '', '', '', '', ''),
(621, 13, 0, '11', '', '', '', '', 0, 'http://202.120.83.180/phpcms/index.php?m=content&c=index&a=show&catid=13&id=621', 0, 99, 1, 0, 'AdministratorSakai', 1403857510, 1403857510, '', '', '', '', '', '', ''),
(622, 97, 0, '11', '', '', '', '', 0, 'http://localhost/bordon/index.php?m=content&c=index&a=show&catid=97&id=622', 0, 99, 1, 0, 'AdministratorSakai', 1403858190, 1403858190, '', '', '', '', '', '', ''),
(623, 97, 0, '11', '', 'http://202.120.83.180/phpcms/uploadfile/thumb/53ad2d32f3efc.jpg', '', '', 0, 'http://localhost/bordon/index.php?m=content&c=index&a=show&catid=97&id=623', 0, 99, 1, 0, 'doraprince', 1403858226, 1403858226, '', '', '', '', '', '', ''),
(553, 97, 0, '11', '', 'http://202.120.83.180/phpcms/uploadfile/thumb/53a276ba2703e.jpg', '', '', 0, 'http://localhost/bordon/index.php?m=content&c=index&a=show&catid=97&id=553', 0, 99, 1, 0, 'AdministratorSakai', 1403156154, 1403156154, '', '', '', '', '', '', ''),
(624, 97, 0, '11', '', '', '', '', 0, 'http://localhost/bordon/index.php?m=content&c=index&a=show&catid=97&id=624', 0, 99, 1, 0, 'AdministratorSakai', 1403858553, 1403858553, '', '', '', '', '', '', ''),
(625, 97, 0, '11', '', '', '', '', 0, 'http://localhost/bordon/index.php?m=content&c=index&a=show&catid=97&id=625', 0, 99, 1, 0, 'AdministratorSakai', 1403858848, 1403858848, '', '', '', '', '', '', ''),
(626, 11, 0, '11', '', '', '', '', 0, 'http://localhost/bordon/index.php?m=content&c=index&a=show&catid=11&id=626', 0, 99, 1, 0, 'AdministratorSakai', 1403859035, 1403859035, '', '', '', '', '', '', ''),
(627, 97, 0, '11', '', '', '', '', 0, 'http://localhost/bordon/index.php?m=content&c=index&a=show&catid=97&id=627', 0, 99, 1, 0, 'AdministratorSakai', 1403859061, 1403859061, '', '', '', '', '', '', ''),
(558, 13, 0, '歌声与微笑', '', 'http://202.120.83.180/phpcms/uploadfile/thumb/53a2e0058bfe2.jpg', '歌声', '歌声与微笑，毕加猪出版的优质儿童动画片', 1, 'http://202.120.83.180/phpcms/index.php?m=content&c=index&a=show&catid=13&id=558', 0, 99, 1, 0, 'master', 1403182951, 1403224152, '1', '', '毕加猪是一个受小朋友们喜爱的动画集', '毕加猪', '', '', ''),
(559, 13, 0, '动画片', '', 'http://202.120.83.180/phpcms/uploadfile/thumb/53a2e06d47a46.jpg', '动画', '动画片', 0, 'http://202.120.83.180/phpcms/index.php?m=content&c=index&a=show&catid=13&id=559', 0, 99, 1, 0, 'master', 1403183196, 1403223654, '1', '', '张三是一位知名的动画片研究专家', '张三', '2', '2', '1'),
(560, 13, 0, '野生动物', '', 'http://202.120.83.180/phpcms/uploadfile/thumb/53a2e0b991790.jpg', '野生动物', '野生动物', 0, 'http://202.120.83.180/phpcms/index.php?m=content&c=index&a=show&catid=13&id=560', 0, 99, 1, 0, 'master', 1403183272, 1403183289, '1', '', '', '', '', '', ''),
(561, 13, 0, '朵拉背包-16', '', 'http://202.120.83.180/phpcms/uploadfile/thumb/53a2e3366210b.jpg', '背包', '朵拉是一部小朋友们喜爱的动画片，她塑造了一个聪明、智慧和勇敢的形象。', 1, 'http://202.120.83.180/phpcms/index.php?m=content&c=index&a=show&catid=13&id=561', 0, 99, 1, 0, 'master', 1403183532, 1403224023, '1', '', '', '', '1', '2', '1'),
(562, 13, 0, '野生动物', '', 'http://202.120.83.180/phpcms/uploadfile/thumb/53a2e4aa43ddf.jpg', '野生动物', '华师大', 0, 'http://202.120.83.180/phpcms/index.php?m=content&c=index&a=show&catid=13&id=562', 0, 99, 1, 0, 'doraprince', 1403184069, 1403184298, '1', '', 'IT专家', '华师大', '', '', ''),
(563, 13, 0, '嘟嘟熊画报-快乐的一天', '', 'http://202.120.83.180/phpcms/uploadfile/thumb/53a2e514aa5e6.jpg', '画报', '嘟嘟熊画报-快乐的一天', 1, 'http://202.120.83.180/phpcms/index.php?m=content&c=index&a=show&catid=13&id=563', 0, 99, 1, 0, 'master', 1403184265, 1403184404, '1', '', '', '', '2', '2', '1'),
(604, 4, 0, 'asfas', '', '', '', '', 0, 'http://202.120.83.180/phpcms/index.php?m=content&c=index&a=show&catid=4&id=604', 0, 99, 1, 0, 'doraprince', 1403855703, 1403855703, '1asdf', '', 'asdf', '', '', '', ''),
(565, 13, 0, '野生动物样片', '', 'http://202.120.83.180/phpcms/uploadfile/thumb/53a2f985d5d9d.jpg', '野生 动物', '这是一部野生动物宣传片，号召人们都来爱护和保护野生动物资源，建设我们美好的地球家园', 1, 'http://202.120.83.180/phpcms/index.php?m=content&c=index&a=show&catid=13&id=565', 0, 99, 1, 0, 'doraprince', 1403189138, 1403223894, '1', '', '王增是一位野生动物保护志愿者，他一直积极投身于珍惜野生动物的保护工作', '王增', '', '', ''),
(628, 97, 0, '11', '', '', '', '', 0, 'http://localhost/bordon/index.php?m=content&c=index&a=show&catid=97&id=628', 0, 99, 1, 0, 'AdministratorSakai', 1403859413, 1403859413, '1', '', '', '', '', '', ''),
(629, 97, 0, '11', '', '', '', '', 0, 'http://localhost/bordon/index.php?m=content&c=index&a=show&catid=97&id=629', 0, 99, 1, 0, 'AdministratorSakai', 1403859825, 1403859825, '1', '', '', '', '', '', ''),
(630, 11, 0, '11', '', 'http://202.120.83.180/phpcms/uploadfile/thumb/53ad355fd4531.jpg', '', '', 0, 'http://localhost/bordon/index.php?m=content&c=index&a=show&catid=11&id=630', 0, 99, 1, 0, 'doraprince', 1403860319, 1403860319, '1', '', 'sd', 'asdf', '', '', ''),
(631, 97, 0, '11', '', '', '', '', 0, 'http://localhost/bordon/index.php?m=content&c=index&a=show&catid=97&id=631', 0, 99, 1, 0, 'AdministratorSakai', 1403860403, 1403860403, '1', '', '', '', '', '', ''),
(632, 11, 0, '11', '', 'http://202.120.83.180/phpcms/uploadfile/thumb/53ad369981f51.jpg', '', '', 0, 'http://localhost/bordon/index.php?m=content&c=index&a=show&catid=11&id=632', 0, 99, 1, 0, 'doraprince', 1403860633, 1403860633, '11', '', 'wqer', 'qwer', '', '', ''),
(633, 97, 0, '11', '', '', '', '', 0, 'http://localhost/bordon/index.php?m=content&c=index&a=show&catid=97&id=633', 0, 99, 1, 0, 'AdministratorSakai', 1403861564, 1403861564, '1', '', '', '', '', '', ''),
(634, 97, 0, '11', '', '', '', '', 0, 'http://localhost/bordon/index.php?m=content&c=index&a=show&catid=97&id=634', 0, 99, 1, 0, 'AdministratorSakai', 1403861682, 1403861682, '1', '', '', '', '', '', ''),
(635, 97, 0, '111', '', 'http://202.120.83.180/phpcms/uploadfile/thumb/53b0b1b213fbd.jpg', '', '', 0, 'http://localhost/bordon/index.php?m=content&c=index&a=show&catid=97&id=635', 0, 99, 1, 0, 'doraprince', 1404088754, 1404088754, '1', '', '', '', '', '', ''),
(636, 97, 0, '11', '', '', '', '', 0, 'http://localhost/bordon/index.php?m=content&c=index&a=show&catid=97&id=636', 0, 99, 1, 0, 'AdministratorSakai', 1404088993, 1404088993, '1', '', '', '', '', '', ''),
(637, 97, 0, '11', '', 'http://202.120.83.180/phpcms/uploadfile/thumb/53b0b31e1fc7c.jpg', '', '', 0, 'http://localhost/bordon/index.php?m=content&c=index&a=show&catid=97&id=637', 0, 99, 1, 0, 'doraprince', 1404089118, 1404089118, '', '', '', '', '', '', ''),
(638, 11, 0, '11', '', '', '', '', 0, 'http://localhost/bordon/index.php?m=content&c=index&a=show&catid=11&id=638', 0, 99, 1, 0, 'doraprince', 1404089270, 1404089270, '', '', '', '', '', '', ''),
(639, 97, 0, '11', '', '', '', '', 0, 'http://localhost/bordon/index.php?m=content&c=index&a=show&catid=97&id=639', 0, 99, 1, 0, 'doraprince', 1404089322, 1404089322, '', '', '', '', '', '', ''),
(640, 97, 0, '11', '', 'http://202.120.83.180/phpcms/uploadfile/thumb/53b0b4198c2f7.jpg', '', '', 0, 'http://localhost/bordon/index.php?m=content&c=index&a=show&catid=97&id=640', 0, 99, 1, 0, 'doraprince', 1404089369, 1404089369, '', '', '', '', '', '', ''),
(641, 97, 0, '11', '', '', '', '', 0, 'http://localhost/bordon/index.php?m=content&c=index&a=show&catid=97&id=641', 0, 99, 1, 0, 'doraprince', 1404089393, 1404089393, '', '', '', '', '', '', ''),
(642, 11, 0, '11', '', '', '', '', 0, 'http://localhost/bordon/index.php?m=content&c=index&a=show&catid=11&id=642', 0, 99, 1, 0, 'doraprince', 1404089674, 1404089674, '', '', '', '', '', '', ''),
(643, 97, 0, '11', '', 'http://202.120.83.180/phpcms/uploadfile/thumb/53b0b79bb8202.jpg', '', '', 0, 'http://localhost/bordon/index.php?m=content&c=index&a=show&catid=97&id=643', 0, 99, 1, 0, 'doraprince', 1404090267, 1404090267, '', '', '', '', '', '', ''),
(644, 97, 0, '11', '', '', '', '', 0, 'http://localhost/bordon/index.php?m=content&c=index&a=show&catid=97&id=644', 0, 99, 1, 0, 'doraprince', 1404090275, 1404090275, '', '', '', '', '', '', ''),
(645, 97, 0, '11', '', 'http://202.120.83.180/phpcms/uploadfile/thumb/53b0bc5fa1dd1.jpg', '', '', 0, 'http://localhost/bordon/index.php?m=content&c=index&a=show&catid=97&id=645', 0, 99, 1, 0, 'AdministratorSakai', 1404091487, 1404091487, '1', '', '', '', '', '', ''),
(646, 97, 0, '11', '', 'http://202.120.83.180/phpcms/uploadfile/thumb/53b0bc9e1f80c.jpg', '', '', 0, 'http://localhost/bordon/index.php?m=content&c=index&a=show&catid=97&id=646', 0, 99, 1, 0, 'AdministratorSakai', 1404091550, 1404091550, '1', '', '', '', '', '', ''),
(647, 97, 0, '11', '', 'http://202.120.83.180/phpcms/uploadfile/thumb/53b0bdc1f3166.jpg', '', '', 0, 'http://localhost/bordon/index.php?m=content&c=index&a=show&catid=97&id=647', 0, 99, 1, 0, 'AdministratorSakai', 1404091841, 1404091841, '1', '', '', '', '', '', ''),
(648, 97, 0, '11', '', 'http://202.120.83.180/phpcms/uploadfile/thumb/53b0bed96b32d.jpg', '', '', 0, 'http://localhost/bordon/index.php?m=content&c=index&a=show&catid=97&id=648', 0, 99, 1, 0, 'AdministratorSakai', 1404092121, 1404092121, '1', '', '', '', '', '', ''),
(649, 40, 0, 'h', '', 'uploadfile/thumb/53b181068db0f.jpg', '', '', 0, 'http://localhost/bordon/index.php?m=content&c=index&a=show&catid=40&id=649', 0, 99, 1, 0, 'master', 1404141832, 1404141830, '', '', '', '', '', '', ''),
(650, 40, 0, '3', '', 'uploadfile/thumb/53b1810886e04.jpg', '', '', 0, 'http://localhost/bordon/index.php?m=content&c=index&a=show&catid=40&id=650', 0, 99, 1, 0, 'master', 1404141833, 1404141830, '', '', '', '', '', '', ''),
(651, 40, 0, '2', '', 'uploadfile/thumb/53b18109a135a.jpg', '', '', 0, 'http://localhost/bordon/index.php?m=content&c=index&a=show&catid=40&id=651', 0, 99, 1, 0, 'master', 1404141834, 1404141830, '', '', '', '', '', '', ''),
(652, 40, 0, 'chenmingyu', '', 'uploadfile/thumb/53b182339497d.jpg', '', '', 0, 'http://localhost/bordon/index.php?m=content&c=index&a=show&catid=40&id=652', 0, 99, 1, 0, 'master', 1404142137, 1404142131, '', '', '', '', '', '', ''),
(653, 39, 0, 'gaoyiwuli', '', 'uploadfile/thumb/53b183dce0524.jpg', '', '', 0, 'http://localhost/bordon/index.php?m=content&c=index&a=show&catid=39&id=653', 0, 99, 1, 0, 'master', 1404142557, 1404142556, '', '', '', '', '', '', ''),
(654, 40, 0, 'gaoyiwuli', '', 'uploadfile/thumb/53b183dce0524.jpg', '', '', 0, 'http://localhost/bordon/index.php?m=content&c=index&a=show&catid=40&id=654', 0, 99, 1, 0, 'master', 1404142557, 1404142556, '', '', '', '', '', '', ''),
(655, 97, 0, '11', '', 'http://202.120.83.180/phpcms/uploadfile/thumb/53b20d3c2b7ac.jpg', '', '', 0, 'http://localhost/bordon/index.php?m=content&c=index&a=show&catid=97&id=655', 0, 99, 1, 0, 'AdministratorSakai', 1404177724, 1404177724, '1', '', '', '', '', '', ''),
(656, 97, 0, '11', '', 'http://202.120.83.180/phpcms/uploadfile/thumb/53b20d8300f52.jpg', '', '', 0, 'http://localhost/bordon/index.php?m=content&c=index&a=show&catid=97&id=656', 0, 99, 1, 0, 'AdministratorSakai', 1404177794, 1404177794, '1', '', '', '', '', '', ''),
(657, 97, 0, '11', '', 'http://202.120.83.180/phpcms/uploadfile/thumb/53b21215099fd.jpg', '', '', 0, 'http://localhost/bordon/index.php?m=content&c=index&a=show&catid=97&id=657', 0, 99, 1, 0, 'AdministratorSakai', 1404178965, 1404178965, '1', '', '', '', '', '', ''),
(658, 97, 0, '11', '', 'http://202.120.83.180/phpcms/uploadfile/thumb/53b21270d2715.jpg', '', '', 0, 'http://localhost/bordon/index.php?m=content&c=index&a=show&catid=97&id=658', 0, 99, 1, 0, 'AdministratorSakai', 1404179056, 1404179056, '1', '', '', '', '', '', ''),
(659, 11, 0, '11', '', 'http://202.120.83.180/phpcms/uploadfile/thumb/53b212e939b71.jpg', '', '', 0, 'http://localhost/bordon/index.php?m=content&c=index&a=show&catid=11&id=659', 0, 99, 1, 0, 'doraprince', 1404179177, 1404179177, '11', '', 'qwe', 'qwer', '', '', ''),
(660, 11, 0, '11', '', 'http://202.120.83.180/phpcms/uploadfile/thumb/53b21344f0de9.jpg', '', '', 0, 'http://localhost/bordon/index.php?m=content&c=index&a=show&catid=11&id=660', 0, 99, 1, 0, 'doraprince', 1404179268, 1404179268, '11', '', 'qwer', 'qwer', '', '', ''),
(661, 191, 0, '微视频资源1', '', '', '资源 视频', '微视频资源1', 0, 'http://localhost/bordon/index.php?m=content&c=index&a=show&catid=191&id=661', 0, 99, 1, 0, 'doraprince', 1404278381, 1404278438, '1', '', '最好的老师', '赵华', '1', '2', '2'),
(662, 191, 0, '微视频资源2', '', '', '资源 视频', '微视频资源2', 0, 'http://localhost/bordon/index.php?m=content&c=index&a=show&catid=191&id=662', 0, 99, 1, 0, 'doraprince', 1404278440, 1404278466, '1', '', '最帅的老师', '张三', '2', '2', '2'),
(663, 191, 0, '微视频资源', '', '', '资源 视频', '微视频资源', 0, 'http://localhost/bordon/index.php?m=content&c=index&a=show&catid=191&id=663', 0, 99, 1, 0, 'doraprince', 1404279203, 1404279214, '1', '', '微视频资源 ', '微视频资源 ', '', '', ''),
(664, 191, 0, '微视频资源', '', '', '资源 视频', '微视频资源', 0, 'http://localhost/bordon/index.php?m=content&c=index&a=show&catid=191&id=664', 0, 99, 1, 0, 'doraprince', 1404279217, 1404279225, '1', '', '微视频资源', '微视频资源 ', '', '', ''),
(665, 191, 0, '微视频资源', '', '', '资源 视频', '微视频资源', 0, 'http://localhost/bordon/index.php?m=content&c=index&a=show&catid=191&id=665', 0, 99, 1, 0, 'doraprince', 1404279226, 1404279233, '1', '', '微视频资源 ', '微视频资源 ', '2', '10', '2');
INSERT INTO `v9_video` (`id`, `catid`, `typeid`, `title`, `style`, `thumb`, `keywords`, `description`, `posids`, `url`, `listorder`, `status`, `sysadd`, `islink`, `username`, `inputtime`, `updatetime`, `vision`, `video_category`, `tea_des`, `tea_name`, `xueduan`, `xueke`, `nianji`) VALUES
(666, 191, 0, '微视频资源', '', '', '资源 视频', '微视频资源微视频资源', 0, 'http://localhost/bordon/index.php?m=content&c=index&a=show&catid=191&id=666', 0, 99, 1, 0, 'doraprince', 1404279235, 1404279241, '1', '', '微视频资源 微视频资源 ', '', '3', '4', '3'),
(667, 191, 0, '微视频资源', '', '', '资源 视频', '微视频资源微视频资源', 0, 'http://localhost/bordon/index.php?m=content&c=index&a=show&catid=191&id=667', 0, 99, 1, 0, 'doraprince', 1404279244, 1404279252, '1', '', '微视频资源 微视频资源 ', '', '1', '18', '2'),
(668, 191, 0, '微视频资源', '', '', '资源 视频', '微视频资源微视频资源', 0, 'http://localhost/bordon/index.php?m=content&c=index&a=show&catid=191&id=668', 0, 99, 1, 0, 'doraprince', 1404279254, 1404279261, '1', '', '微视频资源 ', '微视频资源 ', '2', '4', '3'),
(669, 191, 0, '微视频资源', '', '', '资源 视频', '微视频资源 ', 0, 'http://localhost/bordon/index.php?m=content&c=index&a=show&catid=191&id=669', 0, 99, 1, 0, 'doraprince', 1404279263, 1404279270, '1', '', '微视频资源 ', '微视频资源 ', '2', '12', '3'),
(670, 191, 0, '微视频资源', '', '', '资源 视频', '微视频资源 ', 0, 'http://localhost/bordon/index.php?m=content&c=index&a=show&catid=191&id=670', 0, 99, 1, 0, 'doraprince', 1404279272, 1404279280, '1', '', '微视频资源 微视频资源 ', '微视频资源 ', '', '12', ''),
(671, 191, 0, '微视频资源', '', '', '资源 视频', '微视频资源', 0, 'http://localhost/bordon/index.php?m=content&c=index&a=show&catid=191&id=671', 0, 99, 1, 0, 'doraprince', 1404279282, 1404279289, '1', '', '微视频资源 ', '', '3', '3', ''),
(672, 191, 0, '微视频资源', '', '', '资源 视频', '微视频资源', 0, 'http://localhost/bordon/index.php?m=content&c=index&a=show&catid=191&id=672', 0, 99, 1, 0, 'doraprince', 1404279291, 1404279294, '1', '', '', '', '', '', ''),
(673, 191, 0, '微视频资源', '', '', '资源 视频', '微视频资源', 0, 'http://localhost/bordon/index.php?m=content&c=index&a=show&catid=191&id=673', 0, 99, 1, 0, 'doraprince', 1404279295, 1404279297, '1', '', '', '', '', '', ''),
(674, 191, 0, '微视频资源', '', '', '资源 视频', '微视频资源', 0, 'http://localhost/bordon/index.php?m=content&c=index&a=show&catid=191&id=674', 0, 99, 1, 0, 'doraprince', 1404279299, 1404279301, '1', '', '', '', '', '', ''),
(675, 191, 0, '微视频资源', '', '', '资源 视频', '微视频资源', 0, 'http://localhost/bordon/index.php?m=content&c=index&a=show&catid=191&id=675', 0, 99, 1, 0, 'doraprince', 1404279303, 1404279305, '1', '', '', '', '', '', ''),
(676, 191, 0, '微视频资源', '', '', '资源 视频', '微视频资源', 0, 'http://localhost/bordon/index.php?m=content&c=index&a=show&catid=191&id=676', 0, 99, 1, 0, 'doraprince', 1404279307, 1404279309, '1', '', '', '', '', '', ''),
(677, 191, 0, '微视频资源', '', '', '资源 视频', '微视频资源', 0, 'http://localhost/bordon/index.php?m=content&c=index&a=show&catid=191&id=677', 0, 99, 1, 0, 'doraprince', 1404279310, 1404279313, '1', '', '', '', '', '', ''),
(678, 191, 0, '微视频资源', '', '', '资源 视频', '微视频资源', 0, 'http://localhost/bordon/index.php?m=content&c=index&a=show&catid=191&id=678', 0, 99, 1, 0, 'doraprince', 1404279315, 1404279317, '1', '', '', '', '', '', ''),
(679, 191, 0, '微视频资源', '', '', '资源 视频', '微视频资源', 0, 'http://localhost/bordon/index.php?m=content&c=index&a=show&catid=191&id=679', 0, 99, 1, 0, 'doraprince', 1404279318, 1404279341, '1', '', '', '', '', '', ''),
(680, 191, 0, '微视频资源', '', '', '资源 视频', '微视频资源', 0, 'http://localhost/bordon/index.php?m=content&c=index&a=show&catid=191&id=680', 0, 99, 1, 0, 'doraprince', 1404279343, 1404279345, '1', '', '', '', '', '', ''),
(681, 191, 0, '微视频资源', '', '', '资源 视频', '微视频资源', 0, 'http://localhost/bordon/index.php?m=content&c=index&a=show&catid=191&id=681', 0, 99, 1, 0, 'doraprince', 1404279347, 1404279349, '1', '', '', '', '', '', ''),
(682, 191, 0, '微视频资源', '', '', '资源 视频', '微视频资源', 0, 'http://localhost/bordon/index.php?m=content&c=index&a=show&catid=191&id=682', 0, 99, 1, 0, 'doraprince', 1404279351, 1404279353, '1', '', '', '', '', '', ''),
(683, 191, 0, '微视频资源', '', '', '资源 视频', '微视频资源', 0, 'http://localhost/bordon/index.php?m=content&c=index&a=show&catid=191&id=683', 0, 99, 1, 0, 'doraprince', 1404279355, 1404279356, '1', '', '', '', '', '', ''),
(684, 189, 0, '翻转后视频', '', '', '视频', '翻转后视频翻转后视频', 0, 'http://localhost/bordon/index.php?m=content&c=index&a=show&catid=189&id=684', 0, 99, 1, 0, 'doraprince', 1404294972, 1404294985, '1', '', '翻转后视频', '翻转后视频', '1', '18', '2'),
(685, 189, 0, '翻转后视频', '', '', '视频', '翻转后视频', 0, 'http://localhost/bordon/index.php?m=content&c=index&a=show&catid=189&id=685', 0, 99, 1, 0, 'doraprince', 1404294987, 1404294994, '1', '', '', '翻转后视频', '3', '3', '3'),
(686, 189, 0, '翻转后视频3', '', '', '视频', '翻转后视频', 0, 'http://localhost/bordon/index.php?m=content&c=index&a=show&catid=189&id=686', 0, 99, 1, 0, 'doraprince', 1404294996, 1404295001, '1', '', '', '', '', '', '');

-- --------------------------------------------------------

--
-- 表的结构 `v9_video_content`
--

CREATE TABLE IF NOT EXISTS `v9_video_content` (
  `contentid` int(10) unsigned NOT NULL DEFAULT '0',
  `modelid` smallint(5) unsigned NOT NULL DEFAULT '0',
  `videoid` int(10) unsigned NOT NULL DEFAULT '0',
  `listorder` smallint(5) unsigned NOT NULL DEFAULT '0',
  KEY `videoid` (`videoid`)
) ENGINE=MyISAM DEFAULT CHARSET=utf8;

-- --------------------------------------------------------

--
-- 表的结构 `v9_video_data`
--

CREATE TABLE IF NOT EXISTS `v9_video_data` (
  `id` mediumint(8) unsigned DEFAULT '0',
  `content` text NOT NULL,
  `readpoint` smallint(5) unsigned NOT NULL DEFAULT '0',
  `groupids_view` varchar(100) NOT NULL,
  `paginationtype` tinyint(1) NOT NULL,
  `maxcharperpage` mediumint(6) NOT NULL,
  `template` varchar(30) NOT NULL,
  `paytype` tinyint(1) unsigned NOT NULL DEFAULT '0',
  `allow_comment` tinyint(1) unsigned NOT NULL DEFAULT '1',
  `relation` varchar(255) NOT NULL DEFAULT '',
  `video` tinyint(3) unsigned NOT NULL DEFAULT '0',
  `bgsound` mediumtext NOT NULL,
  `local_video` varchar(255) NOT NULL DEFAULT '',
  KEY `id` (`id`)
) ENGINE=MyISAM DEFAULT CHARSET=utf8;

--
-- 转存表中的数据 `v9_video_data`
--

INSERT INTO `v9_video_data` (`id`, `content`, `readpoint`, `groupids_view`, `paginationtype`, `maxcharperpage`, `template`, `paytype`, `allow_comment`, `relation`, `video`, `bgsound`, `local_video`) VALUES
(462, '鏈?', 0, '', 0, 0, '', 0, 1, '', 0, '', ''),
(463, '涓婃捣甯傜?涓', 0, '', 0, 0, '', 0, 1, '', 0, '', ''),
(396, 'sakai测试节目', 0, '', 0, 0, '', 0, 1, '', 0, 'array (\n)', ''),
(397, 'sakai测试节目2sakai测试节目2', 0, '', 0, 0, '', 0, 1, '', 0, 'array (\n)', ''),
(398, '', 0, '', 0, 0, '', 0, 1, '', 0, 'array (\n)', ''),
(399, 'asdfasdf', 0, '', 0, 0, '', 0, 1, '', 0, 'array (\n)', ''),
(400, 'asdfasdfas', 0, '', 0, 0, '', 0, 1, '', 0, 'array (\n)', ''),
(401, 'afd', 0, '', 0, 0, '', 0, 1, '', 0, 'array (\n)', ''),
(439, '鏈?', 0, '', 0, 0, '', 0, 1, '', 0, '', ''),
(440, '鏈?', 0, '', 0, 0, '', 0, 1, '', 0, '', ''),
(441, '鏈?', 0, '', 0, 0, '', 0, 1, '', 0, '', ''),
(442, '鏈?', 0, '', 0, 0, '', 0, 1, '', 0, '', ''),
(443, '鏈?', 0, '', 0, 0, '', 0, 1, '', 0, '', ''),
(444, '鏈?', 0, '', 0, 0, '', 0, 1, '', 0, '', ''),
(445, '鏈?', 0, '', 0, 0, '', 0, 1, '', 0, '', ''),
(446, '鏈?', 0, '', 0, 0, '', 0, 1, '', 0, '', ''),
(447, '鏈?', 0, '', 0, 0, '', 0, 1, '', 0, '', ''),
(448, '鏈?', 0, '', 0, 0, '', 0, 1, '', 0, '', ''),
(449, '鏈?', 0, '', 0, 0, '', 0, 1, '', 0, '', ''),
(450, '鏈?', 0, '', 0, 0, '', 0, 1, '', 0, '', ''),
(451, '鏈?', 0, '', 0, 0, '', 0, 1, '', 0, '', ''),
(452, '鏈?', 0, '', 0, 0, '', 0, 1, '', 0, '', ''),
(453, '鏈?', 0, '', 0, 0, '', 0, 1, '', 0, '', ''),
(454, '鏈?', 0, '', 0, 0, '', 0, 1, '', 0, '', ''),
(455, '鏈?', 0, '', 0, 0, '', 0, 1, '', 0, '', ''),
(456, '涓婃捣甯傜?涓', 0, '', 0, 0, '', 0, 1, '', 0, '', ''),
(457, '涓婃捣甯傜?涓', 0, '', 0, 0, '', 0, 1, '', 0, '', ''),
(458, '鏈?', 0, '', 0, 0, '', 0, 1, '', 0, '', ''),
(459, '鏈?', 0, '', 0, 0, '', 0, 1, '', 0, '', ''),
(460, '鏈?', 0, '', 0, 0, '', 0, 1, '', 0, '', ''),
(461, '鏈?', 0, '', 0, 0, '', 0, 1, '', 0, '', ''),
(601, 'asf', 0, '', 0, 0, '', 0, 1, '', 0, '', ',uploadfile/video/org/___Westlife__You_Raise_Me_Up_1080p%20%284%29.flv|'),
(408, '鏈?', 0, '', 0, 0, '', 0, 1, '', 0, '', ''),
(409, '鏈?', 0, '', 0, 0, '', 0, 1, '', 0, '', ''),
(410, '鏈?', 0, '', 0, 0, '', 0, 1, '', 0, '', ''),
(411, '鏈?', 0, '', 0, 0, '', 0, 1, '', 0, '', ''),
(412, '鏈?', 0, '', 0, 0, '', 0, 1, '', 0, '', ''),
(413, '鏈?', 0, '', 0, 0, '', 0, 1, '', 0, '', ''),
(414, '鏈?', 0, '', 0, 0, '', 0, 1, '', 0, '', ''),
(415, '鏈?', 0, '', 0, 0, '', 0, 1, '', 0, '', ''),
(416, '鏈?', 0, '', 0, 0, '', 0, 1, '', 0, '', ''),
(417, 'asdf', 0, '', 0, 0, '', 0, 1, '', 0, '', ''),
(418, 'sd', 0, '', 0, 0, '', 0, 1, '', 0, '', ''),
(419, '鏈?', 0, '', 0, 0, '', 0, 1, '', 0, '', ''),
(420, 'qwe', 0, '', 0, 0, '', 0, 1, '', 0, '', ''),
(421, '鏈?', 0, '', 0, 0, '', 0, 1, '', 0, '', ''),
(422, '鏈?', 0, '', 0, 0, '', 0, 1, '', 0, '', ''),
(423, '鏈?', 0, '', 0, 0, '', 0, 1, '', 0, '', ''),
(424, '鏈?', 0, '', 0, 0, '', 0, 1, '', 0, '', ''),
(425, '鏈?', 0, '', 0, 0, '', 0, 1, '', 0, '', ''),
(426, '鏈?', 0, '', 0, 0, '', 0, 1, '', 0, '', ''),
(427, '鏈?', 0, '', 0, 0, '', 0, 1, '', 0, '', ''),
(428, '鏈?', 0, '', 0, 0, '', 0, 1, '', 0, '', ''),
(429, '鏈?', 0, '', 0, 0, '', 0, 1, '', 0, '', ''),
(430, '鏈?', 0, '', 0, 0, '', 0, 1, '', 0, '', ''),
(431, '鏈?', 0, '', 0, 0, '', 0, 1, '', 0, '', ''),
(432, '鏈?', 0, '', 0, 0, '', 0, 1, '', 0, '', ''),
(433, '鏈?', 0, '', 0, 0, '', 0, 1, '', 0, '', ''),
(434, '鏈?', 0, '', 0, 0, '', 0, 1, '', 0, '', ''),
(435, '鏈?', 0, '', 0, 0, '', 0, 1, '', 0, '', ''),
(436, '鏈?', 0, '', 0, 0, '', 0, 1, '', 0, '', ''),
(437, '鏈?', 0, '', 0, 0, '', 0, 1, '', 0, '', ''),
(438, '鏈?', 0, '', 0, 0, '', 0, 1, '', 0, '', ''),
(567, '全髋关节置换手术，三维医学动画', 0, '', 0, 0, '', 0, 1, '', 0, '', '53a38337d1a01.mp4|'),
(568, '心脏搭桥手术', 0, '', 0, 0, '', 0, 1, '', 0, '', '53a3837021ee3.mp4|'),
(569, '这是一部关于宇宙第二大爆炸的科幻片', 0, '', 0, 0, '', 0, 1, '', 0, '', '53a384345f89f.mp4|'),
(464, '涓婃捣甯傜?浜屼腑瀛', 0, '', 0, 0, '', 0, 1, '', 0, '', ''),
(465, '鏈?', 0, '', 0, 0, '', 0, 1, '', 0, '', ''),
(466, '鏈?', 0, '', 0, 0, '', 0, 1, '', 0, '', ''),
(467, '涓婃捣甯傜?涓', 0, '', 0, 0, '', 0, 1, '', 0, '', ''),
(468, '涓婃捣甯傜?浜屼腑瀛', 0, '', 0, 0, '', 0, 1, '', 0, '', ''),
(469, '鏈?', 0, '', 0, 0, '', 0, 1, '', 0, '', ''),
(470, '鏈?', 0, '', 0, 0, '', 0, 1, '', 0, '', ''),
(471, '鏈?', 0, '', 0, 0, '', 0, 1, '', 0, '', ''),
(472, '鏈?', 0, '', 0, 0, '', 0, 1, '', 0, '', ''),
(473, '鏈?', 0, '', 0, 0, '', 0, 1, '', 0, '', ''),
(602, 'asfd', 0, '', 0, 0, '', 0, 1, '', 0, '', ',uploadfile/video/org/684651153122.flv|'),
(477, '', 0, '', 0, 0, '', 0, 1, '', 0, '', ''),
(478, '', 0, '', 0, 0, '', 0, 1, '', 0, '', ''),
(479, '鏈?', 0, '', 0, 0, '', 0, 1, '', 0, '', ''),
(593, '未选择', 0, '', 0, 0, '', 0, 1, '', 0, '', 'uploadfile/video/org/___Westlife__You_Raise_Me_Up_1080p (1).flv|'),
(594, '未选择', 0, '', 0, 0, '', 0, 1, '', 0, '', 'uploadfile/video/org/wmv|'),
(595, '<span class="fileName">01卡文迪什扭秤实验</span>', 0, '', 0, 0, '', 0, 1, '', 0, '', '53ace3f2c374f.mp4|'),
(578, '<span class="fileName">洪恩幼儿英语第1册第5单元</span>', 0, '', 0, 0, '', 0, 1, '', 0, '', '53a9053f21cb2.mp4|'),
(579, '测试测试测试测试测试测试', 0, '', 0, 0, '', 0, 1, '', 0, '', '53a9230f280e2.mp4|'),
(580, '', 0, '', 0, 0, '', 0, 1, '', 0, '', '53a927e7307b8.mp4|'),
(596, '', 0, '', 0, 0, '', 0, 1, '', 0, '', '53ad1283ae403.mp4|'),
(597, '未选择', 0, '', 0, 0, '', 0, 1, '', 0, '', 'uploadfile/video/org/___Westlife__You_Raise_Me_Up_1080p (2).flv|'),
(598, '未选择', 0, '', 0, 0, '', 0, 1, '', 0, '', 'uploadfile/video/org/wmv (1) (1)|'),
(599, '未选择', 0, '', 0, 0, '', 0, 1, '', 0, '', 'uploadfile/video/org/___Westlife__You_Raise_Me_Up_1080p (3).flv|'),
(600, '未选择', 0, '', 0, 0, '', 0, 1, '', 0, '', 'uploadfile/video/org/wmv (1) (1) (1)|'),
(590, '', 0, '', 0, 0, '', 0, 1, '', 0, '', '53a927a25e673.mp4|'),
(591, '未选择', 0, '', 0, 0, '', 0, 1, '', 0, '', 'uploadfile/video/org/tttmmm.mp4|'),
(592, '未选择', 0, '', 0, 0, '', 0, 1, '', 0, '', 'uploadfile/video/org/mmmttyy.mp4|'),
(576, '<span class="fileName">人文素质与创新意识2</span>', 0, '', 0, 0, '', 0, 1, '', 0, '', '53a406467e8d0.mp4|'),
(512, '未选择', 0, '', 0, 0, '', 0, 1, '', 0, '', '53a137ff3b87b.mp4|'),
(513, '未选择', 0, '', 0, 0, '', 0, 1, '', 0, '', '53a138dbd2476.mp4|'),
(514, '未选择', 0, '', 0, 0, '', 0, 1, '', 0, '', '53a1395c63603.mp4|'),
(515, '未选择', 0, '', 0, 0, '', 0, 1, '', 0, '', '53a13a8485199.mp4|'),
(516, '未选择', 0, '', 0, 0, '', 0, 1, '', 0, '', '53a13b5e4dabf.mp4|'),
(517, '未选择', 0, '', 0, 0, '', 0, 1, '', 0, '', '53a13c7f16c48.mp4|'),
(566, '手术现场，急生心肌梗死的介入治疗', 0, '', 0, 0, '', 0, 1, '', 0, '', '53a3827b0c51b.mp4|'),
(535, '外星车', 0, '', 0, 0, '', 0, 1, '', 0, 'array (\n)', '53a195bc841bb.mp4|'),
(570, '<span class="fileName">恒星与星系的形成</span>', 0, '', 0, 0, '', 0, 1, '', 0, '', '|'),
(571, '未选择', 0, '', 0, 0, '', 0, 1, '', 0, '', 'uploadfile/video/org/jwtestoneo (14).mp4|'),
(572, '未选择', 0, '', 0, 0, '', 0, 1, '', 0, '', 'uploadfile/video/org/jwtestoneo (15).mp4|'),
(573, '未选择', 0, '', 0, 0, '', 0, 1, '', 0, '', 'uploadfile/video/org/jwtestoneo (16).mp4|'),
(574, '<span class="fileName">&ldquo;嫦娥三号&rdquo;两器分离过程回放</span>', 0, '', 0, 0, '', 0, 1, '', 0, '', '53a3d6d49922a.mp4|'),
(575, '&ldquo;嫦娥三号&rdquo;着陆全程精彩画面回顾', 0, '', 0, 0, '', 0, 1, '', 0, '', '53a3d7cc3224b.mp4|'),
(529, '这是一部野生动物保护宣传片', 0, '', 0, 0, '', 0, 1, '', 0, 'array (\n)', '53a1688a08fb5.mp4|'),
(530, '幼儿画报动画版7', 0, '', 0, 0, '', 0, 1, '', 0, 'array (\n)', '53a16ca9983df.mp4|'),
(533, '三只小鸟15', 0, '', 0, 0, '', 0, 1, '', 0, 'array (\n)', '53a16f48ba7c9.mp4|'),
(534, '儿歌大全之茉莉花', 0, '', 0, 0, '', 0, 1, '', 0, 'array (\n)', '53a1704f76dbe.mp4|'),
(536, '未选择', 0, '', 0, 0, '', 0, 1, '', 0, '', '53a2369ff32b3.mp4|'),
(537, '未选择', 0, '', 0, 0, '', 0, 1, '', 0, '', '53a236c8465da.mp4|'),
(538, '未选择', 0, '', 0, 0, '', 0, 1, '', 0, '', '53a23c9841328.mp4|'),
(539, '未选择', 0, '', 0, 0, '', 0, 1, '', 0, '', '53a23fe362630.mp4|'),
(540, '未选择', 0, '', 0, 0, '', 0, 1, '', 0, '', '53a241976d80e.mp4|'),
(541, '未选择', 0, '', 0, 0, '', 0, 1, '', 0, '', '53a241e124091.mp4|'),
(542, '未选择', 0, '', 0, 0, '', 0, 1, '', 0, '', '53a242f0ddfaa.mp4|'),
(543, '未选择', 0, '', 0, 0, '', 0, 1, '', 0, '', '53a244377613c.mp4|'),
(544, '未选择', 0, '', 0, 0, '', 0, 1, '', 0, '', '53a2451faea2d.mp4|'),
(545, '内容', 0, '', 0, 0, '', 0, 1, '', 0, '', '53a25a7b3a23a.mp4|'),
(546, '内容', 0, '', 0, 0, '', 0, 1, '', 0, '', '53a25b06c2e04.mp4|'),
(547, '未选择', 0, '', 0, 0, '', 0, 1, '', 0, '', '53a25bf1207ad.mp4|'),
(603, 'asdf', 0, '', 0, 0, '', 0, 1, '', 0, '', '53ad21722caab.mp4|'),
(604, '', 0, '', 0, 0, '', 0, 1, '', 0, '', ',uploadfile/video/org/684651153122%20%281%29.flvasf|'),
(553, '未选择', 0, '', 0, 0, '', 0, 1, '', 0, '', '53a276ba2703e.mp4|'),
(605, '', 0, '', 0, 0, '', 0, 1, '', 0, '', ',uploadfile/video/org/684651153122%20%281%29.flvasf|'),
(606, '', 0, '', 0, 0, '', 0, 1, '', 0, '', ',uploadfile/video/org/684651153122%20%281%29.flv|'),
(558, '歌声与微笑，毕加猪出版的优质儿童动画片', 0, '', 0, 0, '', 0, 1, '', 0, '', '53a2e0058bfe2.mp4|'),
(559, '这是一部动画片影像', 0, '', 0, 0, '', 0, 1, '', 0, '', '53a2e06d47a46.mp4|'),
(560, '野生动物', 0, '', 0, 0, '', 0, 1, '', 0, '', '53a2e0b991790.mp4|'),
(561, '朵拉是一部小朋友们喜爱的动画片，她塑造了一个聪明、智慧和勇敢的形象。', 0, '', 0, 0, '', 0, 1, '', 0, '', '53a2e3366210b.mp4|'),
(562, '华师大华师大', 0, '', 0, 0, '', 0, 1, '', 0, '', '53a2e4aa43ddf.mp4|'),
(563, '<span class="fileName">嘟嘟熊画报-快乐的一天</span>', 0, '', 0, 0, '', 0, 1, '14', 0, '', '53a2e514aa5e6.mp4|'),
(577, '<span class="fileName">李克强总理的经济公开课</span>', 0, '', 0, 0, '', 0, 1, '', 0, '', '53a40a1fc7fb1.mp4|'),
(565, '这是一部野生动物宣传片，号召人们都来爱护和保护野生动物资源，建设我们美好的地球家园', 0, '', 0, 0, '', 0, 1, '', 0, '', '53a2f985d5d9d.mp4|'),
(607, '', 0, '', 0, 0, '', 0, 1, '', 0, '', ',uploadfile/video/org/684651153122%20%281%29.flv|'),
(608, '', 0, '', 0, 0, '', 0, 1, '', 0, '', ',uploadfile/video/org/684651153122%20%281%29.flv|'),
(609, '', 0, '', 0, 0, '', 0, 1, '', 0, '', ',uploadfile/video/org/684651153122%20%281%29.flv|'),
(610, '', 0, '', 0, 0, '', 0, 1, '', 0, '', '53ad25f5e13b5.mp4|'),
(611, '11', 0, '', 0, 0, '', 0, 1, '', 0, '', '53ad2669196a3.mp4|'),
(612, '11', 0, '', 0, 0, '', 0, 1, '', 0, '', '53ad269836d30.mp4|'),
(613, '未选择', 0, '', 0, 0, '', 0, 1, '', 0, '', 'uploadfile/video/org/684651153122 (3).flv|'),
(614, '未选择', 0, '', 0, 0, '', 0, 1, '', 0, '', 'uploadfile/video/org/wmv (1) (1) (1) (1) (1) (1)|'),
(615, '未选择', 0, '', 0, 0, '', 0, 1, '', 0, '', 'uploadfile/video/org/684651153122 (4).flv|'),
(616, '11', 0, '', 0, 0, '', 0, 1, '', 0, '', '53ad2760f2189.mp4|'),
(617, '', 0, '', 0, 0, '', 0, 1, '', 0, '', '53ad27fb962d9.mp4|'),
(618, '未选择', 0, '', 0, 0, '', 0, 1, '', 0, '', 'uploadfile/video/org/684651153122 (5).flv|'),
(619, '未选择', 0, '', 0, 0, '', 0, 1, '', 0, '', 'uploadfile/video/org/684651153122 (6).flv|'),
(620, '', 0, '', 0, 0, '', 0, 1, '', 0, '', '53ad291629fef.mp4|'),
(621, '未选择', 0, '', 0, 0, '', 0, 1, '', 0, '', 'uploadfile/video/org/684651153122 (7).flv|'),
(622, '未选择', 0, '', 0, 0, '', 0, 1, '', 0, '', 'uploadfile/video/org/684651153122 (8).flv|'),
(623, '', 0, '', 0, 0, '', 0, 1, '', 0, '', '53ad2d32f3efc.mp4|'),
(624, '未选择', 0, '', 0, 0, '', 0, 1, '', 0, '', 'uploadfile/video/org/684651153122 (9).flv|'),
(625, '未选择', 0, '', 0, 0, '', 0, 1, '', 0, '', 'uploadfile/video/org/684651153122 (10).flv|'),
(626, '未选择', 0, '', 0, 0, '', 0, 1, '', 0, '', 'uploadfile/video/org/684651153122 (11).flv|'),
(627, '未选择', 0, '', 0, 0, '', 0, 1, '', 0, '', 'uploadfile/video/org/684651153122 (12).flv|'),
(628, '未选择', 0, '', 0, 0, '', 0, 1, '', 0, '', 'uploadfile/video/org/684651153122 (13).flv|'),
(629, '未选择', 0, '', 0, 0, '', 0, 1, '', 0, '', 'uploadfile/video/org/wmv (1) (1) (1) (1) (1) (1) (1) (1) (1) (1) (1) (1) (1)|'),
(630, 'adsf', 0, '', 0, 0, '', 0, 1, '', 0, '', '53ad355fd4531.mp4,53ad356041fb2.mp4|'),
(631, '春田花花幼儿园', 0, '', 0, 0, '', 0, 1, '', 0, '', 'uploadfile/video/org/684651153122 (15).flv|'),
(632, 'qwer', 0, '', 0, 0, '', 0, 1, '', 0, '', '53ad369981f51.mp4|'),
(633, '未选择', 0, '', 0, 0, '', 0, 1, '', 0, '', 'uploadfile/video/org/684651153122 (17).flv|'),
(634, '上海第一中学', 0, '', 0, 0, '', 0, 1, '', 0, '', 'uploadfile/video/org/wmv (1) (1) (1) (1) (1) (1) (1) (1) (1) (1) (1) (1) (1) (1) (1)|'),
(635, '', 0, '', 0, 0, '', 0, 1, '', 0, '', '53b0b1b213fbd.mp4|'),
(636, '春田花花幼儿园', 0, '', 0, 0, '', 0, 1, '', 0, '', 'uploadfile/video/org/684651153122 (19).flv|'),
(637, '', 0, '', 0, 0, '', 0, 1, '', 0, '', '53b0b31e1fc7c.mp4|'),
(638, '', 0, '', 0, 0, '', 0, 1, '', 0, '', 'uploadfile/video/org/684651153122%20%2821%29.flv|'),
(639, '', 0, '', 0, 0, '', 0, 1, '', 0, '', 'uploadfile/video/org/wmv%20%281%29%20%281%29%20%281%29%20%281%29%20%281%29%20%281%29%20%281%29%20%281%29%20%281%29%20%281%29%20%281%29%20%281%29%20%281%29%20%281%29%20%281%29%20%281%29|'),
(640, '', 0, '', 0, 0, '', 0, 1, '', 0, '', '53b0b4198c2f7.mp4|'),
(641, '', 0, '', 0, 0, '', 0, 1, '', 0, '', 'uploadfile/video/org/wmv%20%281%29%20%281%29%20%281%29%20%281%29%20%281%29%20%281%29%20%281%29%20%281%29%20%281%29%20%281%29%20%281%29%20%281%29%20%281%29%20%281%29%20%281%29%20%281%29%20%281%29%20%281%29|'),
(642, '', 0, '', 0, 0, '', 0, 1, '', 0, '', 'uploadfile/video/org/684651153122%20%2822%29.flv|'),
(643, '', 0, '', 0, 0, '', 0, 1, '', 0, '', '53b0b79bb8202.mp4|'),
(644, '', 0, '', 0, 0, '', 0, 1, '', 0, '', 'uploadfile/video/org/684651153122%20%2823%29.flv|'),
(645, '未选择', 0, '', 0, 0, '', 0, 1, '', 0, '', '53b0bc5fa1dd1.mp4|'),
(646, '上海第一中学', 0, '', 0, 0, '', 0, 1, '', 0, '', '53b0bc9e1f80c.mp4|'),
(647, '未选择', 0, '', 0, 0, '', 0, 1, '', 0, '', '53b0bdc1f3166.mp4|'),
(648, '未选择', 0, '', 0, 0, '', 0, 1, '', 0, '', '53b0bed96b32d.mp4|'),
(649, 'we videos', 0, '', 0, 10000, '', 0, 1, '', 0, '', '53b181068db0f.mp4|'),
(650, 'we videos', 0, '', 0, 10000, '', 0, 1, '', 0, '', '53b1810886e04.mp4|'),
(651, 'we videos', 0, '', 0, 10000, '', 0, 1, '', 0, '', '53b18109a135a.mp4|'),
(652, 'we videos', 0, '', 0, 10000, '', 0, 1, '', 0, '', '53b182339497d.mp4|'),
(653, 'we videos', 0, '', 0, 10000, '', 0, 1, '', 0, '', '53b183dce0524.mp4|'),
(654, 'we videos', 0, '', 0, 10000, '', 0, 1, '', 0, '', '53b183dce0524.mp4|'),
(655, '未选择', 0, '', 0, 0, '', 0, 1, '', 0, '', '53b20d3c2b7ac.mp4|'),
(656, '未选择', 0, '', 0, 0, '', 0, 1, '', 0, '', '53b20d8300f52.mp4|'),
(657, '春田花花幼儿园', 0, '', 0, 0, '', 0, 1, '', 0, '', '53b21215099fd.mp4|'),
(658, '春田花花幼儿园', 0, '', 0, 0, '', 0, 1, '', 0, '', '53b21270d2715.mp4|'),
(659, 'qwer', 0, '', 0, 0, '', 0, 1, '', 0, '', '53b212e939b71.mp4|'),
(660, 'qwer', 0, '', 0, 0, '', 0, 1, '', 0, '', '53b21344f0de9.mp4|'),
(661, '微视频资源1', 0, '', 0, 0, '', 0, 1, '', 0, '', '|'),
(662, '微视频资源2', 0, '', 0, 0, '', 0, 1, '', 0, '', '|'),
(663, '<span style="color: rgb(68, 68, 68); font-family: tahoma, arial, 宋体, sans-serif; line-height: 18px;">微视频资源&nbsp;</span>', 0, '', 0, 0, '', 0, 1, '', 0, '', '|'),
(664, '<span style="color: rgb(68, 68, 68); font-family: tahoma, arial, 宋体, sans-serif; line-height: 18px;">微视频资源&nbsp;</span>', 0, '', 0, 0, '', 0, 1, '', 0, '', '|'),
(665, '<span style="color: rgb(68, 68, 68); font-family: tahoma, arial, 宋体, sans-serif; line-height: 18px;">微视频资源&nbsp;</span>', 0, '', 0, 0, '', 0, 1, '', 0, '', '|'),
(666, '<span style="color: rgb(68, 68, 68); font-family: tahoma, arial, 宋体, sans-serif; line-height: 18px;">微视频资源&nbsp;</span><span style="color: rgb(68, 68, 68); font-family: tahoma, arial, 宋体, sans-serif; line-height: 18px;">微视频资源&nbsp;</span>', 0, '', 0, 0, '', 0, 1, '', 0, '', '|'),
(667, '<span style="color: rgb(68, 68, 68); font-family: tahoma, arial, 宋体, sans-serif; line-height: 18px;">微视频资源&nbsp;</span><span style="color: rgb(68, 68, 68); font-family: tahoma, arial, 宋体, sans-serif; line-height: 18px;">微视频资源&nbsp;</span>', 0, '', 0, 0, '', 0, 1, '', 0, '', '|'),
(668, '<span style="color: rgb(68, 68, 68); font-family: tahoma, arial, 宋体, sans-serif; line-height: 18px;">微视频资源&nbsp;</span><span style="color: rgb(68, 68, 68); font-family: tahoma, arial, 宋体, sans-serif; line-height: 18px;">微视频资源&nbsp;</span>', 0, '', 0, 0, '', 0, 1, '', 0, '', '|'),
(669, '<span style="color: rgb(68, 68, 68); font-family: tahoma, arial, 宋体, sans-serif; line-height: 18px;">微视频资源&nbsp;</span>', 0, '', 0, 0, '', 0, 1, '', 0, '', '|'),
(670, '<span style="color: rgb(68, 68, 68); font-family: tahoma, arial, 宋体, sans-serif; line-height: 18px;">微视频资源&nbsp;</span>', 0, '', 0, 0, '', 0, 1, '', 0, '', '|'),
(671, '<span style="color: rgb(68, 68, 68); font-family: tahoma, arial, 宋体, sans-serif; line-height: 18px;">微视频资源&nbsp;</span>', 0, '', 0, 0, '', 0, 1, '', 0, '', '|'),
(672, '<span style="color: rgb(68, 68, 68); font-family: tahoma, arial, 宋体, sans-serif; line-height: 18px;">微视频资源&nbsp;</span>', 0, '', 0, 0, '', 0, 1, '', 0, '', '|'),
(673, '<span style="color: rgb(68, 68, 68); font-family: tahoma, arial, 宋体, sans-serif; line-height: 18px;">微视频资源&nbsp;</span>', 0, '', 0, 0, '', 0, 1, '', 0, '', '|'),
(674, '<span style="color: rgb(68, 68, 68); font-family: tahoma, arial, 宋体, sans-serif; line-height: 18px;">微视频资源&nbsp;</span>', 0, '', 0, 0, '', 0, 1, '', 0, '', '|'),
(675, '<span style="color: rgb(68, 68, 68); font-family: tahoma, arial, 宋体, sans-serif; line-height: 18px;">微视频资源&nbsp;</span>', 0, '', 0, 0, '', 0, 1, '', 0, '', '|'),
(676, '<span style="color: rgb(68, 68, 68); font-family: tahoma, arial, 宋体, sans-serif; line-height: 18px;">微视频资源&nbsp;</span>', 0, '', 0, 0, '', 0, 1, '', 0, '', '|'),
(677, '<span style="color: rgb(68, 68, 68); font-family: tahoma, arial, 宋体, sans-serif; line-height: 18px;">微视频资源&nbsp;</span>', 0, '', 0, 0, '', 0, 1, '', 0, '', '|'),
(678, '<span style="color: rgb(68, 68, 68); font-family: tahoma, arial, 宋体, sans-serif; line-height: 18px;">微视频资源&nbsp;</span>', 0, '', 0, 0, '', 0, 1, '', 0, '', '|'),
(679, '<span style="color: rgb(68, 68, 68); font-family: tahoma, arial, 宋体, sans-serif; line-height: 18px;">微视频资源&nbsp;</span>', 0, '', 0, 0, '', 0, 1, '', 0, '', '|'),
(680, '<span style="color: rgb(68, 68, 68); font-family: tahoma, arial, 宋体, sans-serif; line-height: 18px;">微视频资源&nbsp;</span>', 0, '', 0, 0, '', 0, 1, '', 0, '', '|'),
(681, '<span style="color: rgb(68, 68, 68); font-family: tahoma, arial, 宋体, sans-serif; line-height: 18px;">微视频资源&nbsp;</span>', 0, '', 0, 0, '', 0, 1, '', 0, '', '|'),
(682, '<span style="color: rgb(68, 68, 68); font-family: tahoma, arial, 宋体, sans-serif; line-height: 18px;">微视频资源&nbsp;</span>', 0, '', 0, 0, '', 0, 1, '', 0, '', '|'),
(683, '<span style="color: rgb(68, 68, 68); font-family: tahoma, arial, 宋体, sans-serif; line-height: 18px;">微视频资源&nbsp;</span>', 0, '', 0, 0, '', 0, 1, '', 0, '', '|'),
(684, '翻转后视频翻转后视频', 0, '', 0, 0, '', 0, 1, '', 0, '', '|'),
(685, '翻转后视频', 0, '', 0, 0, '', 0, 1, '', 0, '', '|'),
(686, '翻转后视频', 0, '', 0, 0, '', 0, 1, '', 0, '', '|');

-- --------------------------------------------------------

--
-- 表的结构 `v9_video_store`
--

CREATE TABLE IF NOT EXISTS `v9_video_store` (
  `videoid` int(10) unsigned NOT NULL AUTO_INCREMENT,
  `title` char(60) NOT NULL,
  `vid` char(40) NOT NULL,
  `keywords` char(40) NOT NULL,
  `description` char(255) NOT NULL,
  `status` tinyint(3) NOT NULL DEFAULT '0',
  `listorder` smallint(5) unsigned NOT NULL DEFAULT '0',
  `addtime` int(10) unsigned NOT NULL DEFAULT '0',
  `userid` mediumint(8) unsigned NOT NULL DEFAULT '0',
  `picpath` char(120) NOT NULL,
  `size` char(20) NOT NULL,
  `timelen` mediumint(9) NOT NULL DEFAULT '0',
  `userupload` tinyint(1) NOT NULL DEFAULT '0',
  `channelid` tinyint(3) unsigned NOT NULL DEFAULT '0',
  PRIMARY KEY (`videoid`),
  KEY `videoid` (`videoid`,`status`)
) ENGINE=MyISAM DEFAULT CHARSET=utf8 AUTO_INCREMENT=1 ;

-- --------------------------------------------------------

--
-- 表的结构 `v9_vote_data`
--

CREATE TABLE IF NOT EXISTS `v9_vote_data` (
  `userid` mediumint(8) unsigned DEFAULT '0',
  `username` char(20) NOT NULL,
  `subjectid` mediumint(8) unsigned NOT NULL DEFAULT '0',
  `time` int(10) unsigned NOT NULL DEFAULT '0',
  `ip` char(15) NOT NULL,
  `data` text NOT NULL,
  `userinfo` text NOT NULL,
  KEY `subjectid` (`subjectid`),
  KEY `userid` (`userid`),
  KEY `ip` (`ip`)
) ENGINE=MyISAM DEFAULT CHARSET=utf8;

-- --------------------------------------------------------

--
-- 表的结构 `v9_vote_option`
--

CREATE TABLE IF NOT EXISTS `v9_vote_option` (
  `optionid` mediumint(8) unsigned NOT NULL AUTO_INCREMENT,
  `siteid` smallint(5) unsigned DEFAULT '0',
  `subjectid` mediumint(8) unsigned NOT NULL DEFAULT '0',
  `option` varchar(255) NOT NULL,
  `image` varchar(100) DEFAULT NULL,
  `listorder` tinyint(2) unsigned DEFAULT '0',
  PRIMARY KEY (`optionid`),
  KEY `subjectid` (`subjectid`)
) ENGINE=MyISAM DEFAULT CHARSET=utf8 AUTO_INCREMENT=1 ;

-- --------------------------------------------------------

--
-- 表的结构 `v9_vote_subject`
--

CREATE TABLE IF NOT EXISTS `v9_vote_subject` (
  `subjectid` mediumint(8) unsigned NOT NULL AUTO_INCREMENT,
  `siteid` smallint(5) unsigned DEFAULT '0',
  `subject` char(255) NOT NULL,
  `ismultiple` tinyint(1) unsigned NOT NULL DEFAULT '0',
  `ischeckbox` tinyint(1) unsigned NOT NULL DEFAULT '0',
  `credit` smallint(5) unsigned NOT NULL DEFAULT '0',
  `addtime` int(10) unsigned NOT NULL DEFAULT '0',
  `fromdate` date NOT NULL DEFAULT '0000-00-00',
  `todate` date NOT NULL DEFAULT '0000-00-00',
  `interval` tinyint(3) unsigned NOT NULL DEFAULT '0',
  `enabled` tinyint(1) unsigned NOT NULL DEFAULT '1',
  `template` char(20) NOT NULL,
  `description` text NOT NULL,
  `listorder` smallint(5) unsigned NOT NULL DEFAULT '0',
  `allowguest` tinyint(1) unsigned NOT NULL DEFAULT '1',
  `maxval` tinyint(2) unsigned NOT NULL DEFAULT '0',
  `minval` tinyint(1) unsigned NOT NULL DEFAULT '1',
  `allowview` tinyint(1) unsigned NOT NULL DEFAULT '1',
  `optionnumber` tinyint(3) unsigned NOT NULL DEFAULT '0',
  `votenumber` mediumint(8) unsigned NOT NULL DEFAULT '0',
  PRIMARY KEY (`subjectid`),
  KEY `enabled` (`enabled`),
  KEY `fromdate` (`fromdate`,`todate`),
  KEY `todate` (`todate`)
) ENGINE=MyISAM DEFAULT CHARSET=utf8 AUTO_INCREMENT=1 ;

-- --------------------------------------------------------

--
-- 表的结构 `v9_wap`
--

CREATE TABLE IF NOT EXISTS `v9_wap` (
  `siteid` smallint(5) unsigned NOT NULL DEFAULT '1',
  `sitename` char(30) NOT NULL,
  `logo` char(100) DEFAULT NULL,
  `domain` varchar(100) DEFAULT NULL,
  `setting` mediumtext,
  `status` tinyint(2) DEFAULT NULL,
  PRIMARY KEY (`siteid`)
) ENGINE=MyISAM DEFAULT CHARSET=utf8;

--
-- 转存表中的数据 `v9_wap`
--

INSERT INTO `v9_wap` (`siteid`, `sitename`, `logo`, `domain`, `setting`, `status`) VALUES
(1, '手机门户', '/statics/images/wap/wlogo.gif', '', 'array (\n  ''listnum'' => ''10'',\n  ''thumb_w'' => ''220'',\n  ''thumb_h'' => ''0'',\n  ''c_num'' => ''1000'',\n  ''index_template'' => ''index'',\n  ''category_template'' => ''category'',\n  ''list_template'' => ''list'',\n  ''show_template'' => ''show'',\n  ''hotwords'' => '''',\n)', 1);

-- --------------------------------------------------------

--
-- 表的结构 `v9_wap_type`
--

CREATE TABLE IF NOT EXISTS `v9_wap_type` (
  `typeid` smallint(5) NOT NULL AUTO_INCREMENT,
  `cat` smallint(5) NOT NULL,
  `parentid` smallint(5) NOT NULL,
  `typename` varchar(30) NOT NULL,
  `siteid` smallint(5) NOT NULL,
  `listorder` smallint(5) DEFAULT '0',
  PRIMARY KEY (`typeid`)
) ENGINE=MyISAM DEFAULT CHARSET=utf8 AUTO_INCREMENT=1 ;

-- --------------------------------------------------------

--
-- 表的结构 `v9_workflow`
--

CREATE TABLE IF NOT EXISTS `v9_workflow` (
  `workflowid` smallint(5) unsigned NOT NULL AUTO_INCREMENT,
  `siteid` smallint(5) unsigned NOT NULL DEFAULT '0',
  `steps` tinyint(1) unsigned NOT NULL DEFAULT '1',
  `workname` varchar(20) NOT NULL,
  `description` varchar(255) NOT NULL,
  `setting` text NOT NULL,
  `flag` tinyint(1) unsigned NOT NULL DEFAULT '0',
  PRIMARY KEY (`workflowid`)
) ENGINE=MyISAM  DEFAULT CHARSET=utf8 AUTO_INCREMENT=5 ;

--
-- 转存表中的数据 `v9_workflow`
--

INSERT INTO `v9_workflow` (`workflowid`, `siteid`, `steps`, `workname`, `description`, `setting`, `flag`) VALUES
(1, 1, 1, '一级审核', '审核一次', '', 0),
(2, 1, 2, '二级审核', '审核两次', '', 0),
(3, 1, 3, '三级审核', '审核三次', '', 0),
(4, 1, 4, '四级审核', '审核四次', 'array (\n  1 => '''',\n  2 => '''',\n  3 => '''',\n  4 => '''',\n  ''nocheck_users'' => '''',\n)', 0);

-- --------------------------------------------------------

--
-- 表的结构 `v9_zhuanji`
--

CREATE TABLE IF NOT EXISTS `v9_zhuanji` (
  `id` mediumint(8) unsigned NOT NULL AUTO_INCREMENT,
  `catid` smallint(5) unsigned NOT NULL DEFAULT '0',
  `typeid` smallint(5) unsigned NOT NULL,
  `title` char(80) NOT NULL DEFAULT '',
  `style` char(24) NOT NULL DEFAULT '',
  `thumb` varchar(100) NOT NULL DEFAULT '',
  `keywords` char(40) NOT NULL DEFAULT '',
  `description` char(255) NOT NULL DEFAULT '',
  `posids` tinyint(1) unsigned NOT NULL DEFAULT '0',
  `url` char(100) NOT NULL,
  `listorder` tinyint(3) unsigned NOT NULL DEFAULT '0',
  `status` tinyint(2) unsigned NOT NULL DEFAULT '1',
  `sysadd` tinyint(1) unsigned NOT NULL DEFAULT '0',
  `islink` tinyint(1) unsigned NOT NULL DEFAULT '0',
  `username` char(20) NOT NULL,
  `inputtime` int(10) unsigned NOT NULL DEFAULT '0',
  `updatetime` int(10) unsigned NOT NULL DEFAULT '0',
  PRIMARY KEY (`id`),
  KEY `status` (`status`,`listorder`,`id`),
  KEY `listorder` (`catid`,`status`,`listorder`,`id`),
  KEY `catid` (`catid`,`status`,`id`)
) ENGINE=MyISAM  DEFAULT CHARSET=utf8 AUTO_INCREMENT=2 ;

-- --------------------------------------------------------

--
-- 表的结构 `v9_zhuanji_data`
--

CREATE TABLE IF NOT EXISTS `v9_zhuanji_data` (
  `id` mediumint(8) unsigned DEFAULT '0',
  `content` text NOT NULL,
  `readpoint` smallint(5) unsigned NOT NULL DEFAULT '0',
  `groupids_view` varchar(100) NOT NULL,
  `paginationtype` tinyint(1) NOT NULL,
  `maxcharperpage` mediumint(6) NOT NULL,
  `template` varchar(30) NOT NULL,
  `paytype` tinyint(1) unsigned NOT NULL DEFAULT '0',
  `allow_comment` tinyint(1) unsigned NOT NULL DEFAULT '1',
  `relation` varchar(255) NOT NULL DEFAULT '',
  KEY `id` (`id`)
) ENGINE=MyISAM DEFAULT CHARSET=utf8;

/*!40101 SET CHARACTER_SET_CLIENT=@OLD_CHARACTER_SET_CLIENT */;
/*!40101 SET CHARACTER_SET_RESULTS=@OLD_CHARACTER_SET_RESULTS */;
/*!40101 SET COLLATION_CONNECTION=@OLD_COLLATION_CONNECTION */;
